pmid,year,first_author,authors_full,n_authors,title,journal,doi,theme,themes_all,relevance,source,note,abstract,volume,issue,pages,elocation,apa
34693407.0,2021,"Adewole, S.","Adewole, S.; Yeghyayan, M.; Hyatt, D.; Ehsan, L.; Jablonski, J.; Copland, A.; Syed, S.; Brown, D.",8,Deep Learning Methods for Anatomical Landmark Detection in Video Capsule Endoscopy Images.,Proceedings of the Future Technologies Conference (FTC) 2020. Future Technologies Conference (2020 : Online),10.1007/978-3-030-63128-4_32,T1 Landmark recognition in UGI endoscopy,T1 Landmark recognition in UGI endoscopy,4.0,database search (PubMed/MEDLINE),,"Video capsule endoscope (VCE) is an emerging technology that allows examination of the entire gastrointestinal (GI) tract with minimal invasion. While traditional endoscopy with biopsy procedures are the gold standard for diagnosis of most GI diseases, they are limited by how far the scope can be advanced in the tract and are also invasive. VCE allows gastroenterologists to investigate GI tract abnormalities in detail with visualization of all parts of the GI tract. It captures continuous real time images as it is propelled in the GI tract by gut motility. Even though VCE allows for thorough examination, reviewing and analyzing up to eight hours of images (compiled as videos) is tedious and not cost effective. In order to pave way for automation of VCE-based GI disease diagnosis, detecting the location of the capsule would allow for a more focused analysis as well as abnormality detection in each region of the GI tract. In this paper, we compared four deep Convolutional Neural Network models for feature extraction and detection of the anatomical part within the GI tract captured by VCE images. Our results showed that VGG-Net has superior performance with the highest average accuracy, precision, recall and, F1-score compared to other state of the art architectures: GoogLeNet, AlexNet and, ResNet.",1288,,426-434,10.1007/978-3-030-63128-4_32,"Adewole, S., Yeghyayan, M., Hyatt, D., Ehsan, L., Jablonski, J., Copland, A., Syed, S., & Brown, D. (2021). Deep Learning Methods for Anatomical Landmark Detection in Video Capsule Endoscopy Images. *Proceedings of the Future Technologies Conference (FTC) 2020. Future Technologies Conference (2020 : Online)*, *1288*, 426-434. https://doi.org/10.1007/978-3-030-63128-4_32"
41746872.0,2026,"Ahn, B. Y.","Ahn, B. Y.; Kim, J. Y.; Chung, H.",3,"Diagnosis of Gastric Intestinal Metaplasia: Histology, Endoscopy, and Artificial Intelligence.",Digestion,10.1159/000551238,T6 External validation & dataset shift,T6 External validation & dataset shift,3.0,database search (PubMed/MEDLINE),,"Gastric intestinal metaplasia (GIM) is a well-established precancerous lesion and key biomarker for assessing the risk of gastric cancer. Histological classification into complete and incomplete types, along with the Operative Link on Gastric Intestinal Metaplasia, provides valuable prognostic information, with stages III-IV strongly associated with cancer development. Therefore, an accurate diagnosis and appropriate surveillance of GIM are essential. This review highlights the epidemiology, histological subtypes, and staging systems of GIM, and evaluates the performance of endoscopic modalities, including conventional white-light endoscopy (WLE), chromoendoscopy, and image-enhanced endoscopy (IEE). Conventional WLE has limited sensitivity and specificity for detecting GIM. In contrast, IEE techniques and scoring systems, such as the Endoscopic Grading of Gastric Intestinal Metaplasia (EGGIM), improve detection, demonstrate a strong correlation with histology, and enable endoscopic risk stratification. Although these methods increase the diagnostic yield, their accuracy remains dependent on operator experience and training. To address this limitation, artificial intelligence (AI) has attracted significant attention. Recent studies have reported that AI-assisted endoscopy achieves sensitivities and specificities exceeding 90%, often outperforming human endoscopists. AI applications extend beyond detection to real-time segmentation, automated EGGIM scoring, and pathological image analyses. However, challenges remain, including the need for external validation, management of data heterogeneity, generalizability beyond Asian cohorts, and development of explainable AI. (i) GIM is a critical biomarker for gastric cancer prevention that requires accurate diagnosis and surveillance. (ii) IEE techniques substantially improve endoscopic detection compared to WLE, although interobserver variability remains. (iii) AI demonstrates excellent diagnostic accuracy for GIM and may help overcome the human limitations in detection and grading. (iv) Future directions include prospective multicenter validation, real-time video-based AI, and integration of explainable and ethically sound AI systems into clinical practice.",,,1-15,10.1159/000551238,"Ahn, B. Y., Kim, J. Y., & Chung, H. (2026). Diagnosis of Gastric Intestinal Metaplasia: Histology, Endoscopy, and Artificial Intelligence. *Digestion*, 1-15. https://doi.org/10.1159/000551238"
40021229.0,2025,"Antonelli, G.","Antonelli, G.; Eelbode, T.; Elsaman, T.; Sharma, M.; Bisschops, R.; Hassan, C.",6,Building Machine Learning Models in Gastrointestinal Endoscopy.,Gastrointestinal endoscopy clinics of North America,10.1016/j.giec.2024.07.008,T6 External validation & dataset shift,T6 External validation & dataset shift,3.0,database search (PubMed/MEDLINE),,"The current landscape of machine learning models in GI endoscopy is fraught with considerable variability in methodologies and quality, posing challenges for validation and generalization. To ensure the effective integration of AI in clinical practice, it is crucial to develop and validate models rigorously across diverse and representative datasets. This involves standardizing reference standards, ensuring thorough external validation, using representative patient populations, and incorporating a range of image qualities. Addressing these methodological discrepancies will enhance the reliability and robustness of AI models, thereby facilitating their adoption and improving patient care in GI endoscopy.",35,2,279-290,10.1016/j.giec.2024.07.008,"Antonelli, G., Eelbode, T., Elsaman, T., Sharma, M., Bisschops, R., & Hassan, C. (2025). Building Machine Learning Models in Gastrointestinal Endoscopy. *Gastrointestinal endoscopy clinics of North America*, *35*(2), 279-290. https://doi.org/10.1016/j.giec.2024.07.008"
41226916.0,2025,"Bharwad, A. V.","Bharwad, A. V.; Ahuja, R.; Jain, P.; Wadhwa, V.",4,"Artificial Intelligence in Pancreatobiliary Endoscopy: Current Advances, Opportunities, and Challenges.",Journal of clinical medicine,10.3390/jcm14217519,T6 External validation & dataset shift,T6 External validation & dataset shift,3.0,database search (PubMed/MEDLINE),,"Pancreaticobiliary endoscopy, encompassing endoscopic ultrasound (EUS), endoscopic retrograde cholangiopancreatography (ERCP), and digital single-operator cholangioscopy (DSOC), is essential for diagnosing and managing pancreatic and biliary diseases. However, these procedures are limited by operator dependency, variable diagnostic accuracy, and technical complexity. Artificial intelligence (AI), particularly through machine learning (ML) and deep learning (DL), has emerged as a promising tool to address these challenges. Early studies show that AI can enhance lesion detection, improve differentiation of pancreatic masses, classify cystic lesions, and aid in diagnosing malignant biliary strictures. AI has also been used to predict post-ERCP pancreatitis risk and reduce radiation exposure during ERCP. Despite this promise, current AI models are largely experimental-limited by small, single-center datasets, lack of external validation, and no FDA-approved systems for these indications. Major barriers include inconsistent data acquisition, limited interoperability across hardware platforms, and integration into real-time workflows. Future progress depends on multicenter data sharing, standardized imaging protocols, interpretable AI design, and regulatory pathways for model deployment and updates. AI can be developed as a valuable partner to endoscopists, enhancing diagnostic accuracy, reducing complications, and supporting more efficient, personalized care in pancreaticobiliary endoscopy.",14,21,,7519,"Bharwad, A. V., Ahuja, R., Jain, P., & Wadhwa, V. (2025). Artificial Intelligence in Pancreatobiliary Endoscopy: Current Advances, Opportunities, and Challenges. *Journal of clinical medicine*, *14*(21). https://doi.org/10.3390/jcm14217519"
,2020,"Borgli, H.","Borgli, H.; Thambawita, V.; Smedsrud, P. H.; et al.",4,"HyperKvasir, a comprehensive multi-class image and video dataset for gastrointestinal endoscopy",Scientific Data,10.1038/s41597-020-00622-y,T1 Landmark recognition in UGI endoscopy,T1 Landmark recognition in UGI endoscopy,,"other methods (hand-searched, not MEDLINE-indexed)",Candidate external-validation cohort (shared landmarks).,,,,,,"Borgli, H., Thambawita, V., Smedsrud, P. H., & et al. (2020). HyperKvasir, a comprehensive multi-class image and video dataset for gastrointestinal endoscopy. *Scientific Data*. https://doi.org/10.1038/s41597-020-00622-y"
40055348.0,2025,"Carmo, D. S.","Carmo, D. S.; Pezzulo, A. A.; Villacreses, R. A.; Eisenbeisz, M. L.; Anderson, R. L.; Dorin, S. E. V.; Rittner, L.; Lotufo, R. A.; Gerard, S. E.; Reinhardt, J. M.; Comellas, A. P.",11,Manual segmentation of opacities and consolidations on CT of long COVID patients from multiple annotators.,Scientific data,10.1038/s41597-025-04709-2,T4 Noisy / soft / multi-annotator labels,T4 Noisy / soft / multi-annotator labels,3.0,database search (PubMed/MEDLINE),,"The field of supervised automated medical imaging segmentation suffers from relatively small datasets with ground truth labels. This is especially true for challenging segmentation problems that target structures with low contrast and ambiguous boundaries, such as ground glass opacities and consolidation in chest computed tomography images. In this work, we make available the first public dataset of ground glass opacity and consolidation in the lungs of Long COVID patients. The Long COVID Iowa-UNICAMP dataset (LongCIU) was built by three independent expert annotators, blindly segmenting the same 90 selected axial slices manually, without using any automated initialization. The public dataset includes the final consensus segmentation in addition to the individual segmentation from each annotator (360 slices total). This dataset is a valuable resource for training and validating new automated segmentation methods and for studying interrater uncertainty in the segmentation of lung opacities in computed tomography.",12,1,402,402,"Carmo, D. S., Pezzulo, A. A., Villacreses, R. A., Eisenbeisz, M. L., Anderson, R. L., Dorin, S. E. V., Rittner, L., Lotufo, R. A., Gerard, S. E., Reinhardt, J. M., & Comellas, A. P. (2025). Manual segmentation of opacities and consolidations on CT of long COVID patients from multiple annotators. *Scientific data*, *12*(1), 402. https://doi.org/10.1038/s41597-025-04709-2"
23780842.0,2013,"Chang, S. S.","Chang, S. S.; Shukla, R.; Polydorides, A. D.; Vila, P. M.; Lee, M.; Han, H.; Kedia, P.; Lewis, J.; Gonzalez, S.; Kim, M. K.; Harpaz, N.; Godbold, J.; Richards-Kortum, R.; Anandasabapathy, S.",14,High resolution microendoscopy for classification of colorectal polyps.,Endoscopy,10.1055/s-0032-1326502,T3 Inter-observer variability in endoscopy,T3 Inter-observer variability in endoscopy,6.0,database search (PubMed/MEDLINE),,"It can be difficult to distinguish adenomas from benign polyps during routine colonoscopy. High resolution microendoscopy (HRME) is a novel method for imaging colorectal mucosa with subcellular detail. HRME criteria for the classification of colorectal neoplasia have not been previously described. Study goals were to develop criteria to characterize HRME images of colorectal mucosa (normal, hyperplastic polyps, adenomas, cancer) and to determine the accuracy and interobserver variability for the discrimination of neoplastic from non-neoplastic polyps when these criteria were applied by novice and expert microendoscopists. Two expert pathologists created consensus HRME image criteria using images from 68 patients with polyps who had undergone colonoscopy plus HRME. Using these criteria, HRME expert and novice microendoscopists were shown a set of training images and then tested to determine accuracy and interobserver variability. Expert microendoscopists identified neoplasia with sensitivity, specificity, and accuracy of 67 % (95 % confidence interval [CI] 58 % - 75 %), 97 % (94 % - 100 %), and 87 %, respectively. Nonexperts achieved sensitivity, specificity, and accuracy of 73 % (66 % - 80 %), 91 % (80 % - 100 %), and 85 %, respectively. Overall, neoplasia were identified with sensitivity 70 % (65 % - 76 %), specificity 94 % (87 % - 100 %), and accuracy 85 %. Kappa values were: experts 0.86; nonexperts 0.72; and overall 0.78. Using the new criteria, observers achieved high specificity and substantial interobserver agreement for distinguishing benign polyps from neoplasia. Increased expertise in HRME imaging improves accuracy. This low-cost microendoscopic platform may be an alternative to confocal microendoscopy in lower-resource or community-based settings.",45,7,553-9,10.1055/s-0032-1326502,"Chang, S. S., Shukla, R., Polydorides, A. D., Vila, P. M., Lee, M., Han, H., Kedia, P., Lewis, J., Gonzalez, S., Kim, M. K., Harpaz, N., Godbold, J., Richards-Kortum, R., & Anandasabapathy, S. (2013). High resolution microendoscopy for classification of colorectal polyps. *Endoscopy*, *45*(7), 553-9. https://doi.org/10.1055/s-0032-1326502"
40592476.0,2025,"Chen, S.","Chen, S.; Li, Y.; Wang, H.; Chen, M.; Wang, C.; Pan, W.; Ma, J.; Ji, T.; Hong, J.; Hu, D.; Sheng, X.; Jiang, J.; Wang, S.",13,A novel artificial intelligence-based system for quality monitoring during esophagogastroduodenoscopy: a multicenter randomized controlled study.,Endoscopy,10.1055/a-2626-0069,T2 Endoscopic quality & blind-spot audit,T2 Endoscopic quality & blind-spot audit,3.0,database search (PubMed/MEDLINE),,"Esophagogastroduodenoscopy (EGD) is the pivotal procedure for diagnosis of upper gastrointestinal (UGI) lesions. However, significant variation in EGD performance among endoscopists impacts detection rates of UGI cancers and precursor lesions. We developed a novel EGD quality monitoring system and evaluated its effectiveness in a randomized controlled study. The endoscopy quality control assistant (EQCA) was developed using deep convolutional neural networks and long short-term memory. Patients (≥18 years) undergoing EGD in seven hospitals were consecutively enrolled and randomly assigned to the EQCA-assisted group or control group. The primary outcome was the detection rate for cancer-related lesions (low and high grade intraepithelial neoplasia and cancer) and cancer (early and advanced cancer) in the UGI tract. After randomization and exclusions, 16 005 patients in the control group and 16 012 in the EQCA group were analyzed. Detection rates for UGI cancer-related lesions and cancer were significantly higher in the EQCA group than in the control group (8.00% vs. 5.55%; 1.93% vs. 1.21%; both P < 0.001). The EQCA group had a higher operation score, reflecting examination quality, and longer inspection time than the control group. The detection rate for UGI cancer-related lesions was positively correlated with operation score (r = 0.9217, P < 0.001) and inspection time (r = 0.8943, P < 0.001) for each hospital. The use of EQCA during EGD was associated with increased detection of UGI cancer and precancerous lesions. Our novel EQCA system can be an effective tool for monitoring real-time EGD quality.",57,11,1185-1194,10.1055/a-2626-0069,"Chen, S., Li, Y., Wang, H., Chen, M., Wang, C., Pan, W., Ma, J., Ji, T., Hong, J., Hu, D., Sheng, X., Jiang, J., & Wang, S. (2025). A novel artificial intelligence-based system for quality monitoring during esophagogastroduodenoscopy: a multicenter randomized controlled study. *Endoscopy*, *57*(11), 1185-1194. https://doi.org/10.1055/a-2626-0069"
,1960,"Cohen, J.","Cohen, J.",1,A Coefficient of Agreement for Nominal Scales,Educational and Psychological Measurement,10.1177/001316446002000104,T3 Inter-observer variability in endoscopy,T3 Inter-observer variability in endoscopy,,"other methods (hand-searched, not MEDLINE-indexed)",Cohen's kappa; the pairwise agreement statistic.,,,,,,"Cohen, J. (1960). A Coefficient of Agreement for Nominal Scales. *Educational and Psychological Measurement*. https://doi.org/10.1177/001316446002000104"
25883057.0,2015,"D'Antiga, L.","D'Antiga, L.; Betalli, P.; De Angelis, P.; Davenport, M.; Di Giorgio, A.; McKiernan, P. J.; McLin, V.; Ravelli, P.; Durmaz, O.; Talbotec, C.; Sturm, E.; Woynarowski, M.; Burroughs, A. K.",13,Interobserver Agreement on Endoscopic Classification of Oesophageal Varices in Children.,Journal of pediatric gastroenterology and nutrition,10.1097/MPG.0000000000000822,T3 Inter-observer variability in endoscopy,T3 Inter-observer variability in endoscopy,5.0,database search (PubMed/MEDLINE),,"Data regarding agreement on endoscopic features of oesophageal varices in children with portal hypertension (PH) are scant. The aim of this study was to evaluate endoscopic visualisation and classification of oesophageal varices in children by several European clinicians, to build a rational basis for future multicentre trials. Endoscopic pictures of the distal oesophagus of 100 children with a clinical diagnosis of PH were distributed to 10 endoscopists. Observers were requested to classify variceal size according to a 3-degree scale (small, medium, and large, class A), a 2-degree scale (small and large, class B), and to recognise red wales (presence or absence, class Red). Overall agreement was considered fair if Fleiss and Cohen κ test was ≥0.30, good if ≥0.40, excellent if ≥0.60, and perfect if ≥0.80. Agreement between observers was fair with class A (κ = 0.34) and class B (κ = 0.38), and good with class Red (κ = 0.49). The agreement was good on presence versus absence of varices (class A = 0.53, class B = 0.48). The agreement among the observers was good in class A when endoscopic features of severe PH (medium and large sizes, red marks) were grouped and compared with mild features (absent and small varices) (κ = 0.58). Experts working in different centres show a fairly good agreement on endoscopic features of PH in children, although a better training of paediatric endoscopists may improve the agreement in grading severity of varices in this setting.",61,2,176-81,10.1097/MPG.0000000000000822,"D'Antiga, L., Betalli, P., De Angelis, P., Davenport, M., Di Giorgio, A., McKiernan, P. J., McLin, V., Ravelli, P., Durmaz, O., Talbotec, C., Sturm, E., Woynarowski, M., & Burroughs, A. K. (2015). Interobserver Agreement on Endoscopic Classification of Oesophageal Varices in Children. *Journal of pediatric gastroenterology and nutrition*, *61*(2), 176-81. https://doi.org/10.1097/MPG.0000000000000822"
41859029.0,2026,"Darby, P.","Darby, P.; Kilgour, E.; Then, C. K.; Bromiley, A.; McLellan, J.; Kiltie, A. E.",6,Inter-observer variability in radiotherapy contouring with the use of autocontouring software: A systematic review.,Clinical and translational radiation oncology,10.1016/j.ctro.2026.101144,T4 Noisy / soft / multi-annotator labels,T4 Noisy / soft / multi-annotator labels,2.0,database search (PubMed/MEDLINE),,"Inter-observer variability (IOV) in radiotherapy contouring remains a significant source of uncertainty, especially for complex anatomical regions. Autocontouring software, including both atlas-based and deep-learning-based models, aims to improve contouring consistency and reduce workload. A systematic review was conducted in accordance with PRISMA guidelines to evaluate the impact of autocontouring software on IOV. Twenty-five eligible studies were identified that quantitatively assessed IOV using these tools. Extracted data included anatomical site, observer and case numbers, contouring method and evaluation metrics. Most studies reported significant reductions in IOV with the use of autocontouring. Edited autocontours frequently achieved mean Dice Similarity Coefficient (DSC) values above 0.85 for clinical and planning target volumes and 0.90 for organs at risk (OARs) with well-defined anatomy, using deep learning methods. Deep-learning-based models demonstrated greater consistency compared to atlas-based methods. Structures such as the lungs, heart and bladder showed the most substantial improvements, while anatomically indistinct targets such as the prostate bed and pelvic lymph nodes showed limited benefit. However, discrepancies remained between observers for certain structures despite the use of automation. Overall, autocontouring tools, particularly deep-learning models, improve contouring consistency in radiotherapy planning. However, performance is strongly influenced by anatomical complexity and segmentation method. Larger multi-institutional studies and standardised evaluation protocols are needed to support widespread clinical adoption and strengthen quality assurance.",58,,101144,101144,"Darby, P., Kilgour, E., Then, C. K., Bromiley, A., McLellan, J., & Kiltie, A. E. (2026). Inter-observer variability in radiotherapy contouring with the use of autocontouring software: A systematic review. *Clinical and translational radiation oncology*, *58*, 101144. https://doi.org/10.1016/j.ctro.2026.101144"
37087899.0,2023,"Del Amor, R.","Del Amor, R.; Silva-Rodríguez, J.; Naranjo, V.",3,Labeling confidence for uncertainty-aware histology image classification.,Computerized medical imaging and graphics : the official journal of the Computerized Medical Imaging Society,10.1016/j.compmedimag.2023.102231,T4 Noisy / soft / multi-annotator labels,T4 Noisy / soft / multi-annotator labels; T5 Uncertainty & calibration,5.0,database search (PubMed/MEDLINE),,"Deep learning-based models applied to digital pathology require large, curated datasets with high-quality (HQ) annotations to perform correctly. In many cases, recruiting expert pathologists to annotate large databases is not feasible, and it is necessary to collect additional labeled data with varying label qualities, e.g., pathologists-in-training (henceforth, non-expert annotators). Learning from datasets with noisy labels is more challenging in medical applications since medical imaging datasets tend to have instance-dependent noise and suffer from high inter/intra-observer variability. In this paper, we design an uncertainty-driven labeling strategy with which we generate soft labels from 10 non-expert annotators for multi-class skin cancer classification. Based on this soft annotation, we propose an uncertainty estimation-based framework to handle these noisy labels. This framework is based on a novel formulation using a dual-branch min-max entropy calibration to penalize inexact labels during the training. Comprehensive experiments demonstrate the promising performance of our labeling strategy. Results show a consistent improvement by using soft labels with standard cross-entropy loss during training (∼4.0% F1-score) and increases when calibrating the model with the proposed min-max entropy calibration (∼6.6% F1-score). These improvements are produced at negligible cost, both in terms of annotation and calculation.",107,,102231,10.1016/j.compmedimag.2023.102231,"Del Amor, R., Silva-Rodríguez, J., & Naranjo, V. (2023). Labeling confidence for uncertainty-aware histology image classification. *Computerized medical imaging and graphics : the official journal of the Computerized Medical Imaging Society*, *107*, 102231. https://doi.org/10.1016/j.compmedimag.2023.102231"
40707749.0,2025,"Djinbachian, R.","Djinbachian, R.; Alj, A.; Medawar, E.; Pioche, M.; Saito, Y.; Sethi, A.; Chiu, P.; Marks, J.; Sebajang, H.; Pawlak, K.; Chennouf, A.; Benard, F.; Ide, Y.; Dang, F.; von Renteln, D.",15,"Interobserver Agreement for the Paris Classification of Colorectal Lesions Amongst Surgeons, Gastroenterologists, Trainees and Experts: A Video-Based Study.",Digestive diseases and sciences,10.1007/s10620-025-09215-4,T3 Inter-observer variability in endoscopy,T3 Inter-observer variability in endoscopy,5.0,database search (PubMed/MEDLINE),,"Colonic polyps are described based on their macroscopic shape, according to the Paris classification. This represents a useful tool to communicate polyp and lesion morphology between endoscopists, however, the agreement between endoscopists on polyp morphology evaluation has not been demonstrated in the literature. We were interested in evaluating endoscopist agreement using the Paris classification. We conducted a prospective video-based study evaluating endoscopist assessment of lesion morphology. An international group of endoscopists including surgeons, gastroenterologists, experts and trainees were included. Primary outcome was overall inter-observer agreement for the Paris classification. Secondary outcomes were inter-observer agreement stratified by endoscopist characteristics. 11 endoscopists were included in the analysis with 1320 morphologic assessments of 120 individual polyps. There was low overall inter-observer agreement for the Paris classification with an overall Light's Kappa of 0.19 (95%CI 0.14-0.24). Agreement remained low for men (K = 0.25; 95%CI 0.20-0.30), women (K = 0.25; 95%CI 0.18-0.35), gastroenterologists (K = 0.23; 95%CI 0.19-0.29), surgeons (K = 0.11; 95%CI 0.05-0.18), trainees (K = 0.19; 95%CI 0.13-0.25), and experts (K = 0.16; 95%CI 0.11-0.22). Endoscopists who have received training on lesion evaluation in Asia had higher inter-observer agreement when using the Paris classification compared to endoscopists in the west (K = 0.50; 95%CI 0.42-0.59 vs 0.26; 95%CI 0.18-0.34). Agreement when using the Paris classification was low amongst a varied international group of surgeons, gastroenterologists, trainees and experts. Training in the east, where higher emphasis is placed on lesion characterization was associated with the highest inter-observer agreement.",70,12,4122-4129,10.1007/s10620-025-09215-4,"Djinbachian, R., Alj, A., Medawar, E., Pioche, M., Saito, Y., Sethi, A., Chiu, P., Marks, J., Sebajang, H., Pawlak, K., Chennouf, A., Benard, F., Ide, Y., Dang, F., & von Renteln, D. (2025). Interobserver Agreement for the Paris Classification of Colorectal Lesions Amongst Surgeons, Gastroenterologists, Trainees and Experts: A Video-Based Study. *Digestive diseases and sciences*, *70*(12), 4122-4129. https://doi.org/10.1007/s10620-025-09215-4"
41801173.0,2026,"Dong, Z.","Dong, Z.; Wu, L.; Du, H.; Tao, X.; Wang, J.; Zeng, X.; Zhu, Y.; Tan, S.; Wang, J.; Deng, M.; Yang, T.; Chen, C.; Wen, L.; Li, Y.; Jiang, C.; Tang, C.; Wang, Y.; Zhao, Z.; Wang, Q.; Yu, H.; Chen, C.; Ai, Y.; Pan, J.; Chen, F.; Guo, Q.; Mao, X.; Li, J.; Pang, H.; Hao, J.; Jiao, Y.; Wang, Q.; Zhang, H.; Ye, S.; Dang, T.; Yu, L.; Hu, S.; Zhou, W.; Deng, Y.; Li, Y.; Chen, B.; Xiao, B.; Liu, J.; Qin, J.; Zhang, T.; Bu, T.; Shi, J.; Wang, Y.; Zhang, H.; Lin, J.; Jin, L.; Yu, J.; Tang, B.; Tan, X.; Yu, L.; Yu, H.",55,"Effect of a Computer-Aided Device for Detecting Gastric Neoplasms: A Multicenter, Randomized Controlled Trial.",Gastroenterology,10.1053/j.gastro.2025.12.020,T2 Endoscopic quality & blind-spot audit,T2 Endoscopic quality & blind-spot audit,4.0,database search (PubMed/MEDLINE),,"Evidence about the effect of artificial intelligence (AI) on upper endoscopy in multicenter, randomized controlled trials is lacking. We aimed to explore whether AI can enhance gastric neoplasm detection. Participants from 24 hospitals in China from December 21, 2021, to November 11, 2023, were randomized to AI-assisted or nonassisted esophagogastroduodenoscopy. Primary outcome was detection rate of gastric neoplasms after pathologic review. Secondary outcomes included detection rate of gastric neoplasms before review, relative early gastric cancer detection ratio, detection rate of intestinal metaplasia and/or gastric atrophy before or after review, biopsy rate, number of blind spots, and procedure/inspection time. We did intention-to-treat (ITT), per-protocol, and exploratory subgroup analysis. In the ITT cohort, 29,514 patients were enrolled. AI did not improve detection rate of gastric neoplasm after pathological review (RR, 1.13; 0.92-1.38; 1.42 vs 1.25%; P = .25). However, based on original pathology, an improvement with AI was observed (RR, 1.14; 1.0-1.28; 4.06 vs 3.57%; P = .03). AI reduced blind spots number from 2.52 to 1.07 (P < .001) and prolonged procedure and inspection time. No significant differences were observed for relative early gastric cancer detection ratio or detection rate of intestinal metaplasia and/or gastric atrophy before/after pathologic review in ITT cohort. Subgroup analysis suggested potential benefit among less experienced endoscopists and during fatigue periods. In the experimental group, AI diagnosed 100%, 91.9%, and 57.1% of pathologically confirmed gastric adenocarcinoma, high-grade, and low-grade intraepithelial neoplasia, respectively. AI did not improve the detection rate of gastric neoplasms. Further real-world studies are needed to fully address the adaptability of AI. (Chinese Clinical Trial Registry, ChiCTR2100054449.).",170,7,1518-1532,10.1053/j.gastro.2025.12.020,"Dong, Z., Wu, L., Du, H., Tao, X., Wang, J., Zeng, X., Zhu, Y., Tan, S., Wang, J., Deng, M., Yang, T., Chen, C., Wen, L., Li, Y., Jiang, C., Tang, C., Wang, Y., Zhao, Z., Wang, Q., .. Yu, H. (2026). Effect of a Computer-Aided Device for Detecting Gastric Neoplasms: A Multicenter, Randomized Controlled Trial. *Gastroenterology*, *170*(7), 1518-1532. https://doi.org/10.1053/j.gastro.2025.12.020"
,2021,"Dosovitskiy, A.","Dosovitskiy, A.; Beyer, L.; Kolesnikov, A.; et al.",4,An Image is Worth 16x16 Words: Transformers for Image Recognition at Scale,International Conference on Learning Representations (ICLR),10.48550/arXiv.2010.11929,T1 Landmark recognition in UGI endoscopy,T1 Landmark recognition in UGI endoscopy,,"other methods (hand-searched, not MEDLINE-indexed)",Vision Transformer; alternative backbone family.,,,,,,"Dosovitskiy, A., Beyer, L., Kolesnikov, A., & et al. (2021). An Image is Worth 16x16 Words: Transformers for Image Recognition at Scale. *International Conference on Learning Representations (ICLR)*. https://doi.org/10.48550/arXiv.2010.11929"
39321961.0,2025,"Esposito, G.","Esposito, G.; Dilaghi, E.; Costa-Santos, C.; Ligato, I.; Annibale, B.; Dinis-Ribeiro, M.; Areia, M.",7,The Gastroscopy RAte of Cleanliness Evaluation (GRACE) Scale: an international reliability and validation study.,Endoscopy,10.1055/a-2422-0856,T3 Inter-observer variability in endoscopy,T3 Inter-observer variability in endoscopy,4.0,database search (PubMed/MEDLINE),,"Mucosal visualization during upper gastrointestinal (UGI) endoscopy can be impaired by the presence of foam, bubbles, and mucus. Some UGI endoscopy visibility scales have been proposed but have not undergone multicenter validation. This study aimed to develop and validate the Gastroscopy RAte of Cleanliness Evaluation (GRACE) scale. A multicenter, international, cross-sectional study was conducted. The GRACE scale is based on a score from 0 (worst) to 3 (excellent) for esophagus, stomach, and duodenum, for a total ranging from 0 to 9. In phase 1, four expert endoscopists evaluated 60 images twice, with a 2-week interval between rounds; in phase 2, the same 60 images were scored twice by one expert and one nonexpert endoscopist from 27 endoscopy departments worldwide. For reproducibility assessment and real-time validation, the scale was applied to consecutive patients undergoing gastroscopy at each center. On internal validation, interobserver agreement was 0.81 (95 %CI 0.73-0.87) and 0.80 (95 %CI 0.72-0.86), with reliability of 0.73 (95 %CI 0.63-0.82) and 0.72 (95 %CI 0.63-0.81), in the two rounds, respectively. On external validation, overall interobserver agreement was 0.85 (95 %CI 0.82-0.88) and reliability was 0.79 (95 %CI 0.73-0.84). In real-time evaluation, the overall proportion of correct classifications was 0.80 (95 %CI 0.77-0.82). The GRACE scale showed good interobserver agreement, reliability, and validity. The widespread use of this scale could enhance quality and standardize the assessment of mucosal cleanliness during UGI endoscopy, pushing endoscopists to strive for excellent visibility and reducing the risk of missed lesions.",57,4,312-320,10.1055/a-2422-0856,"Esposito, G., Dilaghi, E., Costa-Santos, C., Ligato, I., Annibale, B., Dinis-Ribeiro, M., & Areia, M. (2025). The Gastroscopy RAte of Cleanliness Evaluation (GRACE) Scale: an international reliability and validation study. *Endoscopy*, *57*(4), 312-320. https://doi.org/10.1055/a-2422-0856"
38820714.0,2024,"Fayyad, J.","Fayyad, J.; Alijani, S.; Najjaran, H.",3,Empirical validation of Conformal Prediction for trustworthy skin lesions classification.,Computer methods and programs in biomedicine,10.1016/j.cmpb.2024.108231,T5 Uncertainty & calibration,T5 Uncertainty & calibration,3.0,database search (PubMed/MEDLINE),,"Uncertainty quantification is a pivotal field that contributes to realizing reliable and robust systems. It becomes instrumental in fortifying safe decisions by providing complementary information, particularly within high-risk applications. existing studies have explored various methods that often operate under specific assumptions or necessitate substantial modifications to the network architecture to effectively account for uncertainties. The objective of this paper is to study Conformal Prediction, an emerging distribution-free uncertainty quantification technique, and provide a comprehensive understanding of the advantages and limitations inherent in various methods within the medical imaging field. In this study, we developed Conformal Prediction, Monte Carlo Dropout, and Evidential Deep Learning approaches to assess uncertainty quantification in deep neural networks. The effectiveness of these methods is evaluated using three public medical imaging datasets focused on detecting pigmented skin lesions and blood cell types. The experimental results demonstrate a significant enhancement in uncertainty quantification with the utilization of the Conformal Prediction method, surpassing the performance of the other two methods. Furthermore, the results present insights into the effectiveness of each uncertainty method in handling Out-of-Distribution samples from domain-shifted datasets. Our code is available at: github.com/jfayyad/ConformalDx. Our conclusion highlights a robust and consistent performance of conformal prediction across diverse testing conditions. This positions it as the preferred choice for decision-making in safety-critical applications.",253,,108231,10.1016/j.cmpb.2024.108231,"Fayyad, J., Alijani, S., & Najjaran, H. (2024). Empirical validation of Conformal Prediction for trustworthy skin lesions classification. *Computer methods and programs in biomedicine*, *253*, 108231. https://doi.org/10.1016/j.cmpb.2024.108231"
,1971,"Fleiss, J. L.","Fleiss, J. L.",1,Measuring nominal scale agreement among many raters,Psychological Bulletin,10.1037/h0031619,T3 Inter-observer variability in endoscopy,T3 Inter-observer variability in endoscopy,,"other methods (hand-searched, not MEDLINE-indexed)",Fleiss' kappa; the multi-rater agreement statistic used in Phase 0.,,,,,,"Fleiss, J. L. (1971). Measuring nominal scale agreement among many raters. *Psychological Bulletin*. https://doi.org/10.1037/h0031619"
,2016,"Gal, Y.","Gal, Y.; Ghahramani, Z.",2,Dropout as a Bayesian Approximation: Representing Model Uncertainty in Deep Learning,Proceedings of the 33rd International Conference on Machine Learning (ICML),10.48550/arXiv.1506.02142,T5 Uncertainty & calibration,T5 Uncertainty & calibration,,"other methods (hand-searched, not MEDLINE-indexed)",MC dropout; uncertainty baseline.,,,,,,"Gal, Y., & Ghahramani, Z. (2016). Dropout as a Bayesian Approximation: Representing Model Uncertainty in Deep Learning. *Proceedings of the 33rd International Conference on Machine Learning (ICML)*. https://doi.org/10.48550/arXiv.1506.02142"
38488970.0,2024,"Gangi-Burton, A.","Gangi-Burton, A.; Plumb, A. A.; De Paepe, K. N.; Godfrey, E. M.; Halligan, S.; Higginson, A.; Khwaja, S.; Patel, A.; Taylor, S.",9,Paris classification of colonic polyps using CT colonography: prospective cohort study of interobserver variation.,European radiology,10.1007/s00330-024-10631-9,T3 Inter-observer variability in endoscopy,T3 Inter-observer variability in endoscopy,5.0,database search (PubMed/MEDLINE),,"The Paris classification categorises colorectal polyp morphology. Interobserver agreement for Paris classification has been assessed at optical colonoscopy (OC) but not CT colonography (CTC). We aimed to determine the following: (1) interobserver agreement for the Paris classification using CTC between radiologists; (2) if radiologist experience influenced classification, gross polyp morphology, or polyp size; and (3) the extent to which radiologist classifications agreed with (a) colonoscopy and (b) a combined reference standard. Following ethical approval for this non-randomised prospective cohort study, seven radiologists from three hospitals classified 52 colonic polyps using the Paris system. We calculated interobserver agreement using Fleiss kappa and mean pairwise agreement (MPA). Absolute agreement was calculated between radiologists; between CTC and OC; and between CTC and a combined reference standard using all available imaging, colonoscopic, and histopathological data. Overall interobserver agreement between the seven readers was fair (Fleiss kappa 0.33; 95% CI 0.30-0.37; MPA 49.7%). Readers with < 1500 CTC experience had higher interobserver agreement (0.42 (95% CI 0.35-0.48) vs. 0.33 (95% CI 0.25-0.42)) and MPA (69.2% vs 50.6%) than readers with ≥ 1500 experience. There was substantial overall agreement for flat vs protuberant polyps (0.62 (95% CI 0.56-0.68)) with a MPA of 87.9%. Agreement between CTC and OC classifications was only 44%, and CTC agreement with the combined reference standard was 56%. Radiologist agreement when using the Paris classification at CT colonography is low, and radiologist classification agrees poorly with colonoscopy. Using the full Paris classification in routine CTC reporting is of questionable value. Interobserver agreement for radiologists using the Paris classification to categorise colorectal polyp morphology is only fair; routine use of the full Paris classification at CT colonography is questionable. • Overall interobserver agreement for the Paris classification at CT colonography (CTC) was only fair, and lower than for colonoscopy. • Agreement was higher for radiologists with < 1500 CTC experience and for larger polyps. There was substantial agreement when classifying polyps as protuberant vs flat. • Agreement between CTC and colonoscopic polyp classification was low (44%).",34,10,6877-6884,10.1007/s00330-024-10631-9,"Gangi-Burton, A., Plumb, A. A., De Paepe, K. N., Godfrey, E. M., Halligan, S., Higginson, A., Khwaja, S., Patel, A., & Taylor, S. (2024). Paris classification of colonic polyps using CT colonography: prospective cohort study of interobserver variation. *European radiology*, *34*(10), 6877-6884. https://doi.org/10.1007/s00330-024-10631-9"
38391619.0,2024,"Gao, Z.","Gao, Z.; Wittrup, E.; Najarian, K.",3,Leveraging Multi-Annotator Label Uncertainties as Privileged Information for Acute Respiratory Distress Syndrome Detection in Chest X-ray Images.,"Bioengineering (Basel, Switzerland)",10.3390/bioengineering11020133,T4 Noisy / soft / multi-annotator labels,T4 Noisy / soft / multi-annotator labels,5.0,database search (PubMed/MEDLINE),,"Acute Respiratory Distress Syndrome (ARDS) is a life-threatening lung injury for which early diagnosis and evidence-based treatment can improve patient outcomes. Chest X-rays (CXRs) play a crucial role in the identification of ARDS; however, their interpretation can be difficult due to non-specific radiological features, uncertainty in disease staging, and inter-rater variability among clinical experts, thus leading to prominent label noise issues. To address these challenges, this study proposes a novel approach that leverages label uncertainty from multiple annotators to enhance ARDS detection in CXR images. Label uncertainty information is encoded and supplied to the model as privileged information, a form of information exclusively available during the training stage and not during inference. By incorporating the Transfer and Marginalized (TRAM) network and effective knowledge transfer mechanisms, the detection model achieved a mean testing AUROC of 0.850, an AUPRC of 0.868, and an F1 score of 0.797. After removing equivocal testing cases, the model attained an AUROC of 0.973, an AUPRC of 0.971, and an F1 score of 0.921. As a new approach to addressing label noise in medical image analysis, the proposed model has shown superiority compared to the original TRAM, Confusion Estimation, and mean-aggregated label training. The overall findings highlight the effectiveness of the proposed methods in addressing label noise in CXRs for ARDS detection, with potential for use in other medical imaging domains that encounter similar challenges.",11,2,,133,"Gao, Z., Wittrup, E., & Najarian, K. (2024). Leveraging Multi-Annotator Label Uncertainties as Privileged Information for Acute Respiratory Distress Syndrome Detection in Chest X-ray Images. *Bioengineering (Basel, Switzerland)*, *11*(2). https://doi.org/10.3390/bioengineering11020133"
41398240.0,2025,"Gete, K. Y.","Gete, K. Y.; Ayele, A. A.",2,Deep-learning-based non-contrast CT for detecting acute ischemic stroke: a systematic review and HSROC meta-analysis of patient-level diagnostic accuracy.,BMC neurology,10.1186/s12883-025-04528-3,T7 Reporting standards for medical AI,T7 Reporting standards for medical AI,5.0,database search (PubMed/MEDLINE),,"Non-contrast CT (NCCT) is first-line imaging for suspected acute ischemic stroke (AIS) but has limited early sensitivity; deep learning (DL) may improve patient-level detection. To estimate the diagnostic accuracy of DL applied to NCCT for patient-level AIS detection and to examine prespecified sources of between-study heterogeneity. We searched MEDLINE, Embase, and Web of Science (January 2010-May 2025). Eligible prospective or retrospective diagnostic studies evaluated DL on NCCT against an appropriate reference standard and reported (or allowed reconstruction of) patient-level 2 × 2 data. Two-gate case-control and lesion-only reports were excluded. Dual reviewers screened/extracted data; risk of bias was assessed with QUADAS-2, and AI-reporting against items adapted from STARD-AI/CLAIM/CONSORT-AI. Bivariate random-effects/HSROC models summarized sensitivity and specificity. Prespecified moderators were posterior-fossa inclusion, reference-standard robustness, and validation type. Sensitivity analyses included external-only cohorts, robust standards, posterior-fossa inclusion, and a ""Direct AIS"" construct subset. Of 1,899 records, 16 studies met inclusion; 13 contributed patient-level data to meta-analysis. Summary sensitivity was 0.91 (95% CI, 0.81-0.96) and specificity 0.90 (0.85-0.94). Sensitivity was lower for externally validated models than internally validated ones (0.82 [0.67-0.91] vs. 0.95 [0.89-0.98]) with similar specificity (0.88 [0.83-0.92] vs. 0.93 [0.82-0.97]). Findings were directionally robust across sensitivity analyses. QUADAS-2 frequently indicated concerns in patient selection and index-test domains; AI-reporting quality was mostly moderate, and explicit external validation remained uncommon. DL applied to NCCT shows high accuracy for patient-level AIS detection. However, generalizability is the principal gap; broader external validation and guideline-concordant reporting are needed to support safe clinical adoption.",25,1,507,507,"Gete, K. Y., & Ayele, A. A. (2025). Deep-learning-based non-contrast CT for detecting acute ischemic stroke: a systematic review and HSROC meta-analysis of patient-level diagnostic accuracy. *BMC neurology*, *25*(1), 507. https://doi.org/10.1186/s12883-025-04528-3"
39727787.0,2024,"Gong, E. J.","Gong, E. J.; Bang, C. S.; Lee, J. J.",3,Edge Artificial Intelligence Device in Real-Time Endoscopy for Classification of Gastric Neoplasms: Development and Validation Study.,"Biomimetics (Basel, Switzerland)",10.3390/biomimetics9120783,T1 Landmark recognition in UGI endoscopy,T1 Landmark recognition in UGI endoscopy,4.0,database search (PubMed/MEDLINE),,"We previously developed artificial intelligence (AI) diagnosis algorithms for predicting the six classes of stomach lesions. However, this required significant computational resources. The incorporation of AI into medical devices has evolved from centralized models to decentralized edge computing devices. In this study, a deep learning endoscopic image classification model was created to automatically categorize all phases of gastric carcinogenesis using an edge computing device. A total of 15,910 endoscopic images were collected retrospectively and randomly assigned to train, validation, and internal-test datasets in an 8:1:1 ratio. The major outcomes were as follows: 1. lesion classification accuracy in six categories: normal/atrophy/intestinal metaplasia/dysplasia/early/advanced gastric cancer; and 2. the prospective evaluation of classification accuracy in real-world procedures. The internal-test lesion-classification accuracy was 93.8% (95% confidence interval: 93.4-94.2%); precision was 88.6%, recall was 88.3%, and F1 score was 88.4%. For the prospective performance test, the established model attained an accuracy of 93.3% (91.5-95.1%). The established model's lesion classification inference speed was 2-3 ms on GPU and 5-6 ms on CPU. The expert endoscopists reported no delays in lesion classification or any interference from the deep learning model throughout their exams. We established a deep learning endoscopic image classification model to automatically classify all stages of gastric carcinogenesis using an edge computing device.",9,12,,783,"Gong, E. J., Bang, C. S., & Lee, J. J. (2024). Edge Artificial Intelligence Device in Real-Time Endoscopy for Classification of Gastric Neoplasms: Development and Validation Study. *Biomimetics (Basel, Switzerland)*, *9*(12). https://doi.org/10.3390/biomimetics9120783"
41025012.0,2025,"Gong, E. J.","Gong, E. J.; Woo, J.; Lee, J. J.; Bang, C. S.",4,Role of artificial intelligence in gastric diseases.,World journal of gastroenterology,10.3748/wjg.v31.i37.111327,T6 External validation & dataset shift,T6 External validation & dataset shift,4.0,database search (PubMed/MEDLINE),,"The integration of artificial intelligence (AI) in gastroenterology has evolved from basic computer-aided detection to sophisticated multimodal frameworks that enable real-time clinical decision support. This study presents AI applications in gastric disease diagnosis and management, highlighting the transition from domain-specific deep learning to general-purpose large language models. Our research reveals a key finding: AI effectiveness demonstrates an inverse relationship with user expertise, with moderate-expertise practitioners benefiting the most, whereas experts and novices show limited performance gains. We developed a clinical decision support system achieving 96% lesion detection internally and 82%-87% classification accuracy in external validation. Multimodal integration, which combines endoscopic images, clinical histories, laboratory results, and genomic data, enables comprehensive disease assessment and personalized treatment. The emergence of large language models with expanding context windows and multiagent architectures represents a paradigm shift in medical AI. Furthermore, emerging technologies are expanding AI's potential applications, and feasibility studies on smart glasses in endoscopy training suggest opportunities for hands-free assistance, although clinical implementation challenges persist. This minireview addresses persistent limitations including geographic bias in training data, regulatory hurdles, ethical considerations regarding patient privacy and AI accountability, and the concentration of AI development among technology giants. Successful integration requires balancing innovation with patient safety, while preserving the irreplaceable role of human clinical judgment.",31,37,111327,111327,"Gong, E. J., Woo, J., Lee, J. J., & Bang, C. S. (2025). Role of artificial intelligence in gastric diseases. *World journal of gastroenterology*, *31*(37), 111327. https://doi.org/10.3748/wjg.v31.i37.111327"
36721878.0,2023,"Guimarães, P.","Guimarães, P.; Finkler, H.; Reichert, M. C.; Zimmer, V.; Grünhage, F.; Krawczyk, M.; Lammert, F.; Keller, A.; Casper, M.",9,Artificial-intelligence-based decision support tools for the differential diagnosis of colitis.,European journal of clinical investigation,10.1111/eci.13960,T1 Landmark recognition in UGI endoscopy,T1 Landmark recognition in UGI endoscopy,3.0,database search (PubMed/MEDLINE),,"Whereas Artificial Intelligence (AI) based tools have recently been introduced in the field of gastroenterology, application in inflammatory bowel disease (IBD) is in its infancies. We established AI-based algorithms to distinguish IBD from infectious and ischemic colitis using endoscopic images and clinical data. First, we trained and tested a Convolutional Neural Network (CNN) using 1796 real-world images from 494 patients, presenting with three diseases (IBD [n = 212], ischemic colitis [n = 157], and infectious colitis [n = 125]). Moreover, we evaluated a Gradient Boosted Decision Trees (GBDT) algorithm using five clinical parameters as well as a hybrid approach (CNN + GBDT). Patients and images were randomly split into two completely independent datasets. The proposed approaches were benchmarked against each other and three expert endoscopists on the test set. For the image-based CNN, the GBDT algorithm and the hybrid approach global accuracies were .709, .792, and .766, respectively. Positive predictive values were .602, .702, and .657. Global areas under the receiver operating characteristics (ROC) and precision recall (PR) curves were .727/.585, .888/.823, and .838/.733, respectively. Global accuracy did not differ between CNN and endoscopists (.721), but the clinical parameter-based GBDT algorithm outperformed CNN and expert image classification. Decision support systems exclusively based on endoscopic image analysis for the differential diagnosis of colitis, representing a complex clinical challenge, seem not yet to be ready for primetime and more diverse image datasets may be necessary to improve performance in future development. The clinical value of the proposed clinical parameters algorithm should be evaluated in prospective cohorts.",53,6,e13960,10.1111/eci.13960,"Guimarães, P., Finkler, H., Reichert, M. C., Zimmer, V., Grünhage, F., Krawczyk, M., Lammert, F., Keller, A., & Casper, M. (2023). Artificial-intelligence-based decision support tools for the differential diagnosis of colitis. *European journal of clinical investigation*, *53*(6), e13960. https://doi.org/10.1111/eci.13960"
,2017,"Guo, C.","Guo, C.; Pleiss, G.; Sun, Y.; Weinberger, K. Q.",4,On Calibration of Modern Neural Networks,Proceedings of the 34th International Conference on Machine Learning (ICML),10.48550/arXiv.1706.04599,T5 Uncertainty & calibration,T5 Uncertainty & calibration,,"other methods (hand-searched, not MEDLINE-indexed)",Temperature scaling; the calibration baseline.,,,,,,"Guo, C., Pleiss, G., Sun, Y., & Weinberger, K. Q. (2017). On Calibration of Modern Neural Networks. *Proceedings of the 34th International Conference on Machine Learning (ICML)*. https://doi.org/10.48550/arXiv.1706.04599"
39168143.0,2025,"Gupta, S.","Gupta, S.; Mandarino, F. V.; Shahidi, N.; Hourigan, L. F.; Messmann, H.; Wallace, M. B.; Repici, A.; Dinis-Ribeiro, M.; Haber, G. B.; Taylor, A. C. F.; Waxman, I.; Siersema, P. D.; Pouw, R. E.; Lemmers, A.; Bisschops, R.; Mosko, J. D.; Teshima, C.; Ragunath, K.; Rösch, T.; Pech, O.; Beyna, T.; Sharma, P.; Lee, E. Y. T.; Burgess, N. G.; Bourke, M. J.",25,Can optical evaluation distinguish between T1a and T1b esophageal adenocarcinoma: an international expert interobserver agreement study.,Endoscopy,10.1055/a-2399-1401,T3 Inter-observer variability in endoscopy,T3 Inter-observer variability in endoscopy,6.0,database search (PubMed/MEDLINE),,"Piecemeal endoscopic mucosal resection (EMR) is an acceptable technique for T1a esophageal adenocarcinoma, but en bloc R0 excision is advocated for T1b disease as it may offer a potential cure and mitigate recurrence. Thus, distinguishing between T1a and T1b disease is imperative under current treatment paradigms. We investigated whether expert Barrett's endoscopists could make this distinction based on optical evaluation. Endoscopic images of histologically confirmed high grade dysplasia (HGD), T1a, and T1b disease (20 sets for each) were compiled from consecutive patients at a single institution. Each set contained four images including an overview, a close-up in high definition white light, a near-focus magnification image, and a narrow-band image. Experts predicted the histology for each set. 19 experts from 8 countries (Australia, USA, Italy, Netherlands, Germany, Canada, Belgium, and Portugal) participated. The majority had been practicing for > 20 years, with a median (interquartile range) annual case volume of 50 (18-75) for Barrett's EMR and 25 (10-45) for Barrett's endoscopic submucosal dissection. Esophageal adenocarcinoma (T1a/b) could be distinguished from HGD with a pooled sensitivity of 89.1 % (95 %CI 84.7-93.4). T1b adenocarcinoma could be predicted with a pooled sensitivity of 43.8 % (95 %CI 29.9-57.7). Fleiss' kappa was 0.421 (95 %CI 0.399-0.442; P < 0.001), indicating fair-to-moderate agreement. Expert Barrett's endoscopists could reliably differentiate T1a/T1b esophageal adenocarcinoma from HGD. Despite fair-to-moderate agreement for T staging, T1b disease could not be reliably distinguished from T1a disease. This may impact clinical decision making and selection of endoscopic techniques.",57,3,200-207,10.1055/a-2399-1401,"Gupta, S., Mandarino, F. V., Shahidi, N., Hourigan, L. F., Messmann, H., Wallace, M. B., Repici, A., Dinis-Ribeiro, M., Haber, G. B., Taylor, A. C. F., Waxman, I., Siersema, P. D., Pouw, R. E., Lemmers, A., Bisschops, R., Mosko, J. D., Teshima, C., Ragunath, K., Rösch, T., .. Bourke, M. J. (2025). Can optical evaluation distinguish between T1a and T1b esophageal adenocarcinoma: an international expert interobserver agreement study. *Endoscopy*, *57*(3), 200-207. https://doi.org/10.1055/a-2399-1401"
,2008,"Gwet, K. L.","Gwet, K. L.",1,Computing inter-rater reliability and its variance in the presence of high agreement,British Journal of Mathematical and Statistical Psychology,10.1348/000711006X126600,T3 Inter-observer variability in endoscopy,T3 Inter-observer variability in endoscopy,,"other methods (hand-searched, not MEDLINE-indexed)",Gwet's AC1; paradox-robust chance correction.,,,,,,"Gwet, K. L. (2008). Computing inter-rater reliability and its variance in the presence of high agreement. *British Journal of Mathematical and Statistical Psychology*. https://doi.org/10.1348/000711006X126600"
,2007,"Hayes, A. F.","Hayes, A. F.; Krippendorff, K.",2,Answering the Call for a Standard Reliability Measure for Coding Data,Communication Methods and Measures,10.1080/19312450709336664,T3 Inter-observer variability in endoscopy,T3 Inter-observer variability in endoscopy,,"other methods (hand-searched, not MEDLINE-indexed)",Krippendorff's alpha; used as a chance-correction robustness check.,,,,,,"Hayes, A. F., & Krippendorff, K. (2007). Answering the Call for a Standard Reliability Measure for Coding Data. *Communication Methods and Measures*. https://doi.org/10.1080/19312450709336664"
39090234.0,2024,"He, C.","He, C.; Xu, H.; Yuan, E.; Ye, L.; Chen, Y.; Yao, J.; Song, B.",7,The accuracy and quality of image-based artificial intelligence for muscle-invasive bladder cancer prediction.,Insights into imaging,10.1186/s13244-024-01780-y,T7 Reporting standards for medical AI,T7 Reporting standards for medical AI,6.0,database search (PubMed/MEDLINE),,"To evaluate the diagnostic performance of image-based artificial intelligence (AI) studies in predicting muscle-invasive bladder cancer (MIBC). (2) To assess the reporting quality and methodological quality of these studies by Checklist for Artificial Intelligence in Medical Imaging (CLAIM), Radiomics Quality Score (RQS), and Prediction model Risk of Bias Assessment Tool (PROBAST). We searched Medline, Embase, Web of Science, and The Cochrane Library databases up to October 30, 2023. The eligible studies were evaluated using CLAIM, RQS, and PROBAST. Pooled sensitivity, specificity, and the diagnostic performances of these models for MIBC were also calculated. Twenty-one studies containing 4256 patients were included, of which 17 studies were employed for the quantitative statistical analysis. The CLAIM study adherence rate ranged from 52.5% to 75%, with a median of 64.1%. The RQS points of each study ranged from 2.78% to 50% points, with a median of 30.56% points. All models were rated as high overall ROB. The pooled area under the curve was 0.85 (95% confidence interval (CI) 0.81-0.88) for computed tomography, 0.92 (95% CI 0.89-0.94) for MRI, 0.89 (95% CI 0.86-0.92) for radiomics and 0.91 (95% CI 0.88-0.93) for deep learning, respectively. Although AI-powered muscle-invasive bladder cancer-predictive models showed promising performance in the meta-analysis, the reporting quality and the methodological quality were generally low, with a high risk of bias. Artificial intelligence might improve the management of patients with bladder cancer. Multiple models for muscle-invasive bladder cancer prediction were developed. Quality assessment is needed to promote clinical application. Image-based artificial intelligence models could aid in the identification of muscle-invasive bladder cancer. Current studies had low reporting quality, low methodological quality, and a high risk of bias. Future studies could focus on larger sample sizes and more transparent reporting of pathological evaluation, model explanation, and failure and sensitivity analyses.",15,1,185,185,"He, C., Xu, H., Yuan, E., Ye, L., Chen, Y., Yao, J., & Song, B. (2024). The accuracy and quality of image-based artificial intelligence for muscle-invasive bladder cancer prediction. *Insights into imaging*, *15*(1), 185. https://doi.org/10.1186/s13244-024-01780-y"
,2016,"He, K.","He, K.; Zhang, X.; Ren, S.; Sun, J.",4,Deep Residual Learning for Image Recognition,Proceedings of the IEEE Conference on Computer Vision and Pattern Recognition (CVPR),10.1109/CVPR.2016.90,T1 Landmark recognition in UGI endoscopy,T1 Landmark recognition in UGI endoscopy,,"other methods (hand-searched, not MEDLINE-indexed)",ResNet; the comparison backbone in the GastroHUN benchmark.,,,,,,"He, K., Zhang, X., Ren, S., & Sun, J. (2016). Deep Residual Learning for Image Recognition. *Proceedings of the IEEE Conference on Computer Vision and Pattern Recognition (CVPR)*. https://doi.org/10.1109/CVPR.2016.90"
,2015,"Hinton, G.","Hinton, G.; Vinyals, O.; Dean, J.",3,Distilling the Knowledge in a Neural Network,NeurIPS Deep Learning and Representation Learning Workshop,10.48550/arXiv.1503.02531,T4 Noisy / soft / multi-annotator labels,T4 Noisy / soft / multi-annotator labels,,"other methods (hand-searched, not MEDLINE-indexed)",Soft-target training; theoretical basis for soft-label supervision.,,,,,,"Hinton, G., Vinyals, O., & Dean, J. (2015). Distilling the Knowledge in a Neural Network. *NeurIPS Deep Learning and Representation Learning Workshop*. https://doi.org/10.48550/arXiv.1503.02531"
38223070.0,2024,"Hou, C.","Hou, C.; Li, S.; Zheng, S.; Liu, L. P.; Nie, F.; Zhang, W.; He, W.",7,Quality assessment of radiomics models in carotid plaque: a systematic review.,Quantitative imaging in medicine and surgery,10.21037/qims-23-712,T7 Reporting standards for medical AI,T7 Reporting standards for medical AI,5.0,database search (PubMed/MEDLINE),,"Although imaging techniques provide information about the morphology and stability of carotid plaque, they are operator dependent and may miss certain subtleties. A variety of radiomics models for carotid plaque have recently been proposed for identifying vulnerable plaques and predicting cardiovascular and cerebrovascular diseases. The purpose of this review was to assess the risk of bias, reporting, and methodological quality of radiomics models for carotid atherosclerosis plaques. A systematic search was carried out to identify available literature published in PubMed, Web of Science, and the Cochrane Library up to March 2023. Studies that developed and/or validated machine learning models based on radiomics data to identify and/or predict unfavorable cerebral and cardiovascular events in carotid plaque were included. The basic information of each piece of included literature was identified, and the reporting quality, risk of bias, and radiomics methodology quality were assessed according the TRIPOD (Transparent Reporting of a Multivariable Prediction Model for Individual Prognosis or Diagnosis) checklist, the Prediction Model Risk of Bias Assessment Tool (PROBAST), and the radiomics quality score (RQS), respectively. A total of 2,738 patients from 19 studies were included. The mean overall TRIPOD adherence rate was 66.1% (standard deviation 12.8%), with a range of 45-87%. All studies had a high overall risk of bias, with the analysis domain being the most common source of bias. The mean RQS was 9.89 (standard deviation 5.70), accounting for 27.4% of the possible maximum value of 36. The mean area under the curve for diagnostic or predictive properties of these included radiomics models was 0.876±0.09, with a range of 0.741-0.989. Radiomics models may have value in the assessment of carotid plaque, the overall scientific validity and reporting quality of current carotid plaque radiomics reports are still lacking, and many barriers must be overcome before these models can be applied in clinical practice.",14,1,1141-1154,10.21037/qims-23-712,"Hou, C., Li, S., Zheng, S., Liu, L. P., Nie, F., Zhang, W., & He, W. (2024). Quality assessment of radiomics models in carotid plaque: a systematic review. *Quantitative imaging in medicine and surgery*, *14*(1), 1141-1154. https://doi.org/10.21037/qims-23-712"
24477629.0,2014,"Isajevs, S.","Isajevs, S.; Liepniece-Karele, I.; Janciauskas, D.; Moisejevs, G.; Putnins, V.; Funka, K.; Kikuste, I.; Vanags, A.; Tolmanis, I.; Leja, M.",10,Gastritis staging: interobserver agreement by applying OLGA and OLGIM systems.,Virchows Archiv : an international journal of pathology,10.1007/s00428-014-1544-3,T3 Inter-observer variability in endoscopy,T3 Inter-observer variability in endoscopy,5.0,database search (PubMed/MEDLINE),,"Atrophic gastritis remains a difficult histopathological diagnosis with low interobserver agreement. The aim of our study was to compare gastritis staging and interobserver agreement between general and expert gastrointestinal (GI) pathologists using Operative Link for Gastritis Assessment (OLGA) and Operative Link on Gastric Intestinal Metaplasia (OLGIM). We enrolled 835 patients undergoing upper endoscopy in the study. Two general and two expert gastrointestinal pathologists graded biopsy specimens according to the Sydney classification, and the stage of gastritis was assessed by OLGA and OLGIM system. Using OLGA, 280 (33.4 %) patients had gastritis (stage I-IV), whereas with OLGIM this was 167 (19.9 %). OLGA stage III- IV gastritis was observed in 25 patients, whereas by OLGIM stage III-IV was found in 23 patients. Interobserver agreement between expert GI pathologists for atrophy in the antrum, incisura angularis, and corpus was moderate (kappa = 0.53, 0.57 and 0.41, respectively, p < 0.0001), but almost perfect for intestinal metaplasia (kappa = 0.82, 0.80 and 0.81, respectively, p < 0.0001). However, interobserver agreement between general pathologists was poor for atrophy, but moderate for intestinal metaplasia. OLGIM staging provided the highest interobserver agreement, but a substantial proportion of potentially high-risk individuals would be missed if only OLGIM staging is applied. Therefore, we recommend to use a combination of OLGA and OLGIM for staging of chronic gastritis.",464,4,403-7,10.1007/s00428-014-1544-3,"Isajevs, S., Liepniece-Karele, I., Janciauskas, D., Moisejevs, G., Putnins, V., Funka, K., Kikuste, I., Vanags, A., Tolmanis, I., & Leja, M. (2014). Gastritis staging: interobserver agreement by applying OLGA and OLGIM systems. *Virchows Archiv : an international journal of pathology*, *464*(4), 403-7. https://doi.org/10.1007/s00428-014-1544-3"
41961248.0,2026,"Ishida, K.","Ishida, K.; Sasaki, K.; Ono, K.; Hirokawa, Y.",4,Uncertainty-aware deep learning for classifying colonic fdg-pet uptake using radiomic features.,Radiological physics and technology,10.1007/s12194-026-01044-y,T5 Uncertainty & calibration,T5 Uncertainty & calibration,2.0,database search (PubMed/MEDLINE),,"This study developed deep learning models to differentiate tumorous from non-tumorous incidental colorectal FDG-PET uptake using radiomic features categories and to evaluate both classification performance and predictive uncertainty. PET data from 80 patients (45 tumorous, 35 non-tumorous) were analyzed. Radiomic features were grouped into morphology, intensity, texture, and all features, and feature selection was performed using LassoCV within each training split. Model development and evaluation used repeated stratified hold-out validation (10 splits; train/test = 80/20) with internal cross-validation and early stopping. Predictive uncertainty was estimated using Monte Carlo dropout with 100 stochastic inferences per test case and assessed using risk–coverage curves and AURC. The All model achieved the highest accuracy (84.8 ± 5.7%) and AUC (0.83 ± 0.08), outperforming single-category models (accuracy < 70%; AUC 0.70–0.74). Uncertainty increased as predicted probabilities approached 0.5, and selective prediction based on uncertainty reduced misclassification risk for the Intensity, Texture, and All models, but not for the Morphology model. These results suggest that integrating multiple radiomic feature categories improves both predictive performance and stability, and that uncertainty-guided decision-making may support safer clinical triage by withholding high-uncertainty cases.",19,2,711-720,10.1007/s12194-026-01044-y,"Ishida, K., Sasaki, K., Ono, K., & Hirokawa, Y. (2026). Uncertainty-aware deep learning for classifying colonic fdg-pet uptake using radiomic features. *Radiological physics and technology*, *19*(2), 711-720. https://doi.org/10.1007/s12194-026-01044-y"
37038389.0,2022,"Jaiswal, A.","Jaiswal, A.; Ashutosh, K.; Rousseau, J. F.; Peng, Y.; Wang, Z.; Ding, Y.",6,RoS-KD: A Robust Stochastic Knowledge Distillation Approach for Noisy Medical Imaging.,Proceedings. IEEE International Conference on Data Mining,10.1109/icdm54844.2022.00118,T4 Noisy / soft / multi-annotator labels,T4 Noisy / soft / multi-annotator labels,3.0,database search (PubMed/MEDLINE),,"AI-powered Medical Imaging has recently achieved enormous attention due to its ability to provide fast-paced healthcare diagnoses. However, it usually suffers from a lack of high-quality datasets due to high annotation cost, inter-observer variability, human annotator error, and errors in computer-generated labels. Deep learning models trained on noisy labelled datasets are sensitive to the noise type and lead to less generalization on the unseen samples. To address this challenge, we propose a Robust Stochastic Knowledge Distillation (RoS-KD) framework which mimics the notion of learning a topic from multiple sources to ensure deterrence in learning noisy information. More specifically, RoS-KD learns a smooth, well-informed, and robust student manifold by distilling knowledge from multiple teachers trained on overlapping subsets of training data. Our extensive experiments on popular medical imaging classification tasks (cardiopulmonary disease and lesion classification) using real-world datasets, show the performance benefit of RoS-KD, its ability to distill knowledge from many popular large networks (ResNet-50, DenseNet-121, MobileNet-V2) in a comparatively small network, and its robustness to adversarial attacks (PGD, FSGM). More specifically, RoS-KD achieves > 2% and > 4% improvement on F1-score for lesion classification and cardiopulmonary disease classification tasks, respectively, when the underlying student is ResNet-18 against recent competitive knowledge distillation baseline. Additionally, on cardiopulmonary disease classification task, RoS-KD outperforms most of the SOTA baselines by ~1% gain in AUC score.",2022,,981-986,10.1109/icdm54844.2022.00118,"Jaiswal, A., Ashutosh, K., Rousseau, J. F., Peng, Y., Wang, Z., & Ding, Y. (2022). RoS-KD: A Robust Stochastic Knowledge Distillation Approach for Noisy Medical Imaging. *Proceedings. IEEE International Conference on Data Mining*, *2022*, 981-986. https://doi.org/10.1109/icdm54844.2022.00118"
,2023,"Jha, D.","Jha, D.; Sharma, V.; Dasu, N.; et al.",4,GastroVision: A Multi-class Endoscopy Image Dataset for Computer Aided Gastrointestinal Disease Detection,ICML Workshop on Machine Learning for Multimodal Healthcare Data,10.1007/978-3-031-47679-2_10,T1 Landmark recognition in UGI endoscopy,T1 Landmark recognition in UGI endoscopy,,"other methods (hand-searched, not MEDLINE-indexed)",Second candidate external-validation cohort.,,,,,,"Jha, D., Sharma, V., Dasu, N., & et al. (2023). GastroVision: A Multi-class Endoscopy Image Dataset for Computer Aided Gastrointestinal Disease Detection. *ICML Workshop on Machine Learning for Multimodal Healthcare Data*. https://doi.org/10.1007/978-3-031-47679-2_10"
34995185.0,2022,"Ju, L.","Ju, L.; Wang, X.; Wang, L.; Mahapatra, D.; Zhao, X.; Zhou, Q.; Liu, T.; Ge, Z.",8,Improving Medical Images Classification With Label Noise Using Dual-Uncertainty Estimation.,IEEE transactions on medical imaging,10.1109/TMI.2022.3141425,T4 Noisy / soft / multi-annotator labels,T4 Noisy / soft / multi-annotator labels,3.0,database search (PubMed/MEDLINE),,"Deep neural networks are known to be data-driven and label noise can have a marked impact on model performance. Recent studies have shown great robustness to classic image recognition even under a high noisy rate. In medical applications, learning from datasets with label noise is more challenging since medical imaging datasets tend to have instance-dependent noise (IDN) and suffer from high observer variability. In this paper, we systematically discuss the two common types of label noise in medical images - disagreement label noise from inconsistency expert opinions and single-target label noise from biased aggregation of individual annotations. We then propose an uncertainty estimation-based framework to handle these two label noise amid the medical image classification task. We design a dual-uncertainty estimation approach to measure the disagreement label noise and single-target label noise via improved Direct Uncertainty Prediction and Monte-Carlo-Dropout. A boosting-based curriculum training procedure is later introduced for robust learning. We demonstrate the effectiveness of our method by conducting extensive experiments on three different diseases with synthesized and real-world label noise: skin lesions, prostate cancer, and retinal diseases. We also release a large re-engineered database that consists of annotations from more than ten ophthalmologists with an unbiased golden standard dataset for evaluation and benchmarking. The dataset is available at https://mmai.group/peoples/julie/.",41,6,1533-1546,10.1109/TMI.2022.3141425,"Ju, L., Wang, X., Wang, L., Mahapatra, D., Zhao, X., Zhou, Q., Liu, T., & Ge, Z. (2022). Improving Medical Images Classification With Label Noise Using Dual-Uncertainty Estimation. *IEEE transactions on medical imaging*, *41*(6), 1533-1546. https://doi.org/10.1109/TMI.2022.3141425"
38192480.0,2023,"Khan, Z.","Khan, Z.; Tahir, M. A.",2,Real time anatomical landmarks and abnormalities detection in gastrointestinal tract.,PeerJ. Computer science,10.7717/peerj-cs.1685,T1 Landmark recognition in UGI endoscopy,T1 Landmark recognition in UGI endoscopy,5.0,database search (PubMed/MEDLINE),,"Gastrointestinal (GI) endoscopy is an active research field due to the lethal cancer diseases in the GI tract. Cancer treatments result better if diagnosed early and it increases the survival chances. There is a high miss rate in the detection of the abnormalities in the GI tract during endoscopy or colonoscopy due to the lack of attentiveness, tiring procedures, or the lack of required training. The procedure of the detection can be automated to the reduction of the risks by identifying and flagging the suspicious frames. A suspicious frame may have some of the abnormality or the information about anatomical landmark in the frame. The frame then can be analysed for the anatomical landmarks and the abnormalities for the detection of disease. In this research, a real-time endoscopic abnormalities detection system is presented that detects the abnormalities and the landmarks. The proposed system is based on a combination of handcrafted and deep features. Deep features are extracted from lightweight MobileNet convolutional neural network (CNN) architecture. There are some of the classes with a small inter-class difference and a higher intra-class differences, for such classes the same detection threshold is unable to distinguish. The threshold of such classes is learned from the training data using genetic algorithm. The system is evaluated on various benchmark datasets and resulted in an accuracy of 0.99 with the F1-score of 0.91 and Matthews correlation coefficient (MCC) of 0.91 on Kvasir datasets and F1-score of 0.93 on the dataset of DowPK. The system detects abnormalities in real-time with the detection speed of 41 frames per second.",9,,e1685,e1685,"Khan, Z., & Tahir, M. A. (2023). Real time anatomical landmarks and abnormalities detection in gastrointestinal tract. *PeerJ. Computer science*, *9*, e1685. https://doi.org/10.7717/peerj-cs.1685"
38282254.0,2024,"Küstner, T.","Küstner, T.; Hammernik, K.; Rueckert, D.; Hepp, T.; Gatidis, S.",5,Predictive uncertainty in deep learning-based MR image reconstruction using deep ensembles: Evaluation on the fastMRI data set.,Magnetic resonance in medicine,10.1002/mrm.30030,T5 Uncertainty & calibration,T5 Uncertainty & calibration,2.0,database search (PubMed/MEDLINE),,"To estimate pixel-wise predictive uncertainty for deep learning-based MR image reconstruction and to examine the impact of domain shifts and architecture robustness. Uncertainty prediction could provide a measure for robustness of deep learning (DL)-based MR image reconstruction from undersampled data. DL methods bear the risk of inducing reconstruction errors like in-painting of unrealistic structures or missing pathologies. These errors may be obscured by visual realism of DL reconstruction and thus remain undiscovered. Furthermore, most methods are task-agnostic and not well calibrated to domain shifts. We propose a strategy that estimates aleatoric (data) and epistemic (model) uncertainty, which entails training a deep ensemble (epistemic) with nonnegative log-likelihood (aleatoric) loss in addition to the conventional applied losses terms. The proposed procedure can be paired with any DL reconstruction, enabling investigations of their predictive uncertainties on a pixel level. Five different architectures were investigated on the fastMRI database. The impact on the examined uncertainty of in-distributional and out-of-distributional data with changes to undersampling pattern, imaging contrast, imaging orientation, anatomy, and pathology were explored. Predictive uncertainty could be captured and showed good correlation to normalized mean squared error. Uncertainty was primarily focused along the aliased anatomies and on hyperintense and hypointense regions. The proposed uncertainty measure was able to detect disease prevalence shifts. Distinct predictive uncertainty patterns were observed for changing network architectures. The proposed approach enables aleatoric and epistemic uncertainty prediction for DL-based MR reconstruction with an interpretable examination on a pixel level.",92,1,289-302,10.1002/mrm.30030,"Küstner, T., Hammernik, K., Rueckert, D., Hepp, T., & Gatidis, S. (2024). Predictive uncertainty in deep learning-based MR image reconstruction using deep ensembles: Evaluation on the fastMRI data set. *Magnetic resonance in medicine*, *92*(1), 289-302. https://doi.org/10.1002/mrm.30030"
,2017,"Lakshminarayanan, B.","Lakshminarayanan, B.; Pritzel, A.; Blundell, C.",3,Simple and Scalable Predictive Uncertainty Estimation using Deep Ensembles,Advances in Neural Information Processing Systems (NeurIPS) 30,10.48550/arXiv.1612.01474,T5 Uncertainty & calibration,T5 Uncertainty & calibration,,"other methods (hand-searched, not MEDLINE-indexed)",Deep ensembles; uncertainty baseline.,,,,,,"Lakshminarayanan, B., Pritzel, A., & Blundell, C. (2017). Simple and Scalable Predictive Uncertainty Estimation using Deep Ensembles. *Advances in Neural Information Processing Systems (NeurIPS) 30*. https://doi.org/10.48550/arXiv.1612.01474"
40805252.0,2025,"Lee, D.","Lee, D.; Jesry, F.; Maliekkal, J. J.; Goulder, L.; Huntly, B.; Smith, A. M.; Khaled, Y. S.",7,Application of Artificial Intelligence in Pancreatic Cyst Management: A Systematic Review.,Cancers,10.3390/cancers17152558,T7 Reporting standards for medical AI,T7 Reporting standards for medical AI,5.0,database search (PubMed/MEDLINE),,"Pancreatic cystic lesions (PCLs), including intraductal papillary mucinous neoplasms (IPMNs) and mucinous cystic neoplasms (MCNs), pose a diagnostic challenge due to their variable malignant potential. Current guidelines, such as Fukuoka and American Gastroenterological Association (AGA), have moderate predictive accuracy and may lead to overtreatment or missed malignancies. Artificial intelligence (AI), incorporating machine learning (ML) and deep learning (DL), offers the potential to improve risk stratification, diagnosis, and management of PCLs by integrating clinical, radiological, and molecular data. This is the first systematic review to evaluate the application, performance, and clinical utility of AI models in the diagnosis, classification, prognosis, and management of pancreatic cysts. A systematic review was conducted in accordance with PRISMA guidelines and registered on PROSPERO (CRD420251008593). Databases searched included PubMed, EMBASE, Scopus, and Cochrane Library up to March 2025. The inclusion criteria encompassed original studies employing AI, ML, or DL in human subjects with pancreatic cysts, evaluating diagnostic, classification, or prognostic outcomes. Data were extracted on the study design, imaging modality, model type, sample size, performance metrics (accuracy, sensitivity, specificity, and area under the curve (AUC)), and validation methods. Study quality and bias were assessed using the PROBAST and adherence to TRIPOD reporting guidelines. From 847 records, 31 studies met the inclusion criteria. Most were retrospective observational (n = 27, 87%) and focused on preoperative diagnostic applications (n = 30, 97%), with only one addressing prognosis. Imaging modalities included Computed Tomography (CT) (48%), endoscopic ultrasound (EUS) (26%), and Magnetic Resonance Imaging (MRI) (9.7%). Neural networks, particularly convolutional neural networks (CNNs), were the most common AI models (n = 16), followed by logistic regression (n = 4) and support vector machines (n = 3). The median reported AUC across studies was 0.912, with 55% of models achieving AUC ≥ 0.80. The models outperformed clinicians or existing guidelines in 11 studies. IPMN stratification and subtype classification were common focuses, with CNN-based EUS models achieving accuracies of up to 99.6%. Only 10 studies (32%) performed external validation. The risk of bias was high in 93.5% of studies, and TRIPOD adherence averaged 48%. AI demonstrates strong potential in improving the diagnosis and risk stratification of pancreatic cysts, with several models outperforming current clinical guidelines and human readers. However, widespread clinical adoption is hindered by high risk of bias, lack of external validation, and limited interpretability of complex models. Future work should prioritise multicentre prospective studies, standardised model reporting, and development of interpretable, externally validated tools to support clinical integration.",17,15,,2558,"Lee, D., Jesry, F., Maliekkal, J. J., Goulder, L., Huntly, B., Smith, A. M., & Khaled, Y. S. (2025). Application of Artificial Intelligence in Pancreatic Cyst Management: A Systematic Review. *Cancers*, *17*(15). https://doi.org/10.3390/cancers17152558"
38766682.0,2024,"Lee, J. Y.","Lee, J. Y.; Park, J.; Lee, H. J.; Park, H.; Jin, E. H.; Park, K.; Baek, J. E.; Yang, D. H.; Hong, S. W.; Kim, N.; Byeon, J. S.",11,Automatic assessment of bowel preparation by an artificial intelligence model and its clinical applicability.,Journal of gastroenterology and hepatology,10.1111/jgh.16618,T3 Inter-observer variability in endoscopy,T3 Inter-observer variability in endoscopy,4.0,database search (PubMed/MEDLINE),,"Reliable bowel preparation assessment is important in colonoscopy. However, current scoring systems are limited by laborious and time-consuming tasks and interobserver variability. We aimed to develop an artificial intelligence (AI) model to assess bowel cleanliness and evaluate its clinical applicability. A still image-driven AI model to assess the Boston Bowel Preparation Scale (BBPS) was developed and validated using 2361 colonoscopy images. For evaluating real-world applicability, the model was validated using 113 10-s colonoscopy video clips and 30 full colonoscopy videos to identify ""adequate (BBPS 2-3)"" or ""inadequate (BBPS 0-1)"" preparation. The model was tested with an external dataset of 29 colonoscopy videos. The clinical applicability of the model was evaluated using 225 consecutive colonoscopies. Inter-rater variability was analyzed between the AI model and endoscopists. The AI model achieved an accuracy of 94.0% and an area under the receiver operating characteristic curve of 0.939 with the still images. Model testing with an external dataset showed an accuracy of 95.3%, an area under the receiver operating characteristic curve of 0.976, and a sensitivity of 100% for the detection of inadequate preparations. The clinical applicability study showed an overall agreement rate of 85.3% between endoscopists and the AI model, with Fleiss' kappa of 0.686. The agreement rate was lower for the right colon compared with the transverse and left colon, with Fleiss' kappa of 0.563, 0.575, and 0.789, respectively. The AI model demonstrated accurate bowel preparation assessment and substantial agreement with endoscopists. Further refinement of the AI model is warranted for effective monitoring of qualified colonoscopy in large-scale screening programs.",39,9,1917-1923,10.1111/jgh.16618,"Lee, J. Y., Park, J., Lee, H. J., Park, H., Jin, E. H., Park, K., Baek, J. E., Yang, D. H., Hong, S. W., Kim, N., & Byeon, J. S. (2024). Automatic assessment of bowel preparation by an artificial intelligence model and its clinical applicability. *Journal of gastroenterology and hepatology*, *39*(9), 1917-1923. https://doi.org/10.1111/jgh.16618"
41648898.0,2024,"Li, D.","Li, D.; Cave, D.; Li, A.; Li, S.",4,Enhanced accuracy for classification of video capsule endoscopy images using multiple deep learning convolutional neural networks.,"iGIE : innovation, investigation and insights",10.1016/j.igie.2023.11.007,T1 Landmark recognition in UGI endoscopy,T1 Landmark recognition in UGI endoscopy,3.0,database search (PubMed/MEDLINE),,"Video capsule endoscopy (VCE) is widely used in the detection of abnormalities in the small intestine. However, it remains challenging to correctly identify a limited number of possible abnormal images from tens of thousands of total images, and this impediment has limited expansion of the technology. More recently, artificial intelligence (AI) technology has been used in classifying VCE images from patients, but clinical-grade diagnostic accuracy (>99%) has not been achieved. This study proposes a system for the automatic classiﬁcation of a number of categories of unbounded VCE images with high accuracy by means of a transfer learning approach using multiple convolutional neural networks (CNNs). With this new approach, it is not necessary to implement image segmentation; thus, the feature extraction becomes automatic, and the existing models can be ﬁne-tuned to obtain speciﬁc classiﬁers. More than 16,000 VCE GI images from normal individuals, including those with normal clean mucosa, the pylorus, the ileocecal valve, a reduced mucosal view due to luminal contents and lymphangiectasia (a normal variant), and patients with 5 pathologic states (angioectasia, bleeding, erosions, ulcers, and foreign bodies), were obtained from a publicly available data set. These were used in building, testing, and validating AI models for evaluating the diagnostic accuracy of our combined 17-CNN deep learning approach. Compared with a single CNN approach used by other research groups, our AI method, using 17 CNNs, achieved an overall diagnostic accuracy of 99.79%, with an accuracy of 100% for identifying bleeding and foreign bodies. The high accuracy was further shown in the confusion matrices, precision, recall, and F1 score. We have developed accurate AI deep learning models for unbounded VCE image classification of various medical conditions in medical practice.",3,1,72-81,10.1016/j.igie.2023.11.007,"Li, D., Cave, D., Li, A., & Li, S. (2024). Enhanced accuracy for classification of video capsule endoscopy images using multiple deep learning convolutional neural networks. *iGIE : innovation, investigation and insights*, *3*(1), 72-81. https://doi.org/10.1016/j.igie.2023.11.007"
40814087.0,2025,"Li, J.","Li, J.; Jing, X.; Zhang, Q.; Wang, X.; Wang, L.; Shan, J.; Zhou, Z.; Fan, L.; Gong, X.; Sun, X.; He, S.",11,Multimodal artificial intelligence for subepithelial lesion classification and characterization: a multicenter comparative study (with video).,BMC medical informatics and decision making,10.1186/s12911-025-03147-9,T6 External validation & dataset shift,T6 External validation & dataset shift,4.0,database search (PubMed/MEDLINE),,"Subepithelial lesions (SELs) present significant diagnostic challenges in gastrointestinal endoscopy, particularly in differentiating malignant types, such as gastrointestinal stromal tumors (GISTs) and neuroendocrine tumors, from benign types like leiomyomas. Misdiagnosis can lead to unnecessary interventions or delayed treatment. To address this challenge, we developed ECMAI-WME, a parallel fusion deep learning model integrating white light endoscopy (WLE) and microprobe endoscopic ultrasonography (EUS), to improve SEL classification and lesion characterization. A total of 523 SELs from four hospitals were used to develop serial and parallel fusion AI models. The Parallel Model, demonstrating superior performance, was designated as ECMAI-WME. The model was tested on an external validation cohort (n = 88) and a multicenter test cohort (n = 274). Diagnostic performance, lesion characterization, and clinical decision-making support were comprehensively evaluated and compared with endoscopists' performance. The ECMAI-WME model significantly outperformed endoscopists in diagnostic accuracy (96.35% vs. 63.87-86.13%, p < 0.001) and treatment decision-making accuracy (96.35% vs. 78.47-86.13%, p < 0.001). It achieved 98.72% accuracy in internal validation, 94.32% in external validation, and 96.35% in multicenter testing. For distinguishing gastric GISTs from leiomyomas, the model reached 91.49% sensitivity, 100% specificity, and 96.38% accuracy. Lesion characteristics were identified with a mean accuracy of 94.81% (range: 90.51-99.27%). The model maintained robust performance despite class imbalance, confirmed by five complementary analyses. Subgroup analyses showed consistent accuracy across lesion size, location, or type (p > 0.05), demonstrating strong generalizability. The ECMAI-WME model demonstrates excellent diagnostic performance and robustness in the multiclass SEL classification and characterization, supporting its potential for real-time deployment to enhance diagnostic consistency and guide clinical decision-making.",25,1,307,307,"Li, J., Jing, X., Zhang, Q., Wang, X., Wang, L., Shan, J., Zhou, Z., Fan, L., Gong, X., Sun, X., & He, S. (2025). Multimodal artificial intelligence for subepithelial lesion classification and characterization: a multicenter comparative study (with video). *BMC medical informatics and decision making*, *25*(1), 307. https://doi.org/10.1186/s12911-025-03147-9"
36442274.0,2022,"Li, X.","Li, X.; Wei, Y.; Hu, Q.; Wang, C.; Yang, J.",5,Learning to segment subcortical structures from noisy annotations with a novel uncertainty-reliability aware learning framework.,Computers in biology and medicine,10.1016/j.compbiomed.2022.106326,T4 Noisy / soft / multi-annotator labels,T4 Noisy / soft / multi-annotator labels,4.0,database search (PubMed/MEDLINE),,"Accurate segmentation of subcortical structures is an important task in quantitative brain image analysis. Convolutional neural networks (CNNs) have achieved remarkable results in medical image segmentation. However, due to the difficulty of acquiring high-quality annotations of brain subcortical structures, learning segmentation networks using noisy annotations is an inevitable topic. A common practice is to select images or pixels with reliable annotations for training, which usually may not make full use of the information from the training samples, thus affecting the performance of the learned segmentation model. To address the above problem, in this work, we propose a novel robust learning method and denote it as uncertainty-reliability awareness learning (URAL), which can make sufficient use of all training pixels. At each training iteration, the proposed method first selects training pixels with reliable annotations from the set of pixels with uncertain network prediction, by utilizing a small clean validation set following a meta-learning paradigm. Meanwhile, we propose the online prototypical soft label correction (PSLC) method to estimate the pseudo-labels of label-unreliable pixels. Then, the segmentation loss of label-reliable pixels and the semi-supervised segmentation loss of label-unreliable pixels are used to calibrate the total segmentation loss. Finally, we propose a category-wise contrastive regularization to learn compact feature representations of all uncertain training pixels. Comprehensive experiments are performed on two publicly available brain MRI datasets. The proposed method achieves the best Dice scores and MHD values on both datasets compared to several recent state-of-the-art methods under all label noise settings. Our code is available at https://github.com/neulxlx/URAL.",151,Pt B,106326,10.1016/j.compbiomed.2022.106326,"Li, X., Wei, Y., Hu, Q., Wang, C., & Yang, J. (2022). Learning to segment subcortical structures from noisy annotations with a novel uncertainty-reliability aware learning framework. *Computers in biology and medicine*, *151*(Pt B), 106326. https://doi.org/10.1016/j.compbiomed.2022.106326"
33272862.0,2021,"Li, Y. D.","Li, Y. D.; Zhu, S. W.; Yu, J. P.; Ruan, R. W.; Cui, Z.; Li, Y. T.; Lv, M. C.; Wang, H. G.; Chen, M.; Jin, C. H.; Wang, S.",11,Intelligent detection endoscopic assistant: An artificial intelligence-based system for monitoring blind spots during esophagogastroduodenoscopy in real-time.,Digestive and liver disease : official journal of the Italian Society of Gastroenterology and the Italian Association for the Study of the Liver,10.1016/j.dld.2020.11.017,T1 Landmark recognition in UGI endoscopy,T1 Landmark recognition in UGI endoscopy; T2 Endoscopic quality & blind-spot audit,4.0,database search (PubMed/MEDLINE),,"Observation of the entire stomach during esophagogastroduodenoscopy (EGD) is important; however, there is a lack of effective evaluation tools. To develop an artificial intelligence (AI)-assisted EGD system able to automatically monitor blind spots in real-time. An AI-based system, called the Intelligent Detection Endoscopic Assistant (IDEA), was developed using a deep convolutional neural network (DCNN) and long short-term memory (LSTM). The performance of IDEA for recognition of gastric sites in images and videos was evaluated. Primary outcomes included diagnostic accuracy, sensitivity, and specificity. A total of 170,297 images and 5779 endoscopic videos were collected to develop the system. As the test group, 3100 EGD images were acquired to evaluate the performance of DCNN in recognition of gastric sites in images. The sensitivity, specificity, and accuracy of DCNN were determined as 97.18%,99.91%, and 99.83%, respectively. To assess the performance of IDEA in recognition of gastric sites in EGD videos, 129 videos were used as the test group. The sensitivity, specificity, and accuracy of IDEA were 96.29%,93.32%, and 95.30%, respectively. IDEA achieved high accuracy for recognition of gastric sites in real-time. The system can be applied as a powerful assistant tool for monitoring blind spots during EGD.",53,2,216-223,10.1016/j.dld.2020.11.017,"Li, Y. D., Zhu, S. W., Yu, J. P., Ruan, R. W., Cui, Z., Li, Y. T., Lv, M. C., Wang, H. G., Chen, M., Jin, C. H., & Wang, S. (2021). Intelligent detection endoscopic assistant: An artificial intelligence-based system for monitoring blind spots during esophagogastroduodenoscopy in real-time. *Digestive and liver disease : official journal of the Italian Society of Gastroenterology and the Italian Association for the Study of the Liver*, *53*(2), 216-223. https://doi.org/10.1016/j.dld.2020.11.017"
34973966.0,2022,"Li, Y. D.","Li, Y. D.; Li, H. Z.; Chen, S. S.; Jin, C. H.; Chen, M.; Cheng, M.; Ma, M. J.; Zhang, X. P.; Wang, X.; Zhou, J. B.; Chen, M. T.; Chen, J. N.; Yu, S.; Wang, T. J.; Fang, W. P.; Cao, X. W.; Yu, X. J.; Du, L. B.; Wang, S.",19,Correlation of the detection rate of upper GI cancer with artificial intelligence score: results from a multicenter trial (with video).,Gastrointestinal endoscopy,10.1016/j.gie.2021.12.019,T2 Endoscopic quality & blind-spot audit,T2 Endoscopic quality & blind-spot audit,3.0,database search (PubMed/MEDLINE),,"The quality of EGD is a prerequisite for a high detection rate of upper GI lesions, especially early gastric cancer. Our previous study showed that an artificial intelligence system, named intelligent detection endoscopic assistant (IDEA), could help to monitor blind spots and provide an operation score during EGD. Here, we verified the effectiveness of IDEA to help evaluate the quality of EGD in a large-scale multicenter trial. Patients undergoing EGD in 12 hospitals were consecutively enrolled. All hospitals were equipped with IDEA developed using deep convolutional neural networks and long short-term memory. Patients were examined by EGD, and the results were recorded by IDEA. The primary outcome was the detection rate of upper GI cancer. Secondary outcomes were part scores, total scores, and endoscopic procedure time, which were analyzed by IDEA. A total of 17,787 patients were recruited. The total detection rate of cancer-positive cases was 1.50%, ranging from .60% to 3.94% in each hospital. The total detection rate of early cancer-positive cases was .36%, ranging from .00% to 1.58% in each hospital. The average total score analyzed by IDEA ranged from 64.87 ± 16.87 to 83.50 ± 9.57 in each hospital. The cancer detection rate in each hospital was positively correlated with total score (r = .775, P = .003). Similarly, the early cancer detection rate was positively correlated with total score (r = .756, P = .004). This multicenter trial confirmed that the quality of the EGD result is positively correlated with the detection rate of cancer, which can be monitored by IDEA. (Clinical trial registration number: ChiCTR2000029001.).",95,6,1138-1146.e2,10.1016/j.gie.2021.12.019,"Li, Y. D., Li, H. Z., Chen, S. S., Jin, C. H., Chen, M., Cheng, M., Ma, M. J., Zhang, X. P., Wang, X., Zhou, J. B., Chen, M. T., Chen, J. N., Yu, S., Wang, T. J., Fang, W. P., Cao, X. W., Yu, X. J., Du, L. B., & Wang, S. (2022). Correlation of the detection rate of upper GI cancer with artificial intelligence score: results from a multicenter trial (with video). *Gastrointestinal endoscopy*, *95*(6), 1138-1146.e2. https://doi.org/10.1016/j.gie.2021.12.019"
36303579.0,2022,"Liu, X.","Liu, X.; Xing, F.; Marin, T.; Fakhri, G. E.; Woo, J.",5,Variational Inference for Quantifying Inter-observer Variability in Segmentation of Anatomical Structures.,Proceedings of SPIE--the International Society for Optical Engineering,10.1117/12.2604547,T4 Noisy / soft / multi-annotator labels,T4 Noisy / soft / multi-annotator labels,3.0,database search (PubMed/MEDLINE),,"Lesions or organ boundaries visible through medical imaging data are often ambiguous, thus resulting in significant variations in multi-reader delineations, i.e., the source of aleatoric uncertainty. In particular, quantifying the inter-observer variability of manual annotations with Magnetic Resonance (MR) Imaging data plays a crucial role in establishing a reference standard for various diagnosis and treatment tasks. Most segmentation methods, however, simply model a mapping from an image to its single segmentation map and do not take the disagreement of annotators into consideration. In order to account for inter-observer variability, without sacrificing accuracy, we propose a novel variational inference framework to model the distribution of plausible segmentation maps, given a specific MR image, which explicitly represents the multi-reader variability. Specifically, we resort to a latent vector to encode the multi-reader variability and counteract the inherent information loss in the imaging data. Then, we apply a variational autoencoder network and optimize its evidence lower bound (ELBO) to efficiently approximate the distribution of the segmentation map, given an MR image. Experimental results, carried out with the QUBIQ brain growth MRI segmentation datasets with seven annotators, demonstrate the effectiveness of our approach.",12032,,,120321M,"Liu, X., Xing, F., Marin, T., Fakhri, G. E., & Woo, J. (2022). Variational Inference for Quantifying Inter-observer Variability in Segmentation of Anatomical Structures. *Proceedings of SPIE--the International Society for Optical Engineering*, *12032*. https://doi.org/10.1117/12.2604547"
,2022,"Liu, Z.","Liu, Z.; Mao, H.; Wu, C.-Y.; Feichtenhofer, C.; Darrell, T.; Xie, S.",6,A ConvNet for the 2020s,Proceedings of the IEEE/CVF Conference on Computer Vision and Pattern Recognition (CVPR),10.1109/CVPR52688.2022.01167,T1 Landmark recognition in UGI endoscopy,T1 Landmark recognition in UGI endoscopy,,"other methods (hand-searched, not MEDLINE-indexed)",ConvNeXt; the architecture family giving the GastroHUN baseline.,,,,,,"Liu, Z., Mao, H., Wu, C.-Y., Feichtenhofer, C., Darrell, T., & Xie, S. (2022). A ConvNet for the 2020s. *Proceedings of the IEEE/CVF Conference on Computer Vision and Pattern Recognition (CVPR)*. https://doi.org/10.1109/CVPR52688.2022.01167"
42334709.0,2026,"Long, F.","Long, F.; Zhang, H.; Zhang, S.; Dong, Z.; Huang, X.; Hu, R.",6,Machine learning applications in the detection and treatment of esophageal cancer.,Discover oncology,10.1007/s12672-026-05477-0,T6 External validation & dataset shift,T6 External validation & dataset shift,4.0,database search (PubMed/MEDLINE),,"Esophageal cancer (EC) is a gastrointestinal malignancy associated with a poor prognosis worldwide. It is characterized by an insidious onset, marked tumor heterogeneity, and complex diagnostic and therapeutic pathways. Consequently, clinical management continues to face challenges in early screening, accurate diagnosis, and the assessment of treatment response and prognosis. In recent years, the rapid advancement of artificial intelligence (AI) and machine learning (ML) techniques in medical image analysis and multidimensional data modeling has provided novel technological approaches for the precision diagnosis and treatment of EC. This narrative review summarizes recent advances in the application of AI in EC, with a particular focus on endoscopic and imaging-assisted diagnosis, prediction of treatment response and prognostic assessment. Existing studies have reported promising diagnostic performance of deep learning-based endoscopic image analysis models. In some controlled or retrospective settings, their performance has approached that of expert readers in the detection of EC and precancerous lesions, although prospective validation remains limited. ML models integrating clinical information, radiomic features, and selected biomarkers have also shown promising performance in predicting treatment response and supporting risk stratification. However, most existing studies are based on retrospective, single-center, or regionally confined datasets and are subject to several limitations, including population heterogeneity, insufficient data standardization, limited external validation, and poor model interpretability, which collectively hinder clinical translation. Overall, AI holds great promise for the precision management of EC; however, its clinical translation still depends on multicenter collaboration, the establishment of high-quality datasets, prospective validation studies, and the parallel development of ethical and regulatory frameworks.",17,1,,952,"Long, F., Zhang, H., Zhang, S., Dong, Z., Huang, X., & Hu, R. (2026). Machine learning applications in the detection and treatment of esophageal cancer. *Discover oncology*, *17*(1). https://doi.org/10.1007/s12672-026-05477-0"
41336747.0,2025,"Lopes, I.","Lopes, I.; Almeida, E.; Libanio, D.; Dinis-Ribeiro, M.; Coimbra, M.; Renna, F.",6,On the impact of input resolution on CNN-based gastrointestinal endoscopic image classification.,Annual International Conference of the IEEE Engineering in Medicine and Biology Society. IEEE Engineering in Medicine and Biology Society. Annual International Conference,10.1109/EMBC58623.2025.11254367,T1 Landmark recognition in UGI endoscopy,T1 Landmark recognition in UGI endoscopy,3.0,database search (PubMed/MEDLINE),,"Gastric cancer (GC) remains a significant global health issue, and convolutional neural networks (CNNs) have shown their high potential for detecting precancerous gastrointestinal (GI) conditions on endoscopic images [1] [2]. Despite the need for high resolution to capture the complexity of GI tissue patterns, the impact of endoscopic image resolution on the performance of these models remains underexplored. This study investigates how different image resolutions affect CNNs classification of intestinal metaplasia (IM) using two datasets with different resolutions and imaging modalities. Our results reveal that the often adopted input resolution of 224×224 pixels does not provide optimal performance for detecting IM, even when using transfer learning from networks pre-trained on images with this resolution. Higher resolutions, such as 512×512, consistently outperform 224 × 224, with notable improvements in F1-scores (e.g., InceptionV3: 94.46% at 512 × 512 vs. 91.49% at 224 × 224). Additionally, our findings indicate that model performance is constrained by the original image quality, underscoring the critical importance of maintaining the higher original image resolutions and quality provided by endoscopes during clinical exams, for the purposes of training and testing CNNs for gastric cancer management.Clinical Relevance- This research highlights the importance of image quality, particularly when endoscopes capture lower-resolution images. Understanding how image resolution impacts diagnostic accuracy can guide clinicians in improving imaging techniques and employing Artificial Intelligence-driven tools effectively for more accurate GC detection and better patient outcomes.",2025,,1-4,10.1109/EMBC58623.2025.11254367,"Lopes, I., Almeida, E., Libanio, D., Dinis-Ribeiro, M., Coimbra, M., & Renna, F. (2025). On the impact of input resolution on CNN-based gastrointestinal endoscopic image classification. *Annual International Conference of the IEEE Engineering in Medicine and Biology Society. IEEE Engineering in Medicine and Biology Society. Annual International Conference*, *2025*, 1-4. https://doi.org/10.1109/EMBC58623.2025.11254367"
36140296.0,2022,"Mahmood, S.","Mahmood, S.; Fareed, M. M. S.; Ahmed, G.; Dawood, F.; Zikria, S.; Mostafa, A.; Jilani, S. F.; Asad, M.; Aslam, M.",9,A Robust Deep Model for Classification of Peptic Ulcer and Other Digestive Tract Disorders Using Endoscopic Images.,Biomedicines,10.3390/biomedicines10092195,T1 Landmark recognition in UGI endoscopy,T1 Landmark recognition in UGI endoscopy,4.0,database search (PubMed/MEDLINE),,"Accurate patient disease classification and detection through deep-learning (DL) models are increasingly contributing to the area of biomedical imaging. The most frequent gastrointestinal (GI) tract ailments are peptic ulcers and stomach cancer. Conventional endoscopy is a painful and hectic procedure for the patient while Wireless Capsule Endoscopy (WCE) is a useful technology for diagnosing GI problems and doing painless gut imaging. However, there is still a challenge to investigate thousands of images captured during the WCE procedure accurately and efficiently because existing deep models are not scored with significant accuracy on WCE image analysis. So, to prevent emergency conditions among patients, we need an efficient and accurate DL model for real-time analysis. In this study, we propose a reliable and efficient approach for classifying GI tract abnormalities using WCE images by applying a deep Convolutional Neural Network (CNN). For this purpose, we propose a custom CNN architecture named GI Disease-Detection Network (GIDD-Net) that is designed from scratch with relatively few parameters to detect GI tract disorders more accurately and efficiently at a low computational cost. Moreover, our model successfully distinguishes GI disorders by visualizing class activation patterns in the stomach bowls as a heat map. The Kvasir-Capsule image dataset has a significant class imbalance problem, we exploited a synthetic oversampling technique BORDERLINE SMOTE (BL-SMOTE) to evenly distribute the image among the classes to prevent the problem of class imbalance. The proposed model is evaluated against various metrics and achieved the following values for evaluation metrics: 98.9%, 99.8%, 98.9%, 98.9%, 98.8%, and 0.0474 for accuracy, AUC, F1-score, precision, recall, and loss, respectively. From the simulation results, it is noted that the proposed model outperforms other state-of-the-art models in all the evaluation metrics.",10,9,,2195,"Mahmood, S., Fareed, M. M. S., Ahmed, G., Dawood, F., Zikria, S., Mostafa, A., Jilani, S. F., Asad, M., & Aslam, M. (2022). A Robust Deep Model for Classification of Peptic Ulcer and Other Digestive Tract Disorders Using Endoscopic Images. *Biomedicines*, *10*(9). https://doi.org/10.3390/biomedicines10092195"
41404996.0,2026,"Maida, M.","Maida, M.; Vitello, A.; Macaluso, F. S.; Daperno, M.; Mocci, G.; Rispo, A.; Calabrese, G.; Decarli, N. L.; Laschi, L.; Fattorini, C.; Locci, G.; Sordo, R. D.; Ligresti, D.; Tacelli, M.; Furnari, M.; Sferrazza, S.; Marasco, G.; Facciorusso, A.; Orlando, A.; Villanacci, V.",20,Performance of GPT-5 in the Interpretation of IBD Histopathology Reports.,United European gastroenterology journal,10.1002/ueg2.70161,T3 Inter-observer variability in endoscopy,T3 Inter-observer variability in endoscopy,5.0,database search (PubMed/MEDLINE),,"Histopathological interpretation is crucial for diagnosing inflammatory bowel disease (IBD), distinguishing between Crohn's Disease (CD), Ulcerative Colitis (UC), IBD-Unclassified (IBD-U), and Non-IBD colitis (NIBDC). However, interobserver variability and limited expertise can reduce diagnostic accuracy. Large Language Models (LLMs) such as GPT-5 may offer clinical support in interpreting histology reports. We analyzed 100 real-life histological reports from ileo-colonoscopies, equally representing CD, UC, IBD-U, and NIBDC, collected across five Italian healthcare centers, including both IBD-specialized and non-specialized hospitals. A reference standard was established by an expert pathologist. Independent classifications were generated by GPT-5, five gastrointestinal pathologists, five IBD-expert gastroenterologists (GIs), and five non-expert GIs. Diagnostic performance (accuracy, recall, precision, F1-score), agreement with the reference standard (Cohen's κ), and inter-rater reliability (Fleiss' κ) were assessed. GPT-5 achieved the highest agreement with the reference standard with the highest accuracy (76.0%), compared to pathologists (68.6%), IBD-experts (69.2%), and non-experts (63.2%). Agreement with the reference standard was substantial for GPT-5 (κ = 0.671) and moderate for human groups (κ = 0.508-0.588). GPT-5 showed perfect recall for CD and UC, high recall for NIBDC (96.0%), but poor performance for IBD-U (recall 8.0%, F1-score 14.3%). Fleiss' κ indicated moderate agreement among pathologists and IBD-experts, and fair agreement among non-experts. GPT-5 demonstrated reliable performance in interpreting IBD histological reports, exhibiting high accuracy and strong agreement with the reference standard. While unreliable for IBD-U, GPT-5 may serve as a supportive tool in histopathological interpretation of IBD, particularly in centers with limited access to expert pathologists or IBD-specialists.",14,1,e70161,e70161,"Maida, M., Vitello, A., Macaluso, F. S., Daperno, M., Mocci, G., Rispo, A., Calabrese, G., Decarli, N. L., Laschi, L., Fattorini, C., Locci, G., Sordo, R. D., Ligresti, D., Tacelli, M., Furnari, M., Sferrazza, S., Marasco, G., Facciorusso, A., Orlando, A., & Villanacci, V. (2026). Performance of GPT-5 in the Interpretation of IBD Histopathology Reports. *United European gastroenterology journal*, *14*(1), e70161. https://doi.org/10.1002/ueg2.70161"
34387253.0,2021,"Moore, M.","Moore, M.; Sharma, P.",2,Updates in artificial intelligence in gastroenterology endoscopy in 2020.,Current opinion in gastroenterology,10.1097/MOG.0000000000000774,T2 Endoscopic quality & blind-spot audit,T2 Endoscopic quality & blind-spot audit,4.0,database search (PubMed/MEDLINE),,"Artificial intelligence is becoming rapidly integrated into modern technology including medicine. Artificial intelligence has a wide range of potential in gastroenterology, particularly with endoscopy, given the required analysis of large datasets of images. The aim of this review is to summarize the advances of artificial intelligence in gastroenterology (GI) endoscopy over the past year. Computer-aided detection (CADe) systems during real-time colonoscopy have resulted in increased adenoma detection rate with no significant increase in procedure times. Deep learning techniques have been utilized to accurately assess bowel preparation quality, which would impact surveillance colonoscopy recommendations. For the upper GI tract, CADe systems have been developed to aid in improving the diagnosis of Barrett's neoplasia during real-time endoscopy. Artificial intelligence-assisted real-time endoscopy has been shown to reduce blind spots during EGD. The application of artificial intelligence in gastroenterology endoscopy remains promising. Advances over the past year include improved detection of GI neoplasia during endoscopy and characterization of lesions. Further research including randomized, multicenter trials are needed to further evaluate the use of artificial intelligence for real-time endoscopy.",37,5,428-433,10.1097/MOG.0000000000000774,"Moore, M., & Sharma, P. (2021). Updates in artificial intelligence in gastroenterology endoscopy in 2020. *Current opinion in gastroenterology*, *37*(5), 428-433. https://doi.org/10.1097/MOG.0000000000000774"
38901270.0,2024,"Mäenpää, S. M.","Mäenpää, S. M.; Korja, M.",2,Diagnostic test accuracy of externally validated convolutional neural network (CNN) artificial intelligence (AI) models for emergency head CT scans - A systematic review.,International journal of medical informatics,10.1016/j.ijmedinf.2024.105523,T7 Reporting standards for medical AI,T7 Reporting standards for medical AI,5.0,database search (PubMed/MEDLINE),,"The surge in emergency head CT imaging and artificial intelligence (AI) advancements, especially deep learning (DL) and convolutional neural networks (CNN), have accelerated the development of computer-aided diagnosis (CADx) for emergency imaging. External validation assesses model generalizability, providing preliminary evidence of clinical potential. This study systematically reviews externally validated CNN-CADx models for emergency head CT scans, critically appraises diagnostic test accuracy (DTA), and assesses adherence to reporting guidelines. Studies comparing CNN-CADx model performance to reference standard were eligible. The review was registered in PROSPERO (CRD42023411641) and conducted on Medline, Embase, EBM-Reviews and Web of Science following PRISMA-DTA guideline. DTA reporting were systematically extracted and appraised using standardised checklists (STARD, CHARMS, CLAIM, TRIPOD, PROBAST, QUADAS-2). Six of 5636 identified studies were eligible. The common target condition was intracranial haemorrhage (ICH), and intended workflow roles auxiliary to experts. Due to methodological and clinical between-study variation, meta-analysis was inappropriate. The scan-level sensitivity exceeded 90 % in 5/6 studies, while specificities ranged from 58,0-97,7 %. The SROC 95 % predictive region was markedly broader than the confidence region, ranging above 50 % sensitivity and 20 % specificity. All studies had unclear or high risk of bias and concern for applicability (QUADAS-2, PROBAST), and reporting adherence was below 50 % in 20 of 32 TRIPOD items. 0.01 % of identified studies met the eligibility criteria. The evidence on the DTA of CNN-CADx models for emergency head CT scans remains limited in the scope of this review, as the reviewed studies were scarce, inapt for meta-analysis and undermined by inadequate methodological conduct and reporting. Properly conducted, external validation remains preliminary for evaluating the clinical potential of AI-CADx models, but prospective and pragmatic clinical validation in comparative trials remains most crucial. In conclusion, future AI-CADx research processes should be methodologically standardized and reported in a clinically meaningful way to avoid research waste.",189,,105523,10.1016/j.ijmedinf.2024.105523,"Mäenpää, S. M., & Korja, M. (2024). Diagnostic test accuracy of externally validated convolutional neural network (CNN) artificial intelligence (AI) models for emergency head CT scans - A systematic review. *International journal of medical informatics*, *189*, 105523. https://doi.org/10.1016/j.ijmedinf.2024.105523"
32213531.0,2020,"Nagendran, M.","Nagendran, M.; Chen, Y.; Lovejoy, C. A.; Gordon, A. C.; Komorowski, M.; Harvey, H.; Topol, E. J.; Ioannidis, J. P. A.; Collins, G. S.; Maruthappu, M.",10,"Artificial intelligence versus clinicians: systematic review of design, reporting standards, and claims of deep learning studies.",BMJ (Clinical research ed.),10.1136/bmj.m689,T7 Reporting standards for medical AI,T7 Reporting standards for medical AI,5.0,database search (PubMed/MEDLINE),,"To systematically examine the design, reporting standards, risk of bias, and claims of studies comparing the performance of diagnostic deep learning algorithms for medical imaging with that of expert clinicians. Systematic review. Medline, Embase, Cochrane Central Register of Controlled Trials, and the World Health Organization trial registry from 2010 to June 2019. Randomised trial registrations and non-randomised studies comparing the performance of a deep learning algorithm in medical imaging with a contemporary group of one or more expert clinicians. Medical imaging has seen a growing interest in deep learning research. The main distinguishing feature of convolutional neural networks (CNNs) in deep learning is that when CNNs are fed with raw data, they develop their own representations needed for pattern recognition. The algorithm learns for itself the features of an image that are important for classification rather than being told by humans which features to use. The selected studies aimed to use medical imaging for predicting absolute risk of existing disease or classification into diagnostic groups (eg, disease or non-disease). For example, raw chest radiographs tagged with a label such as pneumothorax or no pneumothorax and the CNN learning which pixel patterns suggest pneumothorax. Adherence to reporting standards was assessed by using CONSORT (consolidated standards of reporting trials) for randomised studies and TRIPOD (transparent reporting of a multivariable prediction model for individual prognosis or diagnosis) for non-randomised studies. Risk of bias was assessed by using the Cochrane risk of bias tool for randomised studies and PROBAST (prediction model risk of bias assessment tool) for non-randomised studies. Only 10 records were found for deep learning randomised clinical trials, two of which have been published (with low risk of bias, except for lack of blinding, and high adherence to reporting standards) and eight are ongoing. Of 81 non-randomised clinical trials identified, only nine were prospective and just six were tested in a real world clinical setting. The median number of experts in the comparator group was only four (interquartile range 2-9). Full access to all datasets and code was severely limited (unavailable in 95% and 93% of studies, respectively). The overall risk of bias was high in 58 of 81 studies and adherence to reporting standards was suboptimal (<50% adherence for 12 of 29 TRIPOD items). 61 of 81 studies stated in their abstract that performance of artificial intelligence was at least comparable to (or better than) that of clinicians. Only 31 of 81 studies (38%) stated that further prospective studies or trials were required. Few prospective deep learning studies and randomised trials exist in medical imaging. Most non-randomised trials are not prospective, are at high risk of bias, and deviate from existing reporting standards. Data and code availability are lacking in most studies, and human comparator groups are often small. Future studies should diminish risk of bias, enhance real world clinical relevance, improve reporting and transparency, and appropriately temper conclusions. PROSPERO CRD42019123605.",368,,m689,m689,"Nagendran, M., Chen, Y., Lovejoy, C. A., Gordon, A. C., Komorowski, M., Harvey, H., Topol, E. J., Ioannidis, J. P. A., Collins, G. S., & Maruthappu, M. (2020). Artificial intelligence versus clinicians: systematic review of design, reporting standards, and claims of deep learning studies. *BMJ (Clinical research ed.)*, *368*, m689. https://doi.org/10.1136/bmj.m689"
40341783.0,2025,"Nezhad, S. A.","Nezhad, S. A.; Tajeddin, G.; Khatibi, T.; Sohrabi, M.",4,Self-supervised learning framework for efficient classification of endoscopic images using pretext tasks.,PloS one,10.1371/journal.pone.0322028,T1 Landmark recognition in UGI endoscopy,T1 Landmark recognition in UGI endoscopy,4.0,database search (PubMed/MEDLINE),,"Identifying anatomical landmarks in endoscopic video frames is essential for the early diagnosis of gastrointestinal diseases. However, this task remains challenging due to variability in visual characteristics across different regions and the limited availability of annotated data. In this study, we propose a novel self-supervised learning (SSL) framework that integrates three complementary pretext task, colorization, jigsaw puzzle solving, and patch prediction, to enhance feature learning from unlabeled endoscopic images. By leveraging these tasks, our model extracts rich, meaningful representations, improving the downstream classification of Z-line, esophageal, and antrum/pylorus regions. To further enhance feature extraction and model interpretability, we incorporate attention mechanisms, transformer-based architectures, and Grad-CAM visualization. The integration of attention layers and transformers strengthens the model's ability to learn discriminative and generalizable features, while Grad-CAM improves explainability by highlighting critical decision-making regions. These enhancements make our approach more suitable for clinical deployment, ensuring both high accuracy and interpretability. We evaluate our proposed framework on a comprehensive dataset, demonstrating substantial improvements in classification accuracy, precision, recall, and F1-score compared to conventional models trained without SSL. Specifically, our combined model achieves a classification accuracy of 98%, with high precision and recall across all classes, as reflected in ROC curves and confusion matrices. These results underscore the effectiveness of pretext-task-based SSL, attention mechanism, and transformers for anatomical landmark identification in endoscopic video frames. Our work introduces a scalable and interpretable methodology for improving endoscopic image classification, reducing reliance on large annotated datasets while enhancing model performance in real-world clinical applications. Future research will explore validation on diverse datasets, real-time diagnostic integration, and scalability to further advance medical image analysis using SSL.",20,5,e0322028,e0322028,"Nezhad, S. A., Tajeddin, G., Khatibi, T., & Sohrabi, M. (2025). Self-supervised learning framework for efficient classification of endoscopic images using pretext tasks. *PloS one*, *20*(5), e0322028. https://doi.org/10.1371/journal.pone.0322028"
38101690.0,2024,"Peluso, A.","Peluso, A.; Danciu, I.; Yoon, H. J.; Yusof, J. M.; Bhattacharya, T.; Spannaus, A.; Schaefferkoetter, N.; Durbin, E. B.; Wu, X. C.; Stroup, A.; Doherty, J.; Schwartz, S.; Wiggins, C.; Coyle, L.; Penberthy, L.; Tourassi, G. D.; Gao, S.",17,Deep learning uncertainty quantification for clinical text classification.,Journal of biomedical informatics,10.1016/j.jbi.2023.104576,T5 Uncertainty & calibration,T5 Uncertainty & calibration,2.0,database search (PubMed/MEDLINE),,"Machine learning algorithms are expected to work side-by-side with humans in decision-making pipelines. Thus, the ability of classifiers to make reliable decisions is of paramount importance. Deep neural networks (DNNs) represent the state-of-the-art models to address real-world classification. Although the strength of activation in DNNs is often correlated with the network's confidence, in-depth analyses are needed to establish whether they are well calibrated. In this paper, we demonstrate the use of DNN-based classification tools to benefit cancer registries by automating information extraction of disease at diagnosis and at surgery from electronic text pathology reports from the US National Cancer Institute (NCI) Surveillance, Epidemiology, and End Results (SEER) population-based cancer registries. In particular, we introduce multiple methods for selective classification to achieve a target level of accuracy on multiple classification tasks while minimizing the rejection amount-that is, the number of electronic pathology reports for which the model's predictions are unreliable. We evaluate the proposed methods by comparing our approach with the current in-house deep learning-based abstaining classifier. Overall, all the proposed selective classification methods effectively allow for achieving the targeted level of accuracy or higher in a trade-off analysis aimed to minimize the rejection rate. On in-distribution validation and holdout test data, with all the proposed methods, we achieve on all tasks the required target level of accuracy with a lower rejection rate than the deep abstaining classifier (DAC). Interpreting the results for the out-of-distribution test data is more complex; nevertheless, in this case as well, the rejection rate from the best among the proposed methods achieving 97% accuracy or higher is lower than the rejection rate based on the DAC. We show that although both approaches can flag those samples that should be manually reviewed and labeled by human annotators, the newly proposed methods retain a larger fraction and do so without retraining-thus offering a reduced computational cost compared with the in-house deep learning-based abstaining classifier.",149,,104576,10.1016/j.jbi.2023.104576,"Peluso, A., Danciu, I., Yoon, H. J., Yusof, J. M., Bhattacharya, T., Spannaus, A., Schaefferkoetter, N., Durbin, E. B., Wu, X. C., Stroup, A., Doherty, J., Schwartz, S., Wiggins, C., Coyle, L., Penberthy, L., Tourassi, G. D., & Gao, S. (2024). Deep learning uncertainty quantification for clinical text classification. *Journal of biomedical informatics*, *149*, 104576. https://doi.org/10.1016/j.jbi.2023.104576"
41642745.0,2026,"Putera, M.","Putera, M.; Koh, F. H. X.; Li, J. W.",3,Controversies in Computer-Assisted Detection in Colonoscopy.,Digestion,10.1159/000550268,T2 Endoscopic quality & blind-spot audit,T2 Endoscopic quality & blind-spot audit,3.0,database search (PubMed/MEDLINE),,"Artificial intelligence (AI) applications in endoscopy, particularly computer-aided detection (CADe), have shown consistent benefit in randomized controlled trials (RCTs), with improvements in adenoma detection rate (ADR) and reductions in adenoma miss rate (AMR). Despite these findings, adoption of CADe in routine colonoscopy remains controversial, with international guidelines issuing divergent recommendations. Evidence from RCTs demonstrates that CADe increases ADR, predominantly through detection of diminutive adenomas, while its effect on advanced adenomas is limited. Real-world implementation studies show comparatively diminished benefits, likely explained by factors which are difficult to measure, such as the absence of Hawthorne effect in real-world practice, the quality of mucosal exposure and decision-making regarding diminutive polyps. Cost-effectiveness analyses generally favour CADe even with varying assumptions across healthcare systems, although these are based on the high degree of improvement in ADR seen in RCTs with CADe. Potential harms include increased polypectomy of non-neoplastic lesions, higher lifetime colonoscopy burden, and the risk of deskilling among endoscopists. Concerns remain about bridging the gap between trial efficacy and real-world effectiveness, optimizing surveillance intervals, and mitigating deskilling and human-AI interaction issues. (1) CADe improves ADR in RCTs, but real-world effectiveness is inconsistent and often lacklustre. (2) Gains in ADR are largely derived from diminutive adenomas, and less with advanced adenomas, with uncertain impact on clinically significant outcomes such as colorectal cancer incidence and mortality. (3) Cost-effectiveness analyses are generally favourable, but dependent on assumptions about ADR improvement, CADe cost, and surveillance policies. (4) Deskilling and altered endoscopist behaviour represent important considerations that require further study. (5) Future integration of CADe with computer-aided diagnosis (CADx) and quality-assurance (CAQ) tools may maximize clinical benefit and cost-effectiveness, but evidence gaps must be addressed before widespread implementation.",,,1-14,10.1159/000550268,"Putera, M., Koh, F. H. X., & Li, J. W. (2026). Controversies in Computer-Assisted Detection in Colonoscopy. *Digestion*, 1-14. https://doi.org/10.1159/000550268"
39791555.0,2025,"Qin, J.","Qin, J.; Ma, L.; Zhou, M. Y.; Li, W. B.; Xiao, M. S.; Niu, Z. H.; Yang, H.; Zhu, Q. L.",8,Determining the Accuracy and Interobserver Agreement of 4 Ultrasound Scores in Crohn's Disease Assessment: Correlations With Endoscopy.,Clinical and translational gastroenterology,10.14309/ctg.0000000000000812,T3 Inter-observer variability in endoscopy,T3 Inter-observer variability in endoscopy,4.0,database search (PubMed/MEDLINE),,"Gastrointestinal ultrasound (GIUS) is recommended for monitoring Crohn's disease (CD). GIUS scores are used to quantify CD activity. Among them, International Bowel Ultrasound Segmental Activity Score (IBUS-SAS), Bowel Ultrasound Score (BUSS), Simple Ultrasound Score, and Simple Ultrasound Score for Crohn's Disease are most commonly used. The aim of this study was to compare and correlate the performance of such indicators with endoscopic activity and to calculate interobserver agreement. Consecutive patients with CD at our hospital between June 2015 and July 2021 were retrospectively enrolled. All patients underwent ileocolonoscopy after medical treatment. GIUS was performed within 2 weeks, and 4 GIUS scores were independently calculated. Receiver operating characteristic curve analyses were used to determine a cutoff value. Cohen kappa (κ) coefficient was calculated to estimate the agreement between GIUS findings. A total of 106 patients with CD were enrolled. 80.2% (85/106) were endoscopic active (Simple Endoscopic Score for Crohn's disease ≥3), and 8.49% (9/106) were severe cases (Simple Endoscopic Score for Crohn's disease ≥9). All GIUS features (bowel wall thickness, color Doppler signs, bowel wall stratification, inflammatory signals at the mesentery) were statistically significant in assessing CD activity ( P < 0.05). IBUS-SAS showed the highest area under the curve (0.98; 95% CI: 0.96-1.00) and specificity (95.2%) for a cutoff value of 46.50. However, IBUS-SAS had only moderate agreement (Cohen κ = 0.427; P < 0.001). BUSS had substantial interobserver agreement (Cohen κ = 0.947; P < 0.001), with a similar diagnostic value (sensitivity, 100.0%; accuracy, 95.3%; area under the curve of 0.96 [95% CI: 0.91-1.00] for a cutoff value of 4.58). GIUS score is an efficient and reliable method to assess CD activity. BUSS achieved a high accuracy and excellent interobserver agreement, which is more suitable for treatment assessment.",16,4,e00812,e00812,"Qin, J., Ma, L., Zhou, M. Y., Li, W. B., Xiao, M. S., Niu, Z. H., Yang, H., & Zhu, Q. L. (2025). Determining the Accuracy and Interobserver Agreement of 4 Ultrasound Scores in Crohn's Disease Assessment: Correlations With Endoscopy. *Clinical and translational gastroenterology*, *16*(4), e00812. https://doi.org/10.14309/ctg.0000000000000812"
37408330.0,2023,"Quek, S. X. Z.","Quek, S. X. Z.; Lee, J. W. J.; Feng, Z.; Soh, M. M.; Tokano, M.; Guan, Y. K.; So, J. B. Y.; Tada, T.; Koh, C. J.",9,Comparing artificial intelligence to humans for endoscopic diagnosis of gastric neoplasia: An external validation study.,Journal of gastroenterology and hepatology,10.1111/jgh.16274,T6 External validation & dataset shift,T6 External validation & dataset shift,3.0,database search (PubMed/MEDLINE),,"Artificial intelligence (AI) uses deep learning functionalities that may enhance the detection of early gastric cancer during endoscopy. An AI-based endoscopic system for upper endoscopy was recently developed in Japan. We aim to validate this AI-based system in a Singaporean cohort. There were 300 de-identified still images prepared from endoscopy video files obtained from subjects that underwent gastroscopy in National University Hospital (NUH). Five specialists and 6 non-specialists (trainees) from NUH were assigned to read and categorize the images into ""neoplastic"" or ""non-neoplastic."" Results were then compared with the readings performed by the endoscopic AI system. The mean accuracy, sensitivity, and specificity for the 11 endoscopists were 0.847, 0.525, and 0.872, respectively. These values for the AI-based system were 0.777, 0.591, and 0.791, respectively. While AI in general did not perform better than endoscopists on the whole, in the subgroup of high-grade dysplastic lesions, only 29.1% were picked up by the endoscopist rating, but 80% were classified as neoplastic by AI (P = 0.0011). The average diagnostic time was also faster in AI compared with endoscopists (677.1 s vs 42.02 s (P < 0.001). We demonstrated that an AI system developed in another health system was comparable in diagnostic accuracy in the evaluation of static images. AI systems are faster and not fatigable and may have a role in augmenting human diagnosis during endoscopy. With more advances in AI and larger studies to support its efficacy it would likely play a larger role in screening endoscopy in future.",38,9,1587-1591,10.1111/jgh.16274,"Quek, S. X. Z., Lee, J. W. J., Feng, Z., Soh, M. M., Tokano, M., Guan, Y. K., So, J. B. Y., Tada, T., & Koh, C. J. (2023). Comparing artificial intelligence to humans for endoscopic diagnosis of gastric neoplasia: An external validation study. *Journal of gastroenterology and hepatology*, *38*(9), 1587-1591. https://doi.org/10.1111/jgh.16274"
40455037.0,2025,"Rashidisabet, H.","Rashidisabet, H.; Chan, R. V. P.; Leiderman, Y. I.; Vajaranant, T. S.; Yi, D.",5,Robust Uncertainty-Informed Glaucoma Classification Under Data Shift.,Translational vision science & technology,10.1167/tvst.14.6.3,T5 Uncertainty & calibration,T5 Uncertainty & calibration,2.0,database search (PubMed/MEDLINE),,"Standard deep learning (DL) models often suffer significant performance degradation on out-of-distribution (OOD) data, where test data differs from training data, a common challenge in medical imaging due to real-world variations. We propose a unified self-censorship framework as an alternative to the standard DL models for glaucoma classification using deep evidential uncertainty quantification. Our approach detects OOD samples at both the dataset and image levels. Dataset-level self-censorship enables users to accept or reject predictions for an entire new dataset based on model uncertainty, whereas image-level self-censorship refrains from making predictions on individual OOD images rather than risking incorrect classifications. We validated our approach across diverse datasets. Our dataset-level self-censorship method outperforms the standard DL model in OOD detection, achieving an average 11.93% higher area under the curve (AUC) across 14 OOD datasets. Similarly, our image-level self-censorship model improves glaucoma classification accuracy by an average of 17.22% across 4 external glaucoma datasets against baselines while censoring 28.25% more data. Our approach addresses the challenge of generalization in standard DL models for glaucoma classification across diverse datasets by selectively withholding predictions when the model is uncertain. This method reduces misclassification errors compared to state-of-the-art baselines, particularly for OOD cases. This study introduces a tunable framework that explores the trade-off between prediction accuracy and data retention in glaucoma prediction. By managing uncertainty in model outputs, the approach lays a foundation for future decision support tools aimed at improving the reliability of automated glaucoma diagnosis.",14,6,3,3,"Rashidisabet, H., Chan, R. V. P., Leiderman, Y. I., Vajaranant, T. S., & Yi, D. (2025). Robust Uncertainty-Informed Glaucoma Classification Under Data Shift. *Translational vision science & technology*, *14*(6), 3. https://doi.org/10.1167/tvst.14.6.3"
40934552.0,2025,"Riera-Marín, M.","Riera-Marín, M.; O K, S.; Rodríguez-Comas, J.; May, M. S.; Pan, Z.; Zhou, X.; Liang, X.; Erick, F. X.; Prenner, A.; Hémon, C.; Boussot, V.; Dillenseger, J. L.; Nunes, J. C.; Qayyum, A.; Mazher, M.; Niederer, S. A.; Kushibar, K.; Martín-Isla, C.; Radeva, P.; Lekadir, K.; Barfoot, T.; Garcia Peraza Herrera, L. C.; Glocker, B.; Vercauteren, T.; Gago, L.; Englemann, J.; Kleiss, J. M.; Aubanell, A.; Antolin, A.; García-López, J.; González Ballester, M. A.; Galdrán, A.",32,Calibration and Uncertainty for multiRater Volume Assessment in multiorgan Segmentation (CURVAS) challenge results.,Computers in biology and medicine,10.1016/j.compbiomed.2025.111024,T4 Noisy / soft / multi-annotator labels,T4 Noisy / soft / multi-annotator labels; T5 Uncertainty & calibration,6.0,database search (PubMed/MEDLINE),,"Deep learning (DL) has become the dominant approach for medical image segmentation, yet ensuring the reliability and clinical applicability of these models requires addressing key challenges such as annotation variability, calibration, and uncertainty estimation. This is why we created the Calibration and Uncertainty for multiRater Volume Assessment in multiorgan Segmentation (CURVAS), which highlights the critical role of multiple annotators in establishing a more comprehensive ground truth, emphasizing that segmentation is inherently subjective and that leveraging inter-annotator variability is essential for robust model evaluation. Seven teams participated in the challenge, submitting a variety of DL models evaluated using metrics such as Dice Similarity Coefficient (DSC), Expected Calibration Error (ECE), and Continuous Ranked Probability Score (CRPS). By incorporating consensus and dissensus ground truth, we assess how DL models handle uncertainty and whether their confidence estimates align with true segmentation performance. Our findings reinforce the importance of well-calibrated models, as better calibration is strongly correlated with the quality of the results. Furthermore, we demonstrate that segmentation models trained on diverse datasets and enriched with pre-trained knowledge exhibit greater robustness, particularly in cases deviating from standard anatomical structures. Notably, the best-performing models achieved high DSC and well-calibrated uncertainty estimates. This work underscores the need for multi-annotator ground truth, thorough calibration assessments, and uncertainty-aware evaluations to develop trustworthy and clinically reliable DL-based medical image segmentation models.",197,Pt B,111024,10.1016/j.compbiomed.2025.111024,"Riera-Marín, M., O K, S., Rodríguez-Comas, J., May, M. S., Pan, Z., Zhou, X., Liang, X., Erick, F. X., Prenner, A., Hémon, C., Boussot, V., Dillenseger, J. L., Nunes, J. C., Qayyum, A., Mazher, M., Niederer, S. A., Kushibar, K., Martín-Isla, C., Radeva, P., .. Galdrán, A. (2025). Calibration and Uncertainty for multiRater Volume Assessment in multiorgan Segmentation (CURVAS) challenge results. *Computers in biology and medicine*, *197*(Pt B), 111024. https://doi.org/10.1016/j.compbiomed.2025.111024"
36646146.0,2023,"Scheppach, M. W.","Scheppach, M. W.; Rauber, D.; Stallhofer, J.; Muzalyova, A.; Otten, V.; Manzeneder, C.; Schwamberger, T.; Wanzl, J.; Schlottmann, J.; Tadic, V.; Probst, A.; Schnoy, E.; Römmele, C.; Fleischmann, C.; Meinikheim, M.; Miller, S.; Märkl, B.; Stallmach, A.; Palm, C.; Messmann, H.; Ebigbo, A.",21,Detection of duodenal villous atrophy on endoscopic images using a deep learning algorithm.,Gastrointestinal endoscopy,10.1016/j.gie.2023.01.006,T6 External validation & dataset shift,T6 External validation & dataset shift,3.0,database search (PubMed/MEDLINE),,"Celiac disease with its endoscopic manifestation of villous atrophy (VA) is underdiagnosed worldwide. The application of artificial intelligence (AI) for the macroscopic detection of VA at routine EGD may improve diagnostic performance. A dataset of 858 endoscopic images of 182 patients with VA and 846 images from 323 patients with normal duodenal mucosa was collected and used to train a ResNet18 deep learning model to detect VA. An external dataset was used to test the algorithm, in addition to 6 fellows and 4 board-certified gastroenterologists. Fellows could consult the AI algorithm's result during the test. From their consultation distribution, a stratification of test images into ""easy"" and ""difficult"" was performed and used for classified performance measurement. External validation of the AI algorithm yielded values of 90%, 76%, and 84% for sensitivity, specificity, and accuracy, respectively. Fellows scored corresponding values of 63%, 72%, and 67% and experts scored 72%, 69%, and 71%, respectively. AI consultation significantly improved all trainee performance statistics. Although fellows and experts showed significantly lower performance for difficult images, the performance of the AI algorithm was stable. In this study, an AI algorithm outperformed endoscopy fellows and experts in the detection of VA on endoscopic still images. AI decision support significantly improved the performance of nonexpert endoscopists. The stable performance on difficult images suggests a further positive add-on effect in challenging cases.",97,5,911-916,10.1016/j.gie.2023.01.006,"Scheppach, M. W., Rauber, D., Stallhofer, J., Muzalyova, A., Otten, V., Manzeneder, C., Schwamberger, T., Wanzl, J., Schlottmann, J., Tadic, V., Probst, A., Schnoy, E., Römmele, C., Fleischmann, C., Meinikheim, M., Miller, S., Märkl, B., Stallmach, A., Palm, C., .. Ebigbo, A. (2023). Detection of duodenal villous atrophy on endoscopic images using a deep learning algorithm. *Gastrointestinal endoscopy*, *97*(5), 911-916. https://doi.org/10.1016/j.gie.2023.01.006"
40378868.0,2025,"Schott, B.","Schott, B.; Santoro-Fernandes, V.; Klaneček, Ž.; Perlman, S.; Jeraj, R.",5,Uncertainty quantification for deep learning-based metastatic lesion segmentation on whole body PET/CT.,Physics in medicine and biology,10.1088/1361-6560/add9df,T5 Uncertainty & calibration,T5 Uncertainty & calibration,2.0,database search (PubMed/MEDLINE),,"Objective.Deep learning models are increasingly being implemented for automated medical image analysis to inform patient care. Most models, however, lack uncertainty information, without which the reliability of model outputs cannot be ensured. Several uncertainty quantification (UQ) methods exist to capture model uncertainty. Yet, it is not clear which method is optimal for a given task. The purpose of this work was to investigate several commonly used UQ methods for the critical yet understudied task of metastatic lesion segmentation on whole body PET/CT.Approach.59 whole body68Ga-DOTATATE PET/CT images of patients undergoing theranostic treatment of metastatic neuroendocrine tumors were used in this work. A 3D U-Net was trained for lesion segmentation following five-fold cross validation. Uncertainty measures derived from four UQ methods-probability entropy, Monte Carlo dropout, deep ensembles, and test time augmentation-were investigated. Each uncertainty measure was assessed across four quantitative evaluations: (1) its ability to detect artificially degraded image data at low, medium, and high degradation magnitudes; (2) to detect false-positive (FP) predicted regions; (3) to recover false-negative (FN) predicted regions; and (4) to establish correlations with model biomarker extraction and segmentation performance metrics.Mainresults.Test time augmentation and probability entropy respectively achieved the highest and lowest degraded image detection at low (AUC = 0.54 vs. 0.68), medium (AUC = 0.70 vs. 0.82), and high (AUC = 0.83 vs. 0.90) degradation magnitudes. For detecting FPs, all UQ methods achieve strong performance, with AUC values ranging narrowly between 0.77 and 0.81. FN region recovery performance was strongest for test time augmentation and weakest for probability entropy. Performance for the correlation analysis was mixed, where the strongest performance was achieved by test time augmentation for SUVtotalcapture (ρ= 0.57) and segmentation Dice coefficient (ρ= 0.72), by Monte Carlo dropout for SUVmeancapture (ρ= 0.35), and by probability entropy for segmentation cross entropy (ρ= 0.96).Significance.Overall, test time augmentation demonstrated superior UQ performance and is recommended for use in metastatic lesion segmentation task. It also offers the advantage of being post hoc and computationally efficient. In contrast, probability entropy performed the worst, highlighting the need for advanced UQ approaches for this task.",70,11,,10.1088/1361-6560/add9df,"Schott, B., Santoro-Fernandes, V., Klaneček, Ž., Perlman, S., & Jeraj, R. (2025). Uncertainty quantification for deep learning-based metastatic lesion segmentation on whole body PET/CT. *Physics in medicine and biology*, *70*(11). https://doi.org/10.1088/1361-6560/add9df"
40297817.0,2025,"Smiley, A.","Smiley, A.; Villarreal-Zegarra, D.; Reategui-Rivera, C. M.; Escobar-Agreda, S.; Finkelstein, J.",5,"Methodological and reporting quality of machine learning studies on cancer diagnosis, treatment, and prognosis.",Frontiers in oncology,10.3389/fonc.2025.1555247,T7 Reporting standards for medical AI,T7 Reporting standards for medical AI,6.0,database search (PubMed/MEDLINE),,"This study aimed to evaluate the quality and transparency of reporting in studies using machine learning (ML) in oncology, focusing on adherence to the Consolidated Reporting Guidelines for Prognostic and Diagnostic Machine Learning Models (CREMLS), TRIPOD-AI (Transparent Reporting of a Multivariable Prediction Model for Individual Prognosis or Diagnosis), and PROBAST (Prediction Model Risk of Bias Assessment Tool). The literature search included primary studies published between February 1, 2024, and January 31, 2025, that developed or tested ML models for cancer diagnosis, treatment, or prognosis. To reflect the current state of the rapidly evolving landscape of ML applications in oncology, fifteen most recent articles in each category were selected for evaluation. Two independent reviewers screened studies and extracted data on study characteristics, reporting quality (CREMLS and TRIPOD+AI), risk of bias (PROBAST), and ML performance metrics. The most frequently studied cancer types were breast cancer (n=7/45; 15.6%), lung cancer (n=7/45; 15.6%), and liver cancer (n=5/45; 11.1%). The findings indicate several deficiencies in reporting quality, as assessed by CREMLS and TRIPOD+AI. These deficiencies primarily relate to sample size calculation, reporting on data quality, strategies for handling outliers, documentation of ML model predictors, access to training or validation data, and reporting on model performance heterogeneity. The methodological quality assessment using PROBAST revealed that 89% of the included studies exhibited a low overall risk of bias, and all studies have shown a low risk of bias in terms of applicability. Regarding the specific AI models identified as the best-performing, Random Forest (RF) and XGBoost were the most frequently reported, each used in 17.8% of the studies (n = 8). Additionally, our study outlines the specific areas where reporting is deficient, providing researchers with guidance to improve reporting quality in these sections and, consequently, reduce the risk of bias in their studies.",15,,1555247,1555247,"Smiley, A., Villarreal-Zegarra, D., Reategui-Rivera, C. M., Escobar-Agreda, S., & Finkelstein, J. (2025). Methodological and reporting quality of machine learning studies on cancer diagnosis, treatment, and prognosis. *Frontiers in oncology*, *15*, 1555247. https://doi.org/10.3389/fonc.2025.1555247"
34363763.0,2021,"Spadaccini, M.","Spadaccini, M.; Iannone, A.; Maselli, R.; Badalamenti, M.; Desai, M.; Chandrasekar, V. T.; Patel, H. K.; Fugazza, A.; Pellegatta, G.; Galtieri, P. A.; Lollo, G.; Carrara, S.; Anderloni, A.; Rex, D. K.; Savevski, V.; Wallace, M. B.; Bhandari, P.; Roesch, T.; Gralnek, I. M.; Sharma, P.; Hassan, C.; Repici, A.",22,Computer-aided detection versus advanced imaging for detection of colorectal neoplasia: a systematic review and network meta-analysis.,The lancet. Gastroenterology & hepatology,10.1016/S2468-1253(21)00215-6,T2 Endoscopic quality & blind-spot audit,T2 Endoscopic quality & blind-spot audit,3.0,database search (PubMed/MEDLINE),,"Computer-aided detection (CADe) techniques based on artificial intelligence algorithms can assist endoscopists in detecting colorectal neoplasia. CADe has been associated with an increased adenoma detection rate, a key quality indicator, but the utility of CADe compared with existing advanced imaging techniques and distal attachment devices is unclear. For this systematic review and network meta-analysis, we did a comprehensive search of PubMed/Medline, Embase, and Scopus databases from inception to Nov 30, 2020, for randomised controlled trials investigating the effectiveness of the following endoscopic techniques in detecting colorectal neoplasia: CADe, high definition (HD) white-light endoscopy, chromoendoscopy, or add-on devices (ie, systems that increase mucosal visualisation, such as full spectrum endoscopy [FUSE] or G-EYE balloon endoscopy). We collected data on adenoma detection rates, sessile serrated lesion detection rates, the proportion of large adenomas detected per colonoscopy, and withdrawal times. A frequentist framework, random-effects network meta-analysis was done to compare artificial intelligence with chromoendoscopy, increased mucosal visualisation systems, and HD white-light endoscopy (the control group). We estimated odds ratios (ORs) for the adenoma detection rate, sessile serrated lesion detection rate, and proportion of large adenomas detected per colonoscopy, and calculated mean differences for withdrawal time, with 95% CIs. Risk of bias and certainty of evidence were assessed with the Grading of Recommendations Assessment, Development and Evaluation (GRADE) approach. 50 randomised controlled trials, comprising 34 445 participants, were included in our main analysis (six trials of CADe, 18 of chromoendoscopy, and 26 of increased mucosal visualisation systems). HD white-light endoscopy was the control technique in all 50 studies. Compared with the control technique, the adenoma detection rate was 7·4% higher with CADe (OR 1·78 [95% CI 1·44-2·18]), 4·4% higher with chromoendoscopy (1·22 [1·08-1·39]), and 4·1% higher with increased mucosal visualisation systems (1·16 [1·04-1·28]). CADe ranked as the superior technique for adenoma detection (with moderate confidence in hierarchical ranking); cross-comparisons of CADe with other imaging techniques showed a significant increase in the adenoma detection rate with CADe versus increased mucosal visualisation systems (OR 1·54 [95% CI 1·22-1·94]; low certainty of evidence) and with CADe versus chromoendoscopy (1·45 [1·14-1·85]; moderate certainty of evidence). When focusing on large adenomas (≥10 mm) there was a significant increase in the detection of large adenomas only with CADe (OR 1·69 [95% CI 1·10-2·60], moderate certainty of evidence) when compared to HD white-light endoscopy; CADe ranked as the superior strategy for detection of large adenomas. CADe also seemed to be the superior strategy for detection of sessile serrated lesions (with moderate confidence in hierarchical ranking), although no significant increase in the sessile serrated lesion detection rate was shown (OR 1·37 [95% CI 0·65-2·88]). No significant difference in withdrawal time was reported for CADe compared with the other techniques. Based on the published literature, detection rates of colorectal neoplasia are higher with CADe than with other techniques such as chromoendoscopy or tools that increase mucosal visualisation, supporting wider incorporation of CADe strategies into community endoscopy services. None.",6,10,793-802,10.1016/S2468-1253(21)00215-6,"Spadaccini, M., Iannone, A., Maselli, R., Badalamenti, M., Desai, M., Chandrasekar, V. T., Patel, H. K., Fugazza, A., Pellegatta, G., Galtieri, P. A., Lollo, G., Carrara, S., Anderloni, A., Rex, D. K., Savevski, V., Wallace, M. B., Bhandari, P., Roesch, T., Gralnek, I. M., .. Repici, A. (2021). Computer-aided detection versus advanced imaging for detection of colorectal neoplasia: a systematic review and network meta-analysis. *The lancet. Gastroenterology & hepatology*, *6*(10), 793-802. https://doi.org/10.1016/S2468-1253(21)00215-6"
36777397.0,2022,"Srivastava, A.","Srivastava, A.; Tomar, N. K.; Bagci, U.; Jha, D.",4,Video Capsule Endoscopy Classification using Focal Modulation Guided Convolutional Neural Network.,Proceedings. IEEE International Symposium on Computer-Based Medical Systems,10.1109/CBMS55023.2022.00064,T1 Landmark recognition in UGI endoscopy,T1 Landmark recognition in UGI endoscopy,5.0,database search (PubMed/MEDLINE),,"Video capsule endoscopy is a hot topic in computer vision and medicine. Deep learning can have a positive impact on the future of video capsule endoscopy technology. It can improve the anomaly detection rate, reduce physicians' time for screening, and aid in real-world clinical analysis. Computer-Aided diagnosis (CADx) classification system for video capsule endoscopy has shown a great promise for further improvement. For example, detection of cancerous polyp and bleeding can lead to swift medical response and improve the survival rate of the patients. To this end, an automated CADx system must have high throughput and decent accuracy. In this study, we propose FocalConvNet, a focal modulation network integrated with lightweight convolutional layers for the classification of small bowel anatomical landmarks and luminal findings. FocalConvNet leverages focal modulation to attain global context and allows global-local spatial interactions throughout the forward pass. Moreover, the convolutional block with its intrinsic inductive/learning bias and capacity to extract hierarchical features allows our FocalConvNet to achieve favourable results with high throughput. We compare our FocalConvNet with other state-of-the-art (SOTA) on Kvasir-Capsule, a large-scale VCE dataset with 44,228 frames with 13 classes of different anomalies. We achieved the weighted F1-score, recall and Matthews correlation coefficient (MCC) of 0.6734, 0.6373 and 0.2974, respectively, outperforming SOTA methodologies. Further, we obtained the highest throughput of 148.02 images/second rate to establish the potential of FocalConvNet in a real-time clinical environment. The code of the proposed FocalConvNet is available at https://github.com/NoviceMAn-prog/FocalConvNet.",2022,,323-328,10.1109/CBMS55023.2022.00064,"Srivastava, A., Tomar, N. K., Bagci, U., & Jha, D. (2022). Video Capsule Endoscopy Classification using Focal Modulation Guided Convolutional Neural Network. *Proceedings. IEEE International Symposium on Computer-Based Medical Systems*, *2022*, 323-328. https://doi.org/10.1109/CBMS55023.2022.00064"
,2016,"Szegedy, C.","Szegedy, C.; Vanhoucke, V.; Ioffe, S.; Shlens, J.; Wojna, Z.",5,Rethinking the Inception Architecture for Computer Vision,Proceedings of the IEEE Conference on Computer Vision and Pattern Recognition (CVPR),10.1109/CVPR.2016.308,T4 Noisy / soft / multi-annotator labels,T4 Noisy / soft / multi-annotator labels,,"other methods (hand-searched, not MEDLINE-indexed)",Label smoothing; the simplest soft-label regulariser.,,,,,,"Szegedy, C., Vanhoucke, V., Ioffe, S., Shlens, J., & Wojna, Z. (2016). Rethinking the Inception Architecture for Computer Vision. *Proceedings of the IEEE Conference on Computer Vision and Pattern Recognition (CVPR)*. https://doi.org/10.1109/CVPR.2016.308"
42276856.0,2026,"Thibodeau-Antonacci, A.","Thibodeau-Antonacci, A.; Garant, A.; Miller, C.; Vuong, T.; Weishaupt, L. L.; Nicolaï, P.; Enger, S. A.",7,Deep learning-based automatic segmentation of rectal tumors in endoscopic images.,Brachytherapy,10.1016/j.brachy.2026.04.013,T4 Noisy / soft / multi-annotator labels,T4 Noisy / soft / multi-annotator labels,2.0,database search (PubMed/MEDLINE),,"Endoscopy is critical in the identification of rectal tumors, but is prone to observer errors. The aim of this study was to assess the inter- and intra-observer variability in delineating rectal lesions in endoscopic images taken during high-dose-rate (HDR) brachytherapy and develop a deep learning-based automatic tumor segmentation model. Three expert annotators identified tumors, scaring, ulcers and radiation proctitis in 801 endoscopic images from 24 patients. Inter-observer variability was evaluated at both whole-image and contour levels. Intra-observer variability was assessed by re-annotating 15 images from 14 patients after six months. Four DeepLabV3 models with a ResNet50 backbone were trained using a nested cross-validation approach: one per annotator and a fourth trained on majority-vote contours. Model performance was evaluated on 60 unseen images, which the annotators rated using a five-point Likert scale. Manual annotations showed significant variability for ulcers and radiation proctitis (average Dice: 0.36 and 0.57) versus tumors (0.83). Intra-observer Dice scores were 0.72, 0.68, and 0.87 across annotators. The majority-vote model outperformed individual annotator models (average Dice: 0.77) but generated many false positives, misclassifying ulcers and proctitis as tumors. Annotators generally rated the model trained on their own contours higher on the unseen test set. This work highlights the variability in expert annotations used as ground-truth for deep learning-based segmentation of rectal tumors in endoscopic images acquired during HDR brachytherapy. Automated contouring may provide a foundation for adaptive, AI-assisted brachytherapy workflows.",,,,S1538-4721(26)00072-3,"Thibodeau-Antonacci, A., Garant, A., Miller, C., Vuong, T., Weishaupt, L. L., Nicolaï, P., & Enger, S. A. (2026). Deep learning-based automatic segmentation of rectal tumors in endoscopic images. *Brachytherapy*, S1538-4721(26)00072-3. https://doi.org/10.1016/j.brachy.2026.04.013"
41650580.0,2026,"Tveter, M.","Tveter, M.; Tveitstøl, T.; Hatlestad-Hall, C.; Hammer, H. L.; Haraldsen, I. R. J. H.",5,Uncertainty in deep learning for EEG under dataset shifts.,Artificial intelligence in medicine,10.1016/j.artmed.2026.103374,T5 Uncertainty & calibration,T5 Uncertainty & calibration,3.0,database search (PubMed/MEDLINE),,"As artificial intelligence (AI) is increasingly integrated into medical diagnostics, it is essential that predictive models provide not only accurate outputs but also reliable estimates of uncertainty. In clinical applications, where decisions have significant consequences, understanding the confidence behind each prediction is as critical as the prediction itself. Uncertainty modelling plays a key role in improving trust, guiding decision-making, and identifying unreliable outputs, particularly under dataset shift or in out-of-distribution settings. The primary aim of uncertainty metrics is to align model confidence closely with actual predictive performance, ensuring confidence estimates dynamically adjust to reflect increasing errors or decreasing reliability of predictions. This study investigates how different ensemble learning strategies affect both performance and uncertainty estimation in a clinically relevant task: classifying Normal, Mild Cognitive Impairment, and Dementia from electroencephalography (EEG) data. We evaluated the performance and uncertainty of ensemble methods and Monte Carlo dropout on a large EEG dataset. The models were assessed in three settings: (1) in-distribution performance on a held-out test set, (2) generalisation to three out-of-distribution datasets, and (3) performance under gradual, EEG-specific dataset shifts simulating noise, drift, and frequency perturbation. Ensembles consisting of multiple independently trained models, such as deep ensembles, consistently achieved higher performance in both the in-distribution test set and the out-of-distribution datasets. These models also produced more informative and reliable uncertainty estimates under various types of EEG dataset shifts. These results highlight the benefits of ensemble diversity and independent training to build robust and uncertainty-aware EEG classification models. The findings are particularly relevant for clinical applications, where reliability under distribution shift and transparent uncertainty are essential for safe deployment.",174,,103374,10.1016/j.artmed.2026.103374,"Tveter, M., Tveitstøl, T., Hatlestad-Hall, C., Hammer, H. L., & Haraldsen, I. R. J. H. (2026). Uncertainty in deep learning for EEG under dataset shifts. *Artificial intelligence in medicine*, *174*, 103374. https://doi.org/10.1016/j.artmed.2026.103374"
40719310.0,2025,"Vahdani, A. M.","Vahdani, A. M.; Shariatnia, M.; Rajpurkar, P.; Pareek, A.",4,Towards trustworthy artificial intelligence in musculoskeletal medicine: A narrative review on uncertainty quantification.,"Knee surgery, sports traumatology, arthroscopy : official journal of the ESSKA",10.1002/ksa.12737,T5 Uncertainty & calibration,T5 Uncertainty & calibration,3.0,database search (PubMed/MEDLINE),,"Deep learning (DL) models have achieved remarkable performance in musculoskeletal (MSK) medical imaging research, yet their clinical integration remains hindered by their black-box nature and the absence of reliable confidence measures. Uncertainty quantification (UQ) seeks to bridge this gap by providing each DL prediction with a calibrated estimate of uncertainty, thereby fostering clinician trust and safer deployment. We conducted a targeted narrative review, performing expert-driven searches in PubMed, Scopus, and arXiv and mining references from relevant publications in MSK imaging utilizing UQ, and a thematic synthesis was used to derive a cohesive taxonomy of UQ methodologies. UQ approaches encompass multi-pass methods (e.g., test-time augmentation, Monte Carlo dropout, and model ensembling) that infer uncertainty from variability across repeated inferences; single-pass methods (e.g., conformal prediction, and evidential deep learning) that augment each individual prediction with uncertainty metrics; and other techniques that leverage auxiliary information, such as inter-rater variability, hidden-layer activations, or generative reconstruction errors, to estimate confidence. Applications in MSK imaging, include highlighting uncertain areas in cartilage segmentation and identifying uncertain predictions in joint implant design detections; downstream applications include enhanced clinical utility and more efficient data annotation pipelines. Embedding UQ into DL workflows is essential for translating high-performance models into clinical practice. Future research should prioritize robust out-of-distribution handling, computational efficiency, and standardized evaluation metrics to accelerate the adoption of trustworthy AI in MSK medicine. Not applicable.",33,9,3418-3437,10.1002/ksa.12737,"Vahdani, A. M., Shariatnia, M., Rajpurkar, P., & Pareek, A. (2025). Towards trustworthy artificial intelligence in musculoskeletal medicine: A narrative review on uncertainty quantification. *Knee surgery, sports traumatology, arthroscopy : official journal of the ESSKA*, *33*(9), 3418-3437. https://doi.org/10.1002/ksa.12737"
37811325.0,2023,"Wang, H.","Wang, H.; Wang, K.; Yan, T.; Zhou, H.; Cao, E.; Lu, Y.; Wang, Y.; Luo, J.; Pang, Y.",9,Endoscopic image classification algorithm based on Poolformer.,Frontiers in neuroscience,10.3389/fnins.2023.1273686,T1 Landmark recognition in UGI endoscopy,T1 Landmark recognition in UGI endoscopy,3.0,database search (PubMed/MEDLINE),,"Image desmoking is a significant aspect of endoscopic image processing, effectively mitigating visual field obstructions without the need for additional surgical interventions. However, current smoke removal techniques tend to apply comprehensive video enhancement to all frames, encompassing both smoke-free and smoke-affected images, which not only escalates computational costs but also introduces potential noise during the enhancement of smoke-free images. In response to this challenge, this paper introduces an approach for classifying images that contain surgical smoke within endoscopic scenes. This classification method provides crucial target frame information for enhancing surgical smoke removal, improving the scientific robustness, and enhancing the real-time processing capabilities of image-based smoke removal method. The proposed endoscopic smoke image classification algorithm based on the improved Poolformer model, augments the model's capacity for endoscopic image feature extraction. This enhancement is achieved by transforming the Token Mixer within the encoder into a multi-branch structure akin to ConvNeXt, a pure convolutional neural network. Moreover, the conversion to a single-path topology during the prediction phase elevates processing speed. Experiments use the endoscopic dataset sourced from the Hamlyn Centre Laparoscopic/Endoscopic Video Dataset, augmented by Blender software rendering. The dataset comprises 3,800 training images and 1,200 test images, distributed in a 4:1 ratio of smoke-free to smoke-containing images. The outcomes affirm the superior performance of this paper's approach across multiple parameters. Comparative assessments against existing models, such as mobilenet_v3, efficientnet_b7, and ViT-B/16, substantiate that the proposed method excels in accuracy, sensitivity, and inference speed. Notably, when contrasted with the Poolformer_s12 network, the proposed method achieves a 2.3% enhancement in accuracy, an 8.2% boost in sensitivity, while incurring a mere 6.4 frames per second reduction in processing speed, maintaining 87 frames per second. The results authenticate the improved performance of the refined Poolformer model in endoscopic smoke image classification tasks. This advancement presents a lightweight yet effective solution for the automatic detection of smoke-containing images in endoscopy. This approach strikes a balance between the accuracy and real-time processing requirements of endoscopic image analysis, offering valuable insights for targeted desmoking process.",17,,1273686,1273686,"Wang, H., Wang, K., Yan, T., Zhou, H., Cao, E., Lu, Y., Wang, Y., Luo, J., & Pang, Y. (2023). Endoscopic image classification algorithm based on Poolformer. *Frontiers in neuroscience*, *17*, 1273686. https://doi.org/10.3389/fnins.2023.1273686"
42069608.0,2026,"Wang, X.","Wang, X.; Shen, D.; Zhao, Y.; Xing, J.; Liu, J.; Zhou, R.; Yang, C.; Liu, C.; Ma, X.; Ge, J.; Zhang, H.; Yuan, W.; Zhang, H.; Ma, Y.; Hu, P.; Zuo, X.; Li, Y.; Li, Z.",18,Impact of a real-time automatic quality control system for magnetically controlled capsule gastroscopy: a multicenter randomized controlled trial.,BMC medicine,10.1186/s12916-026-04901-0,T2 Endoscopic quality & blind-spot audit,T2 Endoscopic quality & blind-spot audit,5.0,database search (PubMed/MEDLINE),,"Quality control can reduce variations in operators' performance conducting magnetically controlled capsule gastroscopy (MCCG). However, an optimal method for quality control in routine MCCG procedures is still lacking. This study aimed to develop an automatic quality control system (AQCS) and assess its effectiveness in a clinical trial. We developed the AQCS using convolutional neural network (CNN) models to monitor inspection completeness, evaluate gastric cleanliness, and identify suspicious lesions. Then, patients were prospectively randomized to undergo routine MCCG with or without AQCS assistance. The primary outcome was the blind spot rate in the AQCS and control groups. The CNN model demonstrated specificity of 98.27-99.30% and sensitivity of 76.33-96.35% in gastric site identification. Between August 27, 2021, and July 28, 2022, a total of 200 patients were randomized, with 98 and 96 patients analyzed in the AQCS and control groups, respectively. Compared to the control group, the AQCS group achieved lower blind spot rates (median: 0.00% vs. 16.67%, P < 0.01), higher lesion detection rates (75.51% vs. 60.42%, P = 0.02), and comparable gastric examination time (28.63 min vs. 27.58 min, P = 0.48). Additionally, AQCS showed high consistency with expert evaluations in cleanliness assessment (Kappa = 0.95, P < 0.01). No serious adverse events occurred in either group. AQCS significantly reduced the blind spot rate during MCCG procedures. It could be a powerful assistant tool to mitigate operator skill variability and enhance the overall quality of routine MCCG examinations. ClinicalTrials.gov Identifier NCT04954677.",24,1,,369,"Wang, X., Shen, D., Zhao, Y., Xing, J., Liu, J., Zhou, R., Yang, C., Liu, C., Ma, X., Ge, J., Zhang, H., Yuan, W., Zhang, H., Ma, Y., Hu, P., Zuo, X., Li, Y., & Li, Z. (2026). Impact of a real-time automatic quality control system for magnetically controlled capsule gastroscopy: a multicenter randomized controlled trial. *BMC medicine*, *24*(1). https://doi.org/10.1186/s12916-026-04901-0"
33429441.0,2021,"Wu, L.","Wu, L.; He, X.; Liu, M.; Xie, H.; An, P.; Zhang, J.; Zhang, H.; Ai, Y.; Tong, Q.; Guo, M.; Huang, M.; Ge, C.; Yang, Z.; Yuan, J.; Liu, J.; Zhou, W.; Jiang, X.; Huang, X.; Mu, G.; Wan, X.; Li, Y.; Wang, H.; Wang, Y.; Zhang, H.; Chen, D.; Gong, D.; Wang, J.; Huang, L.; Li, J.; Yao, L.; Zhu, Y.; Yu, H.",32,Evaluation of the effects of an artificial intelligence system on endoscopy quality and preliminary testing of its performance in detecting early gastric cancer: a randomized controlled trial.,Endoscopy,10.1055/a-1350-5583,T2 Endoscopic quality & blind-spot audit,T2 Endoscopic quality & blind-spot audit,3.0,database search (PubMed/MEDLINE),,"Esophagogastroduodenoscopy (EGD) is a prerequisite for detecting upper gastrointestinal lesions especially early gastric cancer (EGC). An artificial intelligence system has been shown to monitor blind spots during EGD. In this study, we updated the system (ENDOANGEL), verified its effectiveness in improving endoscopy quality, and pretested its performance in detecting EGC in a multicenter randomized controlled trial. ENDOANGEL was developed using deep convolutional neural networks and deep reinforcement learning. Patients undergoing EGD in five hospitals were randomly assigned to the ENDOANGEL-assisted group or to a control group without use of ENDOANGEL. The primary outcome was the number of blind spots. Secondary outcomes included performance of ENDOANGEL in predicting EGC in a clinical setting. 1050 patients were randomized, and 498 and 504 patients in the ENDOANGEL and control groups, respectively, were analyzed. Compared with the control group, the ENDOANGEL group had fewer blind spots (mean 5.38 [standard deviation (SD) 4.32] vs. 9.82 [SD 4.98]; P < 0.001) and longer inspection time (5.40 [SD 3.82] vs. 4.38 [SD 3.91] minutes; P < 0.001). In the ENDOANGEL group, 196 gastric lesions with pathological results were identified. ENDOANGEL correctly predicted all three EGCs (one mucosal carcinoma and two high grade neoplasias) and two advanced gastric cancers, with a per-lesion accuracy of 84.7 %, sensitivity of 100 %, and specificity of 84.3 % for detecting gastric cancer. In this multicenter study, ENDOANGEL was an effective and robust system to improve the quality of EGD and has the potential to detect EGC in real time.",53,12,1199-1207,10.1055/a-1350-5583,"Wu, L., He, X., Liu, M., Xie, H., An, P., Zhang, J., Zhang, H., Ai, Y., Tong, Q., Guo, M., Huang, M., Ge, C., Yang, Z., Yuan, J., Liu, J., Zhou, W., Jiang, X., Huang, X., Mu, G., .. Yu, H. (2021). Evaluation of the effects of an artificial intelligence system on endoscopy quality and preliminary testing of its performance in detecting early gastric cancer: a randomized controlled trial. *Endoscopy*, *53*(12), 1199-1207. https://doi.org/10.1055/a-1350-5583"
36207701.0,2022,"Xu, C.","Xu, C.; Zhu, Y.; Wu, L.; Yu, H.; Liu, J.; Zhou, F.; Xiong, Q.; Wang, S.; Cui, S.; Huang, X.; Yin, A.; Xu, T.; Lei, S.; Xia, Z.",14,Evaluating the effect of an artificial intelligence system on the anesthesia quality control during gastrointestinal endoscopy with sedation: a randomized controlled trial.,BMC anesthesiology,10.1186/s12871-022-01796-1,T2 Endoscopic quality & blind-spot audit,T2 Endoscopic quality & blind-spot audit,3.0,database search (PubMed/MEDLINE),,"Sedative gastrointestinal endoscopy is extensively used worldwide. An appropriate degree of sedation leads to more acceptability and satisfaction. Artificial intelligence has rapidly developed in the field of digestive endoscopy in recent years and we have constructed a mature computer-aided diagnosis (CAD) system. This system can identify the remaining parts to be examined in real-time endoscopic procedures, which may help anesthetists use anesthetics properly to keep patients in an appropriate degree of sedation. This study aimed to evaluate the effects of the CAD system on anesthesia quality control during gastrointestinal endoscopy. We recruited 154 consecutive patients at Renmin Hospital of Wuhan University, including 76 patients in the CAD group and 78 in the control group. Anesthetists in the CAD group were able to see the CAD system's indications, while anesthetists in the control group could not. The primary outcomes included emergence time (from examination completion to spontaneous eye opening when doctors called the patients' names), recovery time (from examination completion to achievement of the primary recovery endpoints) and patient satisfaction scores. The secondary outcomes included anesthesia induction time (from sedative administration to successful sedation), procedure time (from scope insertion to scope withdrawal), total dose of propofol, vital signs, etc. This trial was registered in the Primary Registries of the WHO Registry Network, with registration number ChiCTR2100042621. Emergence time in the CAD group was significantly shorter than that in the control group (p < 0.01). The recovery time was also significantly shorter in the CAD group (p < 0.01). Patients in the CAD group were significantly more satisfied with their sedation than those in control group (p < 0.01). Vital signs were stable during the examinations in both groups. Propofol doses during the examinations were comparable between the two groups. This CAD system possesses great potential for anesthesia quality control. It can improve patient satisfaction during endoscopic examinations with sedation. ChiCTR2100042621.",22,1,313,313,"Xu, C., Zhu, Y., Wu, L., Yu, H., Liu, J., Zhou, F., Xiong, Q., Wang, S., Cui, S., Huang, X., Yin, A., Xu, T., Lei, S., & Xia, Z. (2022). Evaluating the effect of an artificial intelligence system on the anesthesia quality control during gastrointestinal endoscopy with sedation: a randomized controlled trial. *BMC anesthesiology*, *22*(1), 313. https://doi.org/10.1186/s12871-022-01796-1"
37413792.0,2023,"Xu, Z.","Xu, Z.; Wang, Y.; Lu, D.; Luo, X.; Yan, J.; Zheng, Y.; Tong, R. K.",7,Ambiguity-selective consistency regularization for mean-teacher semi-supervised medical image segmentation.,Medical image analysis,10.1016/j.media.2023.102880,T4 Noisy / soft / multi-annotator labels,T4 Noisy / soft / multi-annotator labels,3.0,database search (PubMed/MEDLINE),,"Semi-supervised learning has greatly advanced medical image segmentation since it effectively alleviates the need of acquiring abundant annotations from experts, wherein the mean-teacher model, known as a milestone of perturbed consistency learning, commonly serves as a standard and simple baseline. Inherently, learning from consistency can be regarded as learning from stability under perturbations. Recent improvement leans toward more complex consistency learning frameworks, yet, little attention is paid to the consistency target selection. Considering that the ambiguous regions from unlabeled data contain more informative complementary clues, in this paper, we improve the mean-teacher model to a novel ambiguity-consensus mean-teacher (AC-MT) model. Particularly, we comprehensively introduce and benchmark a family of plug-and-play strategies for ambiguous target selection from the perspectives of entropy, model uncertainty and label noise self-identification, respectively. Then, the estimated ambiguity map is incorporated into the consistency loss to encourage consensus between the two models' predictions in these informative regions. In essence, our AC-MT aims to find out the most worthwhile voxel-wise targets from the unlabeled data, and the model especially learns from the perturbed stability of these informative regions. The proposed methods are extensively evaluated on left atrium segmentation and brain tumor segmentation. Encouragingly, our strategies bring substantial improvement over recent state-of-the-art methods. The ablation study further demonstrates our hypothesis and shows impressive results under various extreme annotation conditions.",88,,102880,10.1016/j.media.2023.102880,"Xu, Z., Wang, Y., Lu, D., Luo, X., Yan, J., Zheng, Y., & Tong, R. K. (2023). Ambiguity-selective consistency regularization for mean-teacher semi-supervised medical image segmentation. *Medical image analysis*, *88*, 102880. https://doi.org/10.1016/j.media.2023.102880"
42269098.0,2026,"Yan, S.","Yan, S.; Zhang, P.; Qiao, W.; Xie, S.; Hu, H.; Gao, Y.; Xie, L.; Jing, J.",8,Machine Learning for Intraoperative Bleeding Prediction in Patients Undergoing Surgery: Scoping Review.,JMIR medical informatics,10.2196/80930,T7 Reporting standards for medical AI,T7 Reporting standards for medical AI,4.0,database search (PubMed/MEDLINE),,"Intraoperative bleeding is a critical event that impacts surgical safety and patient outcomes. Machine learning (ML) has demonstrated potential in prediction tasks, yet its methodological rigor and clinical translation face challenges. This scoping review aims to systematically synthesize the current state of development, performance, and validation of ML models for predicting intraoperative bleeding, and to identify key barriers to their clinical implementation. Following the PRISMA-ScR (Preferred Reporting Items for Systematic Reviews and Meta-Analyses extension for Scoping Reviews) guidelines, we systematically searched 7 databases (PubMed, Web of Science, Embase, CINAHL, CNKI [China National Knowledge Infrastructure], Wanfang, and VIP [China Science and Technology Journal Database]) from their inception to April 2025. Moreover, 2 reviewers (SY and PZ) independently screened studies, extracted data using the Checklist for Critical Appraisal and Data Extraction for Systematic Reviews of Prediction Modeling Studies (CHARMS), and assessed the risk of bias using the Prediction Model Risk Of Bias Assessment Tool (PROBAST). A narrative synthesis was used for data analysis. Out of 2651 screened records, 23 studies were included (sample sizes ranging from 48 to 48,543). Tree-based ensemble models (eg, random forests and extreme gradient boosting) were the most frequently used (16/23, 70%), followed by logistic regression (13/23, 57%), and deep learning (11/23, 48%). Model discrimination varied widely (mean area under the curve [AUC] 0.82, SD 0.08, range 0.63-0.93). Integration of multimodal data (electronic health records+imaging) was associated with higher performance. However, model validation was often inadequate; only 6 studies (6/23, 26%) performed external validation, and performance often declined (eg, AUC decreased from 0.85 to 0.63 in 1 study). Reporting exhibited selective bias; AUC was commonly reported (19/23, 83%), whereas key classification metrics, such as calibration (10/23, 43%) and precision (4/23, 17%), were often omitted. PROBAST assessment indicated a high risk of bias in all included studies (23/23, 100%). While ML models demonstrate technical promise for predicting intraoperative bleeding, our PROBAST assessment revealed a universally high risk of bias across all included studies. This fundamental methodological limitation, coupled with a severe lack of external validation and poor transparency in reporting, severely constrains the current clinical reliability of these models. Future research must prioritize prospective multicenter validation, adherence to Transparent Reporting of a Multivariable Prediction Model for Individual Prognosis or Diagnosis (TRIPOD) reporting guidelines, and enhanced model interpretability to bridge the gap toward clinical utility.",14,,e80930,e80930,"Yan, S., Zhang, P., Qiao, W., Xie, S., Hu, H., Gao, Y., Xie, L., & Jing, J. (2026). Machine Learning for Intraoperative Bleeding Prediction in Patients Undergoing Surgery: Scoping Review. *JMIR medical informatics*, *14*, e80930. https://doi.org/10.2196/80930"
34128480.0,2021,"Yao, L.","Yao, L.; Liu, J.; Wu, L.; Zhang, L.; Hu, X.; Liu, J.; Lu, Z.; Gong, D.; An, P.; Zhang, J.; Hu, G.; Chen, D.; Luo, R.; Hu, S.; Yang, Y.; Yu, H.",16,A Gastrointestinal Endoscopy Quality Control System Incorporated With Deep Learning Improved Endoscopist Performance in a Pretest and Post-Test Trial.,Clinical and translational gastroenterology,10.14309/ctg.0000000000000366,T2 Endoscopic quality & blind-spot audit,T2 Endoscopic quality & blind-spot audit,3.0,database search (PubMed/MEDLINE),,"Gastrointestinal endoscopic quality is operator-dependent. To ensure the endoscopy quality, we constructed an endoscopic audit and feedback system named Endo.Adm and evaluated its effect in a form of pretest and posttest trial. Endo.Adm system was developed using Python and Deep Convolutional Neural Ne2rk models. Sixteen endoscopists were recruited from Renmin Hospital of Wuhan University and were randomly assigned to undergo feedback of Endo.Adm or not (8 for the feedback group and 8 for the control group). The feedback group received weekly quality report cards which were automatically generated by Endo.Adm. We then compared the adenoma detection rate (ADR) and gastric precancerous conditions detection rate between baseline and postintervention phase for endoscopists in each group to evaluate the impact of Endo.Adm feedback. In total, 1,191 colonoscopies and 3,515 gastroscopies were included for analysis. ADR was increased after Endo.Adm feedback (10.8%-20.3%, P < 0.01, <odds ratio (OR) 2.13, 95% confidence interval (CI) 1.317-3.447), and endoscopists' ADR without feedback remained nearly unchanged (10.8%-10.9%, P = 0.57, OR 1.086, 95% CI 0.814-1.447). Gastric precancerous conditions detection rate increased in the feedback group (3%-7%, P < 0.01, OR 1.866, 95% CI 1.399-2.489) while no improvement was observed in the control group (3.9%-3.5%, P = 0.489, OR 0.856, 95% CI 0.550-1.332). Endo.Adm feedback contributed to multifaceted gastrointestinal endoscopic quality improvement. This system is practical to implement and may serve as a standard model for quality improvement in routine work (http://www.chictr.org.cn/, ChiCTR1900024153).",12,6,e00366,e00366,"Yao, L., Liu, J., Wu, L., Zhang, L., Hu, X., Liu, J., Lu, Z., Gong, D., An, P., Zhang, J., Hu, G., Chen, D., Luo, R., Hu, S., Yang, Y., & Yu, H. (2021). A Gastrointestinal Endoscopy Quality Control System Incorporated With Deep Learning Improved Endoscopist Performance in a Pretest and Post-Test Trial. *Clinical and translational gastroenterology*, *12*(6), e00366. https://doi.org/10.14309/ctg.0000000000000366"
38995411.0,2024,"Yoshida, M.","Yoshida, M.; Kitaguchi, D.; Takeshita, N.; Matsuzaki, H.; Ishikawa, Y.; Yura, M.; Akimoto, T.; Kinoshita, T.; Ito, M.",9,Surgical step recognition in laparoscopic distal gastrectomy using artificial intelligence: a proof-of-concept study.,Langenbeck's archives of surgery,10.1007/s00423-024-03411-y,T1 Landmark recognition in UGI endoscopy,T1 Landmark recognition in UGI endoscopy,3.0,database search (PubMed/MEDLINE),,"Laparoscopic distal gastrectomy (LDG) is a difficult procedure for early career surgeons. Artificial intelligence (AI)-based surgical step recognition is crucial for establishing context-aware computer-aided surgery systems. In this study, we aimed to develop an automatic recognition model for LDG using AI and evaluate its performance. Patients who underwent LDG at our institution in 2019 were included in this study. Surgical video data were classified into the following nine steps: (1) Port insertion; (2) Lymphadenectomy on the left side of the greater curvature; (3) Lymphadenectomy on the right side of the greater curvature; (4) Division of the duodenum; (5) Lymphadenectomy of the suprapancreatic area; (6) Lymphadenectomy on the lesser curvature; (7) Division of the stomach; (8) Reconstruction; and (9) From reconstruction to completion of surgery. Two gastric surgeons manually assigned all annotation labels. Convolutional neural network (CNN)-based image classification was further employed to identify surgical steps. The dataset comprised 40 LDG videos. Over 1,000,000 frames with annotated labels of the LDG steps were used to train the deep-learning model, with 30 and 10 surgical videos for training and validation, respectively. The classification accuracies of the developed models were precision, 0.88; recall, 0.87; F1 score, 0.88; and overall accuracy, 0.89. The inference speed of the proposed model was 32 ps. The developed CNN model automatically recognized the LDG surgical process with relatively high accuracy. Adding more data to this model could provide a fundamental technology that could be used in the development of future surgical instruments.",409,1,213,10.1007/s00423-024-03411-y,"Yoshida, M., Kitaguchi, D., Takeshita, N., Matsuzaki, H., Ishikawa, Y., Yura, M., Akimoto, T., Kinoshita, T., & Ito, M. (2024). Surgical step recognition in laparoscopic distal gastrectomy using artificial intelligence: a proof-of-concept study. *Langenbeck's archives of surgery*, *409*(1), 213. https://doi.org/10.1007/s00423-024-03411-y"
35453986.0,2022,"Zhou, Q.","Zhou, Q.; He, T.; Zou, Y.",3,Superpixel-Oriented Label Distribution Learning for Skin Lesion Segmentation.,"Diagnostics (Basel, Switzerland)",10.3390/diagnostics12040938,T4 Noisy / soft / multi-annotator labels,T4 Noisy / soft / multi-annotator labels,3.0,database search (PubMed/MEDLINE),,"Lesion segmentation is a critical task in skin cancer analysis and detection. When developing deep learning-based segmentation methods, we need a large number of human-annotated labels to serve as ground truth for model-supervised learning. Due to the complexity of dermatological images and the subjective differences of different dermatologists in decision-making, the labels in the segmentation target boundary region are prone to produce uncertain labels or error labels. These labels may lead to unsatisfactory performance of dermoscopy segmentation. In addition, the model trained by the errored one-hot label may be overconfident, which can lead to arbitrary prediction and model overfitting. In this paper, a superpixel-oriented label distribution learning method is proposed. The superpixels formed by the simple linear iterative cluster (SLIC) algorithm combine one-hot labels constraint and define a distance function to convert it into a soft probability distribution. Referring to the model structure of knowledge distillation, after Superpixel-oriented label distribution learning, we get soft labels with structural prior information. Then the soft labels are transferred as new knowledge to the lesion segmentation network for training. Ours method on ISIC 2018 datasets achieves an Dice coefficient reaching 84%, sensitivity 79.6%, precision 80.4%, improved by 19.3%, 8.6% and 2.5% respectively in comparison with the results of U-Net. We also evaluate our method on the tasks of skin lesion segmentation via several general neural network architectures. The experiments show that ours method improves the performance of network image segmentation and can be easily integrated into most existing deep learning architectures.",12,4,,938,"Zhou, Q., He, T., & Zou, Y. (2022). Superpixel-Oriented Label Distribution Learning for Skin Lesion Segmentation. *Diagnostics (Basel, Switzerland)*, *12*(4). https://doi.org/10.3390/diagnostics12040938"
