pmid,year,first_author,authors_full,title,journal,doi,theme,source,relevance_score,abstract,volume,issue,pages,elocation,apa
20962133.0,2010,"Agarwal, S.","Agarwal, S.; Yu, H.",Biomedical negation scope detection with conditional random fields.,Journal of the American Medical Informatics Association : JAMIA,10.1136/jamia.2010.003228,T2 Rule-based vs ML,PubMed/MEDLINE,16.0,"Negation is a linguistic phenomenon that marks the absence of an entity or event. Negated events are frequently reported in both biological literature and clinical notes. Text mining applications benefit from the detection of negation and its scope. However, due to the complexity of language, identifying the scope of negation in a sentence is not a trivial task. Conditional random fields (CRF), a supervised machine-learning algorithm, were used to train models to detect negation cue phrases and their scope in both biological literature and clinical notes. The models were trained on the publicly available BioScope corpus. The performance of the CRF models was evaluated on identifying the negation cue phrases and their scope by calculating recall, precision and F1-score. The models were compared with four competitive baseline systems. The best CRF-based model performed statistically better than all baseline systems and NegEx, achieving an F1-score of 98% and 95% on detecting negation cue phrases and their scope in clinical notes, and an F1-score of 97% and 85% on detecting negation cue phrases and their scope in biological literature. This approach is robust, as it can identify negation scope in both biological and clinical text. To benefit text mining applications, the system is publicly available as a Java API and as an online application at http://negscope.askhermes.org.",17,6,696-701,10.1136/jamia.2010.003228,"Agarwal, S., & Yu, H. (2010). Biomedical negation scope detection with conditional random fields. *Journal of the American Medical Informatics Association : JAMIA*, *17*(6), 696-701. https://doi.org/10.1136/jamia.2010.003228"
37833661.0,2023,"Argüello-González, G.","Argüello-González, G.; Aquino-Esperanza, J.; Salvador, D.; Bretón-Romero, R.; Del Río-Bermudez, C.; Tello, J.; Menke, S.",Negation recognition in clinical natural language processing using a combination of the NegEx algorithm and a convolutional neural network.,BMC medical informatics and decision making,10.1186/s12911-023-02301-5,T2 Rule-based vs ML,PubMed/MEDLINE,22.0,"Important clinical information of patients is present in unstructured free-text fields of Electronic Health Records (EHRs). While this information can be extracted using clinical Natural Language Processing (cNLP), the recognition of negation modifiers represents an important challenge. A wide range of cNLP applications have been developed to detect the negation of medical entities in clinical free-text, however, effective solutions for languages other than English are scarce. This study aimed at developing a solution for negation recognition in Spanish EHRs based on a combination of a customized rule-based NegEx layer and a convolutional neural network (CNN). Based on our previous experience in real world evidence (RWE) studies using information embedded in EHRs, negation recognition was simplified into a binary problem ('affirmative' vs. 'non-affirmative' class). For the NegEx layer, negation rules were obtained from a publicly available Spanish corpus and enriched with custom ones, whereby the CNN binary classifier was trained on EHRs annotated for clinical named entities (cNEs) and negation markers by medical doctors. The proposed negation recognition pipeline obtained precision, recall, and F1-score of 0.93, 0.94, and 0.94 for the 'affirmative' class, and 0.86, 0.84, and 0.85 for the 'non-affirmative' class, respectively. To validate the generalization capabilities of our methodology, we applied the negation recognition pipeline on EHRs (6,710 cNEs) from a different data source distribution than the training corpus and obtained consistent performance metrics for the 'affirmative' and 'non-affirmative' class (0.95, 0.97, and 0.96; and 0.90, 0.83, and 0.86 for precision, recall, and F1-score, respectively). Lastly, we evaluated the pipeline against two publicly available Spanish negation corpora, the IULA and NUBes, obtaining state-of-the-art metrics (1.00, 0.99, and 0.99; and 1.00, 0.93, and 0.96 for precision, recall, and F1-score, respectively). Negation recognition is a source of low precision in the retrieval of cNEs from EHRs' free-text. Combining a customized rule-based NegEx layer with a CNN binary classifier outperformed many other current approaches. RWE studies highly benefit from the correct recognition of negation as it reduces false positive detections of cNE which otherwise would undoubtedly reduce the credibility of cNLP systems.",23,1,216,216,"Argüello-González, G., Aquino-Esperanza, J., Salvador, D., Bretón-Romero, R., Del Río-Bermudez, C., Tello, J., & Menke, S. (2023). Negation recognition in clinical natural language processing using a combination of the NegEx algorithm and a convolutional neural network. *BMC medical informatics and decision making*, *23*(1), 216. https://doi.org/10.1186/s12911-023-02301-5"
41643489.0,2026,"Balakrishnan, K.","Balakrishnan, K.; Velusamy, D.; Ramasamy, K.; Hinkle, H. E.; Hudson, H. J.; Pachori, R. B.; Khan, H.",Artificial intelligence approaches for non-invasive diabetes prediction using ECG signals: A systematic review.,Computer methods and programs in biomedicine,10.1016/j.cmpb.2026.109264,T4 Leakage & validity,PubMed/MEDLINE,7.0,"Diabetes is a major global health challenge, with many individuals remaining undiagnosed due to the limitations of traditional screening methods. Artificial intelligence (AI)-based electrocardiogram (ECG) analysis offers a promising, non-invasive approach for the early detection of diabetes. This systematic review aims to critically evaluate machine learning (ML) and deep learning (DL) models developed for non-invasive prediction of diabetes and prediabetes using ECG signals. A comprehensive literature search was conducted across PubMed, Embase, Web of Science, IEEE Xplore, and ACM Digital Library in accordance with PRISMA 2020 guidelines. Twenty-five studies met the inclusion criteria. Extracted data included ECG input types, model architectures, preprocessing methods, feature sets, validation strategies, and performance metrics. Most studies used small, single-site, cross-sectional datasets, with sample sizes ranging from 24 to over 190,000 individuals. ECG preprocessing methods varied widely, including filtering, normalization, and decomposition. Features were extracted from time, frequency, morphological, and non-linear domains, though formal feature selection was applied inconsistently. ML and DL models reported high internal accuracy (>90%) but most lacked external validation and subgroup performance assessments. Notably, no study specifically focused on rural or underserved populations, and only one provided open-source code. AI-based ECG analysis demonstrates strong potential for detecting diabetes; however, current research is limited by generalizability issues, lack of standardized methods, poor external validation, and insufficient transparency. Future studies should prioritize rigorous validation, reproducibility, fairness audits, and applications in rural and underserved settings to ensure equitable and clinically viable deployment of these models.",278,,109264,10.1016/j.cmpb.2026.109264,"Balakrishnan, K., Velusamy, D., Ramasamy, K., Hinkle, H. E., Hudson, H. J., Pachori, R. B., & Khan, H. (2026). Artificial intelligence approaches for non-invasive diabetes prediction using ECG signals: A systematic review. *Computer methods and programs in biomedicine*, *278*, 109264. https://doi.org/10.1016/j.cmpb.2026.109264"
12123149.0,2001,"Chapman, W. W.","Chapman, W. W.; Bridewell, W.; Hanbury, P.; Cooper, G. F.; Buchanan, B. G.",A simple algorithm for identifying negated findings and diseases in discharge summaries.,Journal of biomedical informatics,10.1006/jbin.2001.1029,T2 Rule-based vs ML,PubMed/MEDLINE,15.0,"Narrative reports in medical records contain a wealth of information that may augment structured data for managing patient information and predicting trends in diseases. Pertinent negatives are evident in text but are not usually indexed in structured databases. The objective of the study reported here was to test a simple algorithm for determining whether a finding or disease mentioned within narrative medical reports is present or absent. We developed a simple regular expression algorithm called NegEx that implements several phrases indicating negation, filters out sentences containing phrases that falsely appear to be negation phrases, and limits the scope of the negation phrases. We compared NegEx against a baseline algorithm that has a limited set of negation phrases and a simpler notion of scope. In a test of 1235 findings and diseases in 1000 sentences taken from discharge summaries indexed by physicians, NegEx had a specificity of 94.5% (versus 85.3% for the baseline), a positive predictive value of 84.5% (versus 68.4% for the baseline) while maintaining a reasonable sensitivity of 77.8% (versus 88.3% for the baseline). We conclude that with little implementation effort a simple regular expression algorithm for determining whether a finding or disease is absent can identify a large portion of the pertinent negatives from discharge summaries.",34,5,301-10,,"Chapman, W. W., Bridewell, W., Hanbury, P., Cooper, G. F., & Buchanan, B. G. (2001). A simple algorithm for identifying negated findings and diseases in discharge summaries. *Journal of biomedical informatics*, *34*(5), 301-10. https://doi.org/10.1006/jbin.2001.1029"
35767353.0,2022,"Chen, P. F.","Chen, P. F.; Chen, K. C.; Liao, W. C.; Lai, F.; He, T. L.; Lin, S. C.; Chen, W. J.; Yang, C. Y.; Lin, Y. C.; Tsai, I. C.; Chiu, C. H.; Chang, S. C.; Hung, F. M.",Automatic International Classification of Diseases Coding System: Deep Contextualized Language Model With Rule-Based Approaches.,JMIR medical informatics,10.2196/37557,T2 Rule-based vs ML,PubMed/MEDLINE,15.0,"The tenth revision of the International Classification of Diseases (ICD-10) is widely used for epidemiological research and health management. The clinical modification (CM) and procedure coding system (PCS) of ICD-10 were developed to describe more clinical details with increasing diagnosis and procedure codes and applied in disease-related groups for reimbursement. The expansion of codes made the coding time-consuming and less accurate. The state-of-the-art model using deep contextual word embeddings was used for automatic multilabel text classification of ICD-10. In addition to input discharge diagnoses (DD), the performance can be improved by appropriate preprocessing methods for the text from other document types, such as medical history, comorbidity and complication, surgical method, and special examination. This study aims to establish a contextual language model with rule-based preprocessing methods to develop the model for ICD-10 multilabel classification. We retrieved electronic health records from a medical center. We first compared different word embedding methods. Second, we compared the preprocessing methods using the best-performing embeddings. We compared biomedical bidirectional encoder representations from transformers (BioBERT), clinical generalized autoregressive pretraining for language understanding (Clinical XLNet), label tree-based attention-aware deep model for high-performance extreme multilabel text classification (AttentionXLM), and word-to-vector (Word2Vec) to predict ICD-10-CM. To compare different preprocessing methods for ICD-10-CM, we included DD, medical history, and comorbidity and complication as inputs. We compared the performance of ICD-10-CM prediction using different preprocesses, including definition training, external cause code removal, number conversion, and combination code filtering. For the ICD-10 PCS, the model was trained using different combinations of DD, surgical method, and key words of special examination. The micro F1 score and the micro area under the receiver operating characteristic curve were used to compare the model's performance with that of different preprocessing methods. BioBERT had an F1 score of 0.701 and outperformed other models such as Clinical XLNet, AttentionXLM, and Word2Vec. For the ICD-10-CM, the model had an F1 score that significantly increased from 0.749 (95% CI 0.744-0.753) to 0.769 (95% CI 0.764-0.773) with the ICD-10 definition training, external cause code removal, number conversion, and combination code filter. For the ICD-10-PCS, the model had an F1 score that significantly increased from 0.670 (95% CI 0.663-0.678) to 0.726 (95% CI 0.719-0.732) with a combination of discharge diagnoses, surgical methods, and key words of special examination. With our preprocessing methods, the model had the highest area under the receiver operating characteristic curve of 0.853 (95% CI 0.849-0.855) and 0.831 (95% CI 0.827-0.834) for ICD-10-CM and ICD-10-PCS, respectively. The performance of our model with the pretrained contextualized language model and rule-based preprocessing method is better than that of the state-of-the-art model for ICD-10-CM or ICD-10-PCS. This study highlights the importance of rule-based preprocessing methods based on coder coding rules.",10,6,e37557,e37557,"Chen, P. F., Chen, K. C., Liao, W. C., Lai, F., He, T. L., Lin, S. C., Chen, W. J., Yang, C. Y., Lin, Y. C., Tsai, I. C., Chiu, C. H., Chang, S. C., & Hung, F. M. (2022). Automatic International Classification of Diseases Coding System: Deep Contextualized Language Model With Rule-Based Approaches. *JMIR medical informatics*, *10*(6), e37557. https://doi.org/10.2196/37557"
40162890.0,2025,"Chew, M.","Chew, M.; Yu, C.; Stojevski, L.; Conilione, P.; Gust, A.; Suleiman, M.; Swansson, W.; Anderson, B.; Garg, M.; Lewis, D.",A Novel Natural Language Processing Tool Improves Colonoscopy Auditing of Adenoma and Serrated Polyp Detection Rates.,Journal of gastroenterology and hepatology,10.1111/jgh.16933,T1 Endoscopy report NLP,PubMed/MEDLINE,7.0,"Determining adenoma detection rate (ADR) and serrated polyp detection rate (SDR) can be challenging as they usually involve manual matching of colonoscopy and histology reports. This study aimed to validate a Natural Language Processing (NLP) code that enables rapid and efficient data extraction to calculate ADR and SDR. A NLP code was developed to automatically extract colonoscopy quality indicators from colonoscopy and histology reports at a tertiary health service. These reports were manually reviewed to verify the concordance of ADR and SDR between the two methods. This process was applied in the initial training phase, repeated following modification of the code, and again with a validation cohort. Included in the training and test phases were 5911 colonoscopies, with 2022 in the validation phase. The NLP code extracted patient names with 99.9% concordance and had a 98.9% accuracy in ADR and SDR in the training phase. Search terms were subsequently modified to take into consideration spelling variations and overlapping terminologies. Using data from the same cohort, accuracy of the NLP improved to 100%, excluding four colonoscopies that had missing histology reports in the test phase. Using a validated cohort, NLP had a 99.9% accuracy in ADR and SDR. The total time taken for auditing using NLP in the validation phase was less than 1 h. An automatic NLP code had an accuracy of almost 100% in determining ADR and SDR in a tertiary colonoscopy service. Wider adoption of NLP enables significant improvements in colonoscopy audits that is accurate and time efficient.",40,5,1230-1237,10.1111/jgh.16933,"Chew, M., Yu, C., Stojevski, L., Conilione, P., Gust, A., Suleiman, M., Swansson, W., Anderson, B., Garg, M., & Lewis, D. (2025). A Novel Natural Language Processing Tool Improves Colonoscopy Auditing of Adenoma and Serrated Polyp Detection Rates. *Journal of gastroenterology and hepatology*, *40*(5), 1230-1237. https://doi.org/10.1111/jgh.16933"
25560714.0,2015,"Collins, G. S.","Collins, G. S.; Reitsma, J. B.; Altman, D. G.; Moons, K. G.",Transparent Reporting of a multivariable prediction model for Individual Prognosis or Diagnosis (TRIPOD): the TRIPOD statement.,Annals of internal medicine,10.7326/M14-0697,T5 Reporting standards,PubMed/MEDLINE,20.0,"Prediction models are developed to aid health care providers in estimating the probability or risk that a specific disease or condition is present (diagnostic models) or that a specific event will occur in the future (prognostic models), to inform their decision making. However, the overwhelming evidence shows that the quality of reporting of prediction model studies is poor. Only with full and clear reporting of information on all aspects of a prediction model can risk of bias and potential usefulness of prediction models be adequately assessed. The Transparent Reporting of a multivariable prediction model for Individual Prognosis Or Diagnosis (TRIPOD) Initiative developed a set of recommendations for the reporting of studies developing, validating, or updating a prediction model, whether for diagnostic or prognostic purposes. This article describes how the TRIPOD Statement was developed. An extensive list of items based on a review of the literature was created, which was reduced after a Web-based survey and revised during a 3-day meeting in June 2011 with methodologists, health care professionals, and journal editors. The list was refined during several meetings of the steering group and in e-mail discussions with the wider group of TRIPOD contributors. The resulting TRIPOD Statement is a checklist of 22 items, deemed essential for transparent reporting of a prediction model study. The TRIPOD Statement aims to improve the transparency of the reporting of a prediction model study regardless of the study methods used. The TRIPOD Statement is best used in conjunction with the TRIPOD explanation and elaboration document. To aid the editorial process and readers of prediction model studies, it is recommended that authors include a completed checklist in their submission (also available at www.tripod-statement.org).",162,1,55-63,10.7326/M14-0697,"Collins, G. S., Reitsma, J. B., Altman, D. G., & Moons, K. G. (2015). Transparent Reporting of a multivariable prediction model for Individual Prognosis or Diagnosis (TRIPOD): the TRIPOD statement. *Annals of internal medicine*, *162*(1), 55-63. https://doi.org/10.7326/M14-0697"
34244270.0,2021,"Collins, G. S.","Collins, G. S.; Dhiman, P.; Andaur Navarro, C. L.; Ma, J.; Hooft, L.; Reitsma, J. B.; Logullo, P.; Beam, A. L.; Peng, L.; Van Calster, B.; van Smeden, M.; Riley, R. D.; Moons, K. G.",Protocol for development of a reporting guideline (TRIPOD-AI) and risk of bias tool (PROBAST-AI) for diagnostic and prognostic prediction model studies based on artificial intelligence.,BMJ open,10.1136/bmjopen-2020-048008,T5 Reporting standards,PubMed/MEDLINE,30.0,"The Transparent Reporting of a multivariable prediction model of Individual Prognosis Or Diagnosis (TRIPOD) statement and the Prediction model Risk Of Bias ASsessment Tool (PROBAST) were both published to improve the reporting and critical appraisal of prediction model studies for diagnosis and prognosis. This paper describes the processes and methods that will be used to develop an extension to the TRIPOD statement (TRIPOD-artificial intelligence, AI) and the PROBAST (PROBAST-AI) tool for prediction model studies that applied machine learning techniques. TRIPOD-AI and PROBAST-AI will be developed following published guidance from the EQUATOR Network, and will comprise five stages. Stage 1 will comprise two systematic reviews (across all medical fields and specifically in oncology) to examine the quality of reporting in published machine-learning-based prediction model studies. In stage 2, we will consult a diverse group of key stakeholders using a Delphi process to identify items to be considered for inclusion in TRIPOD-AI and PROBAST-AI. Stage 3 will be virtual consensus meetings to consolidate and prioritise key items to be included in TRIPOD-AI and PROBAST-AI. Stage 4 will involve developing the TRIPOD-AI checklist and the PROBAST-AI tool, and writing the accompanying explanation and elaboration papers. In the final stage, stage 5, we will disseminate TRIPOD-AI and PROBAST-AI via journals, conferences, blogs, websites (including TRIPOD, PROBAST and EQUATOR Network) and social media. TRIPOD-AI will provide researchers working on prediction model studies based on machine learning with a reporting guideline that can help them report key details that readers need to evaluate the study quality and interpret its findings, potentially reducing research waste. We anticipate PROBAST-AI will help researchers, clinicians, systematic reviewers and policymakers critically appraise the design, conduct and analysis of machine learning based prediction model studies, with a robust standardised tool for bias evaluation. Ethical approval has been granted by the Central University Research Ethics Committee, University of Oxford on 10-December-2020 (R73034/RE001). Findings from this study will be disseminated through peer-review publications. CRD42019140361 and CRD42019161764.",11,7,e048008,e048008,"Collins, G. S., Dhiman, P., Andaur Navarro, C. L., Ma, J., Hooft, L., Reitsma, J. B., Logullo, P., Beam, A. L., Peng, L., Van Calster, B., van Smeden, M., Riley, R. D., & Moons, K. G. (2021). Protocol for development of a reporting guideline (TRIPOD-AI) and risk of bias tool (PROBAST-AI) for diagnostic and prognostic prediction model studies based on artificial intelligence. *BMJ open*, *11*(7), e048008. https://doi.org/10.1136/bmjopen-2020-048008"
37096148.0,2023,"Datta, S.","Datta, S.; Roberts, K.",Weakly supervised spatial relation extraction from radiology reports.,JAMIA open,10.1093/jamiaopen/ooad027,T3 Weak supervision,PubMed/MEDLINE,8.0,"Weak supervision holds significant promise to improve clinical natural language processing by leveraging domain resources and expertise instead of large manually annotated datasets alone. Here, our objective is to evaluate a weak supervision approach to extract spatial information from radiology reports. Our weak supervision approach is based on data programming that uses rules (or labeling functions) relying on domain-specific dictionaries and radiology language characteristics to generate weak labels. The labels correspond to different spatial relations that are critical to understanding radiology reports. These weak labels are then used to fine-tune a pretrained Bidirectional Encoder Representations from Transformers (BERT) model. Our weakly supervised BERT model provided satisfactory results in extracting spatial relations without manual annotations for training (spatial trigger F1: 72.89, relation F1: 52.47). When this model is further fine-tuned on manual annotations (relation F1: 68.76), performance surpasses the fully supervised state-of-the-art. To our knowledge, this is the first work to automatically create detailed weak labels corresponding to radiological information of clinical significance. Our data programming approach is (1) adaptable as the labeling functions can be updated with relatively little manual effort to incorporate more variations in radiology language reporting formats and (2) generalizable as these functions can be applied across multiple radiology subdomains in most cases. We demonstrate a weakly supervision model performs sufficiently well in identifying a variety of relations from radiology text without manual annotations, while exceeding state-of-the-art results when annotated data are available.",6,2,ooad027,ooad027,"Datta, S., & Roberts, K. (2023). Weakly supervised spatial relation extraction from radiology reports. *JAMIA open*, *6*(2), ooad027. https://doi.org/10.1093/jamiaopen/ooad027"
41448505.0,2026,"de Kanter, E.","de Kanter, E.; Kaul, T.; Heus, P.; de Groot, T. M.; Kuijten, R. H.; Reitsma, J. B.; Collins, G. S.; Hooft, L.; Moons, K. G. M.; Damen, J. A. A.",Adherence to TRIPOD+AI guideline: an updated reporting assessment tool.,Journal of clinical epidemiology,10.1016/j.jclinepi.2025.112118,T5 Reporting standards,PubMed/MEDLINE,29.0,"Incomplete reporting of research limits its usefulness and contributes to research waste. Numerous reporting guidelines have been developed to support complete and accurate reporting of health-care research studies. Completeness of reporting can be measured by evaluating the adherence to reporting guidelines. However, assessing adherence to a reporting guideline often lacks uniformity. In 2019, we developed a reporting adherence tool for the Transparent Reporting of a multivariable prediction model for Individual Prognosis Or Diagnosis (TRIPOD) statement. With recent advances in regression and artificial intelligence (AI)/machine learning (ML)-based methods, TRIPOD + AI (www.tripod-statment.org) was developed to replace the TRIPOD statement. The aim of this study was to develop an updated adherence tool for TRIPOD + AI. Based on the TRIPOD + AI full reporting guideline, including the accompanying explanation and elaboration light, and TRIPOD + AI for abstracts, we updated and expanded the original TRIPOD adherence tool and refined the adherence elements and their scoring rules through discussions within the author team and a pilot test. The updated tool comprises of 37 main items and 136 adherence elements and includes several automated scoring rules. We developed separate TRIPOD + AI adherence tools for model development, model evaluation, and for studies describing both in a single paper. A uniform approach to assessing reporting adherence of TRIPOD + AI allows for comparisons across various fields, monitor reporting over time, and incentivizes primary study authors to comply. Accurate and complete reporting is crucial in biomedical research to ensure findings can be effectively used. To support researchers in reporting their findings well, reporting guidelines have been developed for different study types. One such guideline is TRIPOD, which focuses on research studies about medical prediction tools. In 2024, TRIPOD was updated to TRIPOD + AI to address the increasing use of AI and ML in prediction model studies. In 2019, we developed a scoring system to evaluate how well research papers on prediction tools adhered to the TRIPOD guideline, resulting in a reporting completeness score. This score allows for easier comparison of reporting completeness across various medical fields, and to monitor improvement in reporting over time. With the introduction of TRIPOD + AI, an update of the scoring system was required to align with the new reporting recommendations. We achieved this by reviewing our previous scoring system and incorporating the new items from TRIPOD + AI to better suit studies involving AI. We believe that this system will facilitate comparisons of prediction model reporting completeness across different fields and encourage improved reporting practices.",191,,112118,10.1016/j.jclinepi.2025.112118,"de Kanter, E., Kaul, T., Heus, P., de Groot, T. M., Kuijten, R. H., Reitsma, J. B., Collins, G. S., Hooft, L., Moons, K. G. M., & Damen, J. A. A. (2026). Adherence to TRIPOD+AI guideline: an updated reporting assessment tool. *Journal of clinical epidemiology*, *191*, 112118. https://doi.org/10.1016/j.jclinepi.2025.112118"
,2006,"Demsar, J.","Demsar, J.",Statistical comparisons of classifiers over multiple data sets,Journal of Machine Learning Research,,T4 Leakage & validity,Hand-searched (CS venue),,,7,,1-30,,"Demsar, J. (2006). Statistical comparisons of classifiers over multiple data sets. *Journal of Machine Learning Research*, *7*, 1-30."
41098391.0,2025,"Esteve Domínguez, A. S.","Esteve Domínguez, A. S.; Dimmers, M.; Mulders, T. A.; Dumoulin, D.; De Ruysscher, D.; Peeters, S.; von der Thüsen, J.; Akram, F.",Artificial intelligence for diagnosis and prognosis of thymic epithelial tumors: a systematic review.,"Mediastinum (Hong Kong, China)",10.21037/med-25-34,T4 Leakage & validity,PubMed/MEDLINE,6.0,"Thymic epithelial tumors (TETs) are rare, but they are the most common tumors in the anterior mediastinum. The use of artificial intelligence (AI) in the medical field is rapidly advancing. Especially in a rare disease such as TET, AI can help to improve existing care and foster new innovations. However, there are many different AI models with various implications. This systematic review aims to give an overview of recent studies on AI applications for the diagnosis and prognosis of TETs. In this systematic review, six electronic databases were searched for research papers with the keywords ""thymoma"", ""thymic epithelial tumors"", ""thymic carcinoma"", ""artificial intelligence"", ""machine learning"" and ""deep learning"". The screening was performed by two reviewers and conflicts were resolved by a third reviewer. After removal of duplicates, 582 articles were included. Of these, 65 articles were eligible for inclusion after screening. AI models are used mainly for distinguishing between different mediastinal tumor types (n=21), risk stratification (n=26), surgical planning (n=7) and for assisting in subtyping (n=4). For prognostic purposes, AI is used for predicting clinical outcome as well as the chance of metastasis or prognosis (n=7). Models using combined clinical and radiomics data performed better than models with a single type of data. Some of the AI models outperformed physicians or successfully supported physicians in their workflow. Many AI models have been studied in the context of the diagnosis and prognosis of TETs. Even though results are promising, external validation is often lacking, and sample sizes are small. Therefore, most models are not yet ready for clinical implementation. Further research on AI models with larger datasets and external validation is necessary, with careful consideration of the risk of data leakage.",9,,27,27,"Esteve Domínguez, A. S., Dimmers, M., Mulders, T. A., Dumoulin, D., De Ruysscher, D., Peeters, S., von der Thüsen, J., & Akram, F. (2025). Artificial intelligence for diagnosis and prognosis of thymic epithelial tumors: a systematic review. *Mediastinum (Hong Kong, China)*, *9*, 27. https://doi.org/10.21037/med-25-34"
,2021,"Gebru, T.","Gebru, T.; Morgenstern, J.; Vecchione, B.; Vaughan, J. W.; Wallach, H.; Daume III, H.; Crawford, K.",Datasheets for datasets,Communications of the ACM,10.1145/3458723,T5 Reporting standards,Hand-searched (CS venue),,,64,12,86-92,,"Gebru, T., Morgenstern, J., Vecchione, B., Vaughan, J. W., Wallach, H., Daume III, H., & Crawford, K. (2021). Datasheets for datasets. *Communications of the ACM*, *64*(12), 86-92. https://doi.org/10.1145/3458723"
35007754.0,2022,"Han, S.","Han, S.; Zhang, R. F.; Shi, L.; Richie, R.; Liu, H.; Tseng, A.; Quan, W.; Ryan, N.; Brent, D.; Tsui, F. R.",Classifying social determinants of health from unstructured electronic health records using deep learning-based natural language processing.,Journal of biomedical informatics,10.1016/j.jbi.2021.103984,T2 Rule-based vs ML,PubMed/MEDLINE,16.0,"Social determinants of health (SDOH) are non-medical factors that can profoundly impact patient health outcomes. However, SDOH are rarely available in structured electronic health record (EHR) data such as diagnosis codes, and more commonly found in unstructured narrative clinical notes. Hence, identifying social context from unstructured EHR data has become increasingly important. Yet, previous work on using natural language processing to automate extraction of SDOH from text (a) usually focuses on an ad hoc selection of SDOH, and (b) does not use the latest advances in deep learning. Our objective was to advance automatic extraction of SDOH from clinical text by (a) systematically creating a set of SDOH based on standard biomedical and psychiatric ontologies, and (b) training state-of-the-art deep neural networks to extract mentions of these SDOH from clinical notes. A retrospective cohort study. Data were extracted from the Medical Information Mart for Intensive Care (MIMIC-III) database. The corpus comprised 3,504 social related sentences from 2,670 clinical notes. We developed a framework for automated classification of multiple SDOH categories. Our dataset comprised narrative clinical notes under the ""Social Work"" category in the MIMIC-III Clinical Database. Using standard terminologies, SNOMED-CT and DSM-IV, we systematically curated a set of 13 SDOH categories and created annotation guidelines for these. After manually annotating the 3,504 sentences, we developed and tested three deep neural network (DNN) architectures - convolutional neural network (CNN), long short-term memory (LSTM) network, and the Bidirectional Encoder Representations from Transformers (BERT) - for automated detection of eight SDOH categories. We also compared these DNNs to three baselines models: (1) cTAKES, as well as (2) L2-regularized logistic regression and (3) random forests on bags-of-words. Model evaluation metrics included micro- and macro- F1, and area under the receiver operating characteristic curve (AUC). All three DNN models accurately classified all SDOH categories (minimum micro-F1 = 0.632, minimum macro-AUC = 0.854). Compared to the CNN and LSTM, BERT performed best in most key metrics (micro-F1 = 0.690, macro-AUC = 0.907). The BERT model most effectively identified the ""occupational"" category (F1 = 0.774, AUC = 0.965) and least effectively identified the ""non-SDOH"" category (F = 0.491, AUC = 0.788). BERT outperformed cTAKES in distinguishing social vs non-social sentences (BERT F1 = 0.87 vs. cTAKES F1 = 0.06), and outperformed logistic regression (micro-F1 = 0.649, macro-AUC = 0.696) and random forest (micro-F1 = 0.502, macro-AUC = 0.523) trained on bag-of-words. Our study framework with DNN models demonstrated improved performance for efficiently identifying a systematic range of SDOH categories from clinical notes in the EHR. Improved identification of patient SDOH may further improve healthcare outcomes.",127,,103984,10.1016/j.jbi.2021.103984,"Han, S., Zhang, R. F., Shi, L., Richie, R., Liu, H., Tseng, A., Quan, W., Ryan, N., Brent, D., & Tsui, F. R. (2022). Classifying social determinants of health from unstructured electronic health records using deep learning-based natural language processing. *Journal of biomedical informatics*, *127*, 103984. https://doi.org/10.1016/j.jbi.2021.103984"
38432311.0,2024,"Hurkmans, C.","Hurkmans, C.; Bibault, J. E.; Clementel, E.; Dhont, J.; van Elmpt, W.; Kantidakis, G.; Andratschke, N.",Assessment of bias in scoring of AI-based radiotherapy segmentation and planning studies using modified TRIPOD and PROBAST guidelines as an example.,Radiotherapy and oncology : journal of the European Society for Therapeutic Radiology and Oncology,10.1016/j.radonc.2024.110196,T5 Reporting standards,PubMed/MEDLINE,19.0,"Studies investigating the application of Artificial Intelligence (AI) in the field of radiotherapy exhibit substantial variations in terms of quality. The goal of this study was to assess the amount of transparency and bias in scoring articles with a specific focus on AI based segmentation and treatment planning, using modified PROBAST and TRIPOD checklists, in order to provide recommendations for future guideline developers and reviewers. The TRIPOD and PROBAST checklist items were discussed and modified using a Delphi process. After consensus was reached, 2 groups of 3 co-authors scored 2 articles to evaluate usability and further optimize the adapted checklists. Finally, 10 articles were scored by all co-authors. Fleiss' kappa was calculated to assess the reliability of agreement between observers. Three of the 37 TRIPOD items and 5 of the 32 PROBAST items were deemed irrelevant. General terminology in the items (e.g., multivariable prediction model, predictors) was modified to align with AI-specific terms. After the first scoring round, further improvements of the items were formulated, e.g., by preventing the use of sub-questions or subjective words and adding clarifications on how to score an item. Using the final consensus list to score the 10 articles, only 2 out of the 61 items resulted in a statistically significant kappa of 0.4 or more demonstrating substantial agreement. For 41 items no statistically significant kappa was obtained indicating that the level of agreement among multiple observers is due to chance alone. Our study showed low reliability scores with the adapted TRIPOD and PROBAST checklists. Although such checklists have shown great value during development and reporting, this raises concerns about the applicability of such checklists to objectively score scientific articles for AI applications. When developing or revising guidelines, it is essential to consider their applicability to score articles without introducing bias.",194,,110196,10.1016/j.radonc.2024.110196,"Hurkmans, C., Bibault, J. E., Clementel, E., Dhont, J., van Elmpt, W., Kantidakis, G., & Andratschke, N. (2024). Assessment of bias in scoring of AI-based radiotherapy segmentation and planning studies using modified TRIPOD and PROBAST guidelines as an example. *Radiotherapy and oncology : journal of the European Society for Therapeutic Radiology and Oncology*, *194*, 110196. https://doi.org/10.1016/j.radonc.2024.110196"
25756240.0,2015,"Imler, T. D.","Imler, T. D.; Morea, J.; Kahi, C.; Sherer, E. A.; Cardwell, J.; Johnson, C. S.; Xu, H.; Ahnen, D.; Antaki, F.; Ashley, C.; Baffy, G.; Cho, I.; Dominitz, J.; Hou, J.; Korsten, M.; Nagar, A.; Promrat, K.; Robertson, D.; Saini, S.; Shergill, A.; Smalley, W.; Imperiale, T. F.",Multi-center colonoscopy quality measurement utilizing natural language processing.,The American journal of gastroenterology,10.1038/ajg.2015.51,T1 Endoscopy report NLP,PubMed/MEDLINE,11.0,"An accurate system for tracking of colonoscopy quality and surveillance intervals could improve the effectiveness and cost-effectiveness of colorectal cancer (CRC) screening and surveillance. The purpose of this study was to create and test such a system across multiple institutions utilizing natural language processing (NLP). From 42,569 colonoscopies with pathology records from 13 centers, we randomly sampled 750 paired reports. We trained (n=250) and tested (n=500) an NLP-based program with 19 measurements that encompass colonoscopy quality measures and surveillance interval determination, using blinded, paired, annotated expert manual review as the reference standard. The remaining 41,819 nonannotated documents were processed through the NLP system without manual review to assess performance consistency. The primary outcome was system accuracy across the 19 measures. A total of 176 (23.5%) documents with 252 (1.8%) discrepant content points resulted from paired annotation. Error rate within the 500 test documents was 31.2% for NLP and 25.4% for the paired annotators (P=0.001). At the content point level within the test set, the error rate was 3.5% for NLP and 1.9% for the paired annotators (P=0.04). When eight vaguely worded documents were removed, 125 of 492 (25.4%) were incorrect by NLP and 104 of 492 (21.1%) by the initial annotator (P=0.07). Rates of pathologic findings calculated from NLP were similar to those calculated by annotation for the majority of measurements. Test set accuracy was 99.6% for CRC, 95% for advanced adenoma, 94.6% for nonadvanced adenoma, 99.8% for advanced sessile serrated polyps, 99.2% for nonadvanced sessile serrated polyps, 96.8% for large hyperplastic polyps, and 96.0% for small hyperplastic polyps. Lesion location showed high accuracy (87.0-99.8%). Accuracy for number of adenomas was 92%. NLP can accurately report adenoma detection rate and the components for determining guideline-adherent colonoscopy surveillance intervals across multiple sites that utilize different methods for reporting colonoscopy findings.",110,4,543-52,10.1038/ajg.2015.51,"Imler, T. D., Morea, J., Kahi, C., Sherer, E. A., Cardwell, J., Johnson, C. S., Xu, H., Ahnen, D., Antaki, F., Ashley, C., Baffy, G., Cho, I., Dominitz, J., Hou, J., Korsten, M., Nagar, A., Promrat, K., Robertson, D., Saini, S., .. Imperiale, T. F. (2015). Multi-center colonoscopy quality measurement utilizing natural language processing. *The American journal of gastroenterology*, *110*(4), 543-52. https://doi.org/10.1038/ajg.2015.51"
40863396.0,2025,"Ioanovici, A. C.","Ioanovici, A. C.; Feier, A. M.; Mărușteri, M. Ș.; Trâmbițaș-Miron, A. D.; Dobru, D. E.",Enhancing and Not Replacing Clinical Expertise: Improving Named-Entity Recognition in Colonoscopy Reports Through Mixed Real-Synthetic Training Sources.,Journal of personalized medicine,10.3390/jpm15080334,T1 Endoscopy report NLP,PubMed/MEDLINE,14.0,"Background/Objectives: In routine practice, colonoscopy findings are saved as unstructured free text, limiting secondary use. Accurate named-entity recognition (NER) is essential to unlock these descriptions for quality monitoring, personalized medicine and research. We compared named-entity recognition (NER) models trained on real, synthetic, and mixed data to determine whether privacy preserving synthetic reports can boost clinical information extraction. Methods: Three Spark NLP biLSTM CRF models were trained on (i) 100 manually annotated Romanian colonoscopy reports (ModelR), (ii) 100 prompt-generated synthetic reports (ModelS), and (iii) a 1:1 mix (ModelM). Performance was tested on 40 unseen reports (20 real, 20 synthetic) for seven entities. Micro-averaged precision, recall, and F1-score values were computed; McNemar tests with Bonferroni correction assessed pairwise differences. Results: ModelM outperformed single-source models (precision 0.95, recall 0.93, F1 0.94) and was significantly superior to ModelR (F1 0.70) and ModelS (F1 0.64; p < 0.001 for both). ModelR maintained high accuracy on real text (F1 = 0.90), but its accuracy fell when tested on synthetic data (0.47); the reverse was observed for ModelS (F1 = 0.99 synthetic, 0.33 real). McNemar χ2 statistics (64.6 for ModelM vs. ModelR; 147.0 for ModelM vs. ModelS) greatly exceeded the Bonferroni-adjusted significance threshold (α = 0.0167), confirming that the observed performance gains were unlikely to be due to chance. Conclusions: Synthetic colonoscopy descriptions are a valuable complement, but not a substitute for real annotations, while AI is helping human experts, not replacing them. Training on a balanced mix of real and synthetic data can help to obtain robust, generalizable NER models able to structure free-text colonoscopy reports, supporting large-scale, privacy-preserving colorectal cancer surveillance and personalized follow-up.",15,8,,334,"Ioanovici, A. C., Feier, A. M., Mărușteri, M. Ș., Trâmbițaș-Miron, A. D., & Dobru, D. E. (2025). Enhancing and Not Replacing Clinical Expertise: Improving Named-Entity Recognition in Colonoscopy Reports Through Mixed Real-Synthetic Training Sources. *Journal of personalized medicine*, *15*(8). https://doi.org/10.3390/jpm15080334"
38444495.0,2024,"Jeffery, A. D.","Jeffery, A. D.; Fabbri, D.; Reeves, R. M.; Matheny, M. E.",Use of noisy labels as weak learners to identify incompletely ascertainable outcomes: A Feasibility study with opioid-induced respiratory depression.,Heliyon,10.1016/j.heliyon.2024.e26434,T3 Weak supervision,PubMed/MEDLINE,8.0,"Assigning outcome labels to large observational data sets in a timely and accurate manner, particularly when outcomes are rare or not directly ascertainable, remains a significant challenge within biomedical informatics. We examined whether noisy labels generated from subject matter experts' heuristics using heterogenous data types within a data programming paradigm could provide outcomes labels to a large, observational data set. We chose the clinical condition of opioid-induced respiratory depression for our use case because it is rare, has no administrative codes to easily identify the condition, and typically requires at least some unstructured text to ascertain its presence. Using de-identified electronic health records of 52,861 post-operative encounters, we applied a data programming paradigm (implemented in the Snorkel software) for the development of a machine learning classifier for opioid-induced respiratory depression. Our approach included subject matter experts creating 14 labeling functions that served as noisy labels for developing a probabilistic Generative model. We used probabilistic labels from the Generative model as outcome labels for training a Discriminative model on the source data. We evaluated performance of the Discriminative model with a hold-out test set of 599 independently-reviewed patient records. The final Discriminative classification model achieved an accuracy of 0.977, an F1 score of 0.417, a sensitivity of 1.0, and an AUC of 0.988 in the hold-out test set with a prevalence of 0.83% (5/599). All of the confirmed Cases were identified by the classifier. For rare outcomes, this finding is encouraging because it reduces the number of manual reviews needed by excluding visits/patients with low probabilities. Application of a data programming paradigm with expert-informed labeling functions might have utility for phenotyping clinical phenomena that are not easily ascertainable from highly-structured data.",10,5,e26434,e26434,"Jeffery, A. D., Fabbri, D., Reeves, R. M., & Matheny, M. E. (2024). Use of noisy labels as weak learners to identify incompletely ascertainable outcomes: A Feasibility study with opioid-induced respiratory depression. *Heliyon*, *10*(5), e26434. https://doi.org/10.1016/j.heliyon.2024.e26434"
40199913.0,2025,"Joeres, R.","Joeres, R.; Blumenthal, D. B.; Kalinina, O. V.",Data splitting to avoid information leakage with DataSAIL.,Nature communications,10.1038/s41467-025-58606-8,T4 Leakage & validity,PubMed/MEDLINE,6.0,"Information leakage is an increasingly important topic in machine learning research for biomedical applications. When information leakage happens during a model's training, it risks memorizing the training data instead of learning generalizable properties. This can lead to inflated performance metrics that do not reflect the actual performance at inference time. We present DataSAIL, a versatile Python package to facilitate leakage-reduced data splitting to enable realistic evaluation of machine learning models for biological data that are intended to be applied in out-of-distribution scenarios. DataSAIL is based on formulating the problem to find leakage-reduced data splits as a combinatorial optimization problem. We prove that this problem is NP-hard and provide a scalable heuristic based on clustering and integer linear programming. Finally, we empirically demonstrate DataSAIL's impact on evaluating biomedical machine learning models.",16,1,3337,3337,"Joeres, R., Blumenthal, D. B., & Kalinina, O. V. (2025). Data splitting to avoid information leakage with DataSAIL. *Nature communications*, *16*(1), 3337. https://doi.org/10.1038/s41467-025-58606-8"
35398812.0,2022,"Kamel Rahimi, A.","Kamel Rahimi, A.; Canfell, O. J.; Chan, W.; Sly, B.; Pole, J. D.; Sullivan, C.; Shrapnel, S.",Machine learning models for diabetes management in acute care using electronic medical records: A systematic review.,International journal of medical informatics,10.1016/j.ijmedinf.2022.104758,T4 Leakage & validity,PubMed/MEDLINE,10.0,"Machine learning (ML) is a subset of Artificial Intelligence (AI) that is used to predict and potentially prevent adverse patient outcomes. There is increasing interest in the application of these models in digital hospitals to improve clinical decision-making and chronic disease management, particularly for patients with diabetes. The potential of ML models using electronic medical records (EMR) to improve the clinical care of hospitalised patients with diabetes is currently unknown. The aim was to systematically identify and critically review the published literature examining the development and validation of ML models using EMR data for improving the care of hospitalised adult patients with diabetes. The Preferred Reporting Items for Systematic Reviews and Meta Analyses (PRISMA) guidelines were followed. Four databases were searched (Embase, PubMed, IEEE and Web of Science) for studies published between January 2010 to January 2022. The reference lists of the eligible articles were manually searched. Articles that examined adults and both developed and validated ML models using EMR data were included. Studies conducted in primary care and community care settings were excluded. Studies were independently screened and data was extracted using Covidence® systematic review software. For data extraction and critical appraisal, the Checklist for Critical Appraisal and Data Extraction for Systematic Reviews of Prediction Modelling Studies (CHARMS) was followed. Risk of bias was assessed using the Prediction model Risk Of Bias Assessment Tool (PROBAST). Quality of reporting was assessed by adherence to the Transparent Reporting of a multivariable prediction model for Individual Prognosis Or Diagnosis (TRIPOD) guideline. The IJMEDI checklist was followed to assess quality of ML models and the reproducibility of their outcomes. The external validation methodology of the studies was appraised. Of the 1317 studies screened, twelve met inclusion criteria. Eight studies developed ML models to predict disglycaemic episodes for hospitalized patients with diabetes, one study developed a ML model to predict total insulin dosage, two studies predicted risk of readmission, and one study improved the prediction of hospital readmission for inpatients with diabetes. All included studies were heterogeneous with regard to ML types, cohort, input predictors, sample size, performance and validation metrics and clinical outcomes. Two studies adhered to the TRIPOD guideline. The methodological reporting of all the studies was evaluated to be at high risk of bias. The quality of ML models in all studies was assessed as poor. Robust external validation was not performed on any of the studies. No models were implemented or evaluated in routine clinical care. This review identified a limited number of ML models which were developed to improve inpatient management of diabetes. No ML models were implemented in real hospital settings. Future research needs to enhance the development, reporting and validation steps to enable ML models for integration into routine clinical care.",162,,104758,10.1016/j.ijmedinf.2022.104758,"Kamel Rahimi, A., Canfell, O. J., Chan, W., Sly, B., Pole, J. D., Sullivan, C., & Shrapnel, S. (2022). Machine learning models for diabetes management in acute care using electronic medical records: A systematic review. *International journal of medical informatics*, *162*, 104758. https://doi.org/10.1016/j.ijmedinf.2022.104758"
,2023,"Kapoor, S.","Kapoor, S.; Narayanan, A.",Leakage and the reproducibility crisis in machine-learning-based science,Patterns,10.1016/j.patter.2023.100804,T4 Leakage & validity,Hand-searched (CS venue),,,4,9,100804,,"Kapoor, S., & Narayanan, A. (2023). Leakage and the reproducibility crisis in machine-learning-based science. *Patterns*, *4*(9), 100804. https://doi.org/10.1016/j.patter.2023.100804"
35845102.0,2022,"Kartchner, D.","Kartchner, D.; Nakajima An, D.; Ren, W.; Zhang, C.; Mitchell, C. S.",Rule-Enhanced Active Learning for Semi-Automated Weak Supervision.,Artificial intelligence,10.3390/ai3010013,T3 Weak supervision,PubMed/MEDLINE,9.0,"A major bottleneck preventing the extension of deep learning systems to new domains is the prohibitive cost of acquiring sufficient training labels. Alternatives such as weak supervision, active learning, and fine-tuning of pretrained models reduce this burden but require substantial human input to select a highly informative subset of instances or to curate labeling functions. REGAL (Rule-Enhanced Generative Active Learning) is an improved framework for weakly supervised text classification that performs active learning over labeling functions rather than individual instances. REGAL interactively creates high-quality labeling patterns from raw text, enabling a single annotator to accurately label an entire dataset after initialization with three keywords for each class. Experiments demonstrate that REGAL extracts up to 3 times as many high-accuracy labeling functions from text as current state-of-the-art methods for interactive weak supervision, enabling REGAL to dramatically reduce the annotation burden of writing labeling functions for weak supervision. Statistical analysis reveals REGAL performs equal or significantly better than interactive weak supervision for five of six commonly used natural language processing (NLP) baseline datasets.",3,1,211-228,10.3390/ai3010013,"Kartchner, D., Nakajima An, D., Ren, W., Zhang, C., & Mitchell, C. S. (2022). Rule-Enhanced Active Learning for Semi-Automated Weak Supervision. *Artificial intelligence*, *3*(1), 211-228. https://doi.org/10.3390/ai3010013"
40010583.0,2025,"Kaul, T.","Kaul, T.; Damen, J. A. A.; Wynants, L.; Van Calster, B.; van Smeden, M.; Hooft, L.; Moons, K. G. M.",Assessing the quality of prediction models in health care using the Prediction model Risk Of Bias ASsessment Tool (PROBAST): an evaluation of its use and practical application.,Journal of clinical epidemiology,10.1016/j.jclinepi.2025.111732,T5 Reporting standards,PubMed/MEDLINE,23.0,"Since 2019, the Prediction model Risk Of Bias ASsessment Tool (PROBAST; www.probast.org) has supported methodological quality assessments of prediction model studies. Most prediction model studies are rated with a ""High"" risk of bias (ROB) and researchers report low interrater reliability (IRR) using PROBAST. We aimed to (1) assess the IRR of PROBAST ratings between assessors of the same study and understand reasons for discrepancies, (2) determine which items contribute most to domain-level ROB ratings, and (3) explore the impact of consensus meetings. We used PROBAST assessments from a systematic review of diagnostic and prognostic COVID-19 prediction models as a case study. Assessors included international experts in prediction model studies or their reviews. We assessed IRR using prevalence-adjusted bias-adjusted kappa (PABAK) before consensus meetings, examined bias ratings per domain-level ROB judgments, and evaluated the impact of consensus meetings by identifying rating changes after discussion. We analyzed 2167 PROBAST assessments from 27 assessor pairs covering 760 prediction models: 384 developments, 242 validations, and 134 mixed assessments (including both). The IRR using PABAK was higher for overall ROB judgments (development: 0.82 [0.76; 0.89]; validation: 0.78 [0.68; 0.88]) compared to domain- and item-level judgments. Some PROBAST items frequently contributed to domain-level ROB judgments, eg, 3.5 Outcome blinding and 4.1 Sample size. Consensus discussions mainly led to item-level and never to overall ROB rating changes. Within this case study, PROBAST assessments received high IRR at the overall ROB level, with some variation at item- and domain-level. To reduce variability, PROBAST assessors should standardize item- and domain-level judgments and hold well-structured consensus meetings between assessors of the same study. The Prediction model Risk Of Bias ASsessment Tool (PROBAST; www.probast.org) provides a set of items to assess the quality of medical studies on so-called prediction tools that calculate an individual's probability of having or developing a certain disease or health outcome. Previous research found low interrater reliability (IRR; ie, how consistently two assessors rate aspects of the same study) when using PROBAST. To understand why this is the case, we conducted a large study involving more than 30 experts from around the world, all of whom applied PROBAST to the same set of prediction tool studies. Based on more than 2150 PROBAST assessments, we identified which PROBAST items led to the most disagreements between raters, explored reasons for these disagreements, and examined whether the use of so-called consensus meetings (ie, different assessors of the same study discuss their ratings and decide on a finalized rating) impacted PROBAST ratings. Our study found that the IRR between different assessors of the same study was higher than previously reported. One explanation for the better agreement compared to previous research may be the preplanning on how to assess certain PROBAST aspects before starting the assessments, as well as holding well-structured consensus meetings. These improvements lead to a more effective use of PROBAST in evaluating the trustworthiness and quality of prediction tools in the health-care domain.",181,,111732,10.1016/j.jclinepi.2025.111732,"Kaul, T., Damen, J. A. A., Wynants, L., Van Calster, B., van Smeden, M., Hooft, L., & Moons, K. G. M. (2025). Assessing the quality of prediction models in health care using the Prediction model Risk Of Bias ASsessment Tool (PROBAST): an evaluation of its use and practical application. *Journal of clinical epidemiology*, *181*, 111732. https://doi.org/10.1016/j.jclinepi.2025.111732"
42205169.0,2026,"Ketchem, C. J.","Ketchem, C. J.; Vurgun, U.; Wang, A.; Thomas, S.; Batugo, A.; Pandolfino, J. E.; Falk, G. W.; Lynch, K. L.; Dellon, E. S.; Mowery, D. L.; Lewis, J. D.",Development and Validation of a Large Language Model Case Identification Strategy for Eosinophilic Esophagitis.,Gastro hep advances,10.1016/j.gastha.2026.100971,T1 Endoscopy report NLP,PubMed/MEDLINE,10.0,"Epidemiologic research in eosinophilic esophagitis (EoE) is limited by the accuracy and efficiency of case identification algorithms. We aimed to evaluate rule-based natural language processing (RB-NLP) and large language model-based natural language processing (LLM-NLP) pipelines for identifying EoE diagnoses and features from unstructured text. We identified gastrointestinal pathology reports with any mention of ""eosinophil"" paired with gastroenterology clinic notes. Three hundred randomly selected patients were divided into training (n = 200, 56 with EoE) and testing (n = 100, 36 with EoE) sets. Manual chart review was the reference standard. RB-NLP used spaCy with medspaCy's clinical components; LLM-NLP prompts were developed through iterative human-in-the-loop refinement. In the validation set, we compared International Classification of Diseases (ICD) codes, RB-NLP, and LLM-NLP against the reference standard using sensitivity (recall), positive predictive value (precision), and F1 score. In the validation set, ICD codes alone had a sensitivity 0.86 (95% confidence interval [CI]: 0.75-0.97), a positive predictive value of 0.97 (95% CI: 0.91-1.0), and an F1 value of 0.91 (95% CI: 0.84-1.0). Combining ICD and LLM-assigned diagnosis yielded a 3-point improvement in F1 score (95% CI: -0.01 to 0.07; P = .2) compared to ICD alone. In a larger cohort (n = 580), the LLM + ICD approach identified the most EoE cases (n = 203) and captured 15% of cases missed by ICD codes. Clinical characteristics varied depending on the case identification strategy used. Combining LLM-NLP with a single ICD code reduced false negatives and modestly improved the F1 score compared to either method alone. This may represent a scalable approach to enhance EoE case identification in real-world data.",5,7,100971,100971,"Ketchem, C. J., Vurgun, U., Wang, A., Thomas, S., Batugo, A., Pandolfino, J. E., Falk, G. W., Lynch, K. L., Dellon, E. S., Mowery, D. L., & Lewis, J. D. (2026). Development and Validation of a Large Language Model Case Identification Strategy for Eosinophilic Esophagitis. *Gastro hep advances*, *5*(7), 100971. https://doi.org/10.1016/j.gastha.2026.100971"
39144367.0,2023,"Khanal, B.","Khanal, B.; Bhattarai, B.; Khanal, B.; Linte, C. A.",Improving Medical Image Classification in Noisy Labels Using only Self-supervised Pretraining.,"Data engineering in medical imaging : first MICCAI Workshop, DEMI 2023, Held in Conjunction with MICCAI 2023, Vancouver, BC, Canada, October 8, 2023, Proceedings. DEMI (Workshop) (1st : 2023 : Vancouver, B.C.)",10.1007/978-3-031-44992-5_8,T3 Weak supervision,PubMed/MEDLINE,8.0,"Noisy labels hurt deep learning-based supervised image classification performance as the models may overfit the noise and learn corrupted feature extractors. For natural image classification training with noisy labeled data, model initialization with contrastive self-supervised pretrained weights has shown to reduce feature corruption and improve classification performance. However, no works have explored: i) how other self-supervised approaches, such as pretext task-based pretraining, impact the learning with noisy label, and ii) any self-supervised pretraining methods alone for medical images in noisy label settings. Medical images often feature smaller datasets and subtle inter-class variations, requiring human expertise to ensure correct classification. Thus, it is not clear if the methods improving learning with noisy labels in natural image datasets such as CIFAR would also help with medical images. In this work, we explore contrastive and pretext task-based selfsupervised pretraining to initialize the weights of a deep learning classification model for two medical datasets with self-induced noisy labels-NCT-CRC-HE-100K tissue histological images and COVID-QU-Ex chest X-ray images. Our results show that models initialized with pretrained weights obtained from self-supervised learning can effectively learn better features and improve robustness against noisy labels.",14314,,78-90,10.1007/978-3-031-44992-5_8,"Khanal, B., Bhattarai, B., Khanal, B., & Linte, C. A. (2023). Improving Medical Image Classification in Noisy Labels Using only Self-supervised Pretraining. *Data engineering in medical imaging : first MICCAI Workshop, DEMI 2023, Held in Conjunction with MICCAI 2023, Vancouver, BC, Canada, October 8, 2023, Proceedings. DEMI (Workshop) (1st : 2023 : Vancouver, B.C.)*, *14314*, 78-90. https://doi.org/10.1007/978-3-031-44992-5_8"
41856421.0,2026,"Langenhuijsen, L. F. S.","Langenhuijsen, L. F. S.; Groenwold, R. H. H.; Cannegieter, S. C.; Klok, F. A.; van Diepen, M.; de Jong, Y.",Concordance analysis of the short-form of the PROBAST as a screening tool: two-step risk of bias assessment showing only underestimation of risk of bias.,Journal of clinical epidemiology,10.1016/j.jclinepi.2026.112232,T5 Reporting standards,PubMed/MEDLINE,23.0,"Prediction models used in clinical practice often suffer from high risk of bias (ROB), which affects their reliability. The Prediction model Risk Of Bias ASsessment Tool (PROBAST) assesses ROB but is criticized for being complex, time consuming and for showing a low interrater agreement and ceiling-effect. A short-form version, the SF-PROBAST, was developed to facilitate a two-step approach for large-scale ROB assessments while maintaining high sensitivity and specificity. This study evaluated the operational equivalence of the SF-PROBAST. We applied the SF-PROBAST to an existing dataset of 2458 studies from 54 systematic reviews published before December 2021. We compared SF-PROBAST with PROBAST in terms of concordance and calculated sensitivity, specificity, positive and negative predictive value, and interrater agreement of the SF-PROBAST. The 2458 articles included 886 validation studies and 1592 development studies, of which 1542 (97%) reported PROBAST scores for the relevant SF-PROBAST questions. The SF-PROBAST showed a sensitivity of 82.6% (95% confidence interval [CI]: 80.7%-84.4%) and specificity of 80.1% (95% CI: 78.7%-81.5%), with positive and negative predictive values of 100% (95% CI: 99.6%-100%) and 65.5% (95% CI: 61.8%-69.1%), respectively, for assessing studies as high ROB, 68.5% (95% CI: 64.5%-72.5%) and 95.5% (95% CI: 94.2%-96.7%) for unclear ROB; 13.4% (95% CI: 7.3%-19.6%) and 100% (95% CI: 96.9%-100%) for low ROB. The overall concordance between the PROBAST and SF-PROBAST was 82.6%, showing good agreement (Kappa 0.74, 95% CI: 0.71-0.76), with the SF-PROBAST showing only underestimation of the actual ROB. The between-review interrater agreement of the SF-PROBAST was fair (Kappa 0.33, 95% CI: 0.25-0.40). SF-PROBAST showed good agreement with PROBAST scores and offers a time-efficient, simplified and reliable two-step alternative for assessing the methodological quality of prediction models. To assess potential misclassification, we recommend applying the full PROBAST to studies scored as low or unclear ROB on the SF-PROBAST.",194,,112232,10.1016/j.jclinepi.2026.112232,"Langenhuijsen, L. F. S., Groenwold, R. H. H., Cannegieter, S. C., Klok, F. A., van Diepen, M., & de Jong, Y. (2026). Concordance analysis of the short-form of the PROBAST as a screening tool: two-step risk of bias assessment showing only underestimation of risk of bias. *Journal of clinical epidemiology*, *194*, 112232. https://doi.org/10.1016/j.jclinepi.2026.112232"
28906424.0,2019,"Lee, J. K.","Lee, J. K.; Jensen, C. D.; Levin, T. R.; Zauber, A. G.; Doubeni, C. A.; Zhao, W. K.; Corley, D. A.",Accurate Identification of Colonoscopy Quality and Polyp Findings Using Natural Language Processing.,Journal of clinical gastroenterology,10.1097/MCG.0000000000000929,T1 Endoscopy report NLP,PubMed/MEDLINE,18.0,"The aim of this study was to test the ability of a commercially available natural language processing (NLP) tool to accurately extract examination quality-related and large polyp information from colonoscopy reports with varying report formats. Colonoscopy quality reporting often requires manual data abstraction. NLP is another option for extracting information; however, limited data exist on its ability to accurately extract examination quality and polyp findings from unstructured text in colonoscopy reports with different reporting formats. NLP strategies were developed using 500 colonoscopy reports from Kaiser Permanente Northern California and then tested using 300 separate colonoscopy reports that underwent manual chart review. Using findings from manual review as the reference standard, we evaluated the NLP tool's sensitivity, specificity, positive predictive value (PPV), and accuracy for identifying colonoscopy examination indication, cecal intubation, bowel preparation adequacy, and polyps ≥10 mm. The NLP tool was highly accurate in identifying examination quality-related variables from colonoscopy reports. Compared with manual review, sensitivity for screening indication was 100% (95% confidence interval: 95.3%-100%), PPV was 90.6% (82.3%-95.8%), and accuracy was 98.2% (97.0%-99.4%). For cecal intubation, sensitivity was 99.6% (98.0%-100%), PPV was 100% (98.5%-100%), and accuracy was 99.8% (99.5%-100%). For bowel preparation adequacy, sensitivity was 100% (98.5%-100%), PPV was 100% (98.5%-100%), and accuracy was 100% (100%-100%). For polyp(s) ≥10 mm, sensitivity was 90.5% (69.6%-98.8%), PPV was 100% (82.4%-100%), and accuracy was 95.2% (88.8%-100%). NLP yielded a high degree of accuracy for identifying examination quality-related and large polyp information from diverse types of colonoscopy reports.",53,1,e25-e30,10.1097/MCG.0000000000000929,"Lee, J. K., Jensen, C. D., Levin, T. R., Zauber, A. G., Doubeni, C. A., Zhao, W. K., & Corley, D. A. (2019). Accurate Identification of Colonoscopy Quality and Polyp Findings Using Natural Language Processing. *Journal of clinical gastroenterology*, *53*(1), e25-e30. https://doi.org/10.1097/MCG.0000000000000929"
31655273.0,2019,"Liu, C.","Liu, C.; Ta, C. N.; Rogers, J. R.; Li, Z.; Lee, J.; Butler, A. M.; Shang, N.; Kury, F. S. P.; Wang, L.; Shen, F.; Liu, H.; Ena, L.; Friedman, C.; Weng, C.",Ensembles of natural language processing systems for portable phenotyping solutions.,Journal of biomedical informatics,10.1016/j.jbi.2019.103318,T2 Rule-based vs ML,PubMed/MEDLINE,21.0,"Manually curating standardized phenotypic concepts such as Human Phenotype Ontology (HPO) terms from narrative text in electronic health records (EHRs) is time consuming and error prone. Natural language processing (NLP) techniques can facilitate automated phenotype extraction and thus improve the efficiency of curating clinical phenotypes from clinical texts. While individual NLP systems can perform well for a single cohort, an ensemble-based method might shed light on increasing the portability of NLP pipelines across different cohorts. We compared four NLP systems, MetaMapLite, MedLEE, ClinPhen and cTAKES, and four ensemble techniques, including intersection, union, majority-voting and machine learning, for extracting generic phenotypic concepts. We addressed two important research questions regarding automated phenotype recognition. First, we evaluated the performance of different approaches in identifying generic phenotypic concepts. Second, we compared the performance of different methods to identify patient-specific phenotypic concepts. To better quantify the effects caused by concept granularity differences on performance, we developed a novel evaluation metric that considered concept hierarchies and frequencies. Each of the approaches was evaluated on a gold standard set of clinical documents annotated by clinical experts. One dataset containing 1,609 concepts derived from 50 clinical notes from two different institutions was used in both evaluations, and an additional dataset of 608 concepts derived from 50 case report abstracts obtained from PubMed was used for evaluation of identifying generic phenotypic concepts only. For generic phenotypic concept recognition, the top three performers in the NYP/CUIMC dataset are union ensemble (F1, 0.634), training-based ensemble (F1, 0.632), and majority vote-based ensemble (F1, 0.622). In the Mayo dataset, the top three are majority vote-based ensemble (F1, 0.642), cTAKES (F1, 0.615), and MedLEE (F1, 0.559). In the PubMed dataset, the top three are majority vote-based ensemble (F1, 0.719), training-based (F1, 0.696) and MetaMapLite (F1, 0.694). For identifying patient specific phenotypes, the top three performers in the NYP/CUIMC dataset are majority vote-based ensemble (F1, 0.610), MedLEE (F1, 0.609), and training-based ensemble (F1, 0.585). In the Mayo dataset, the top three are majority vote-based ensemble (F1, 0.604), cTAKES (F1, 0.531) and MedLEE (F1, 0.527). Our study demonstrates that ensembles of natural language processing can improve both generic phenotypic concept recognition and patient specific phenotypic concept identification over individual systems. Among the individual NLP systems, each individual system performed best when they were applied in the dataset that they were primary designed for. However, combining multiple NLP systems to create an ensemble can generally improve the performance. Specifically, the ensemble can increase the results reproducibility across different cohorts and tasks, and thus provide a more portable phenotyping solution compared to individual NLP systems.",100,,103318,10.1016/j.jbi.2019.103318,"Liu, C., Ta, C. N., Rogers, J. R., Li, Z., Lee, J., Butler, A. M., Shang, N., Kury, F. S. P., Wang, L., Shen, F., Liu, H., Ena, L., Friedman, C., & Weng, C. (2019). Ensembles of natural language processing systems for portable phenotyping solutions. *Journal of biomedical informatics*, *100*, 103318. https://doi.org/10.1016/j.jbi.2019.103318"
41695746.0,2026,"Long, S. E.","Long, S. E.; Uden, T.; Peter, C.; Oeltze-Jafra, S.; Beerbaum, P.",Artificial intelligence for patent ductus arteriosus-a systematic review.,Frontiers in pediatrics,10.3389/fped.2026.1648943,T4 Leakage & validity,PubMed/MEDLINE,7.0,"Optimal management of patent ductus arteriosus (PDA) remains controversial. Complexity in severity appraisal, high-dimensional data, and the need for longitudinal, individualized assessment make PDA a compelling candidate for Artificial Intelligence (AI)-driven approaches. This systematic review evaluates AI research in the context of PDA, identifying strengths, limitations, and future directions. Following PRISMA 2020, databases were searched for peer-reviewed articles from January 1, 2010, to May 31, 2025. Eleven studies met inclusion criteria. Data on design, population, sources, AI methods, performance, validation, limitations, and explainability were extracted. Risk of bias was assessed using the Prediction model Risk of Bias Assessment Tool and Joanna Briggs Institute Critical Appraisal Checklist; reporting quality using the Minimum Information about Clinical AI Modeling checklist. Heterogeneity precluded meta-analysis; therefore findings were synthesized narratively. Eleven studies addressed diagnosis/screening (n = 5), treatment-response prediction (n = 2), risk-factor identification (n = 2), treatment-complication prediction (n = 1), and subphenotype analysis (n = 1). Ten were retrospective; nine single-center, one multi-center, and one used a national registry. Sample sizes were mostly <500 (range: 66-8,369). Definitions of PDA subgroups-symptomatic and hemodynamically significant PDA-varied significantly. Populations included preterm, neonatal and pediatric cohorts, often excluding other congenital heart disease, pulmonary hypertension, or early mortality. Input data ranged from multimodal parameters to high-dimensional unimodal sources. Ten studies used supervised learning; nine traditional machine learning; five deep learning. No study performed adequate external validation. Diagnostic models achieved AUCs of 0.74-0.93, however risk of bias was high, particularly in analysis, suggesting overfitting. Models addressing other aspects showed modest performance. None of the included studies exhibited low risk of bias. Most studies addressed explainability to some degree; only one addressed clinical utility; none evaluated fairness. Reproducibility was hindered by manual preprocessing and limited sharing of data, models, or code. Artificial intelligence shows feasibility for supporting PDA risk stratification, diagnosis, severity assessment, and prediction of treatment-related outcomes. However, current applications remain in early, pilot-stage development and are not yet suitable for clinical implementation. Future work should prioritize clinically meaningful tasks, scientifically rigorous and bias-aware methodologies, larger and more representative cohorts, and systematic external validation. Fairness, explainability, and reproducibility must be addressed to support translation. Continued methodological refinement and clinical grounding will be key to unlocking the potential of these technologies for this highly vulnerable patient population in the future.",14,,1648943,1648943,"Long, S. E., Uden, T., Peter, C., Oeltze-Jafra, S., & Beerbaum, P. (2026). Artificial intelligence for patent ductus arteriosus-a systematic review. *Frontiers in pediatrics*, *14*, 1648943. https://doi.org/10.3389/fped.2026.1648943"
,2019,"Mitchell, M.","Mitchell, M.; Wu, S.; Zaldivar, A.; Barnes, P.; Vasserman, L.; Hutchinson, B.; Spitzer, E.; Raji, I. D.; Gebru, T.",Model cards for model reporting,"Proceedings of the Conference on Fairness, Accountability, and Transparency (FAT* '19)",10.1145/3287560.3287596,T5 Reporting standards,Hand-searched (CS venue),,,,,220-229,,"Mitchell, M., Wu, S., Zaldivar, A., Barnes, P., Vasserman, L., Hutchinson, B., Spitzer, E., Raji, I. D., & Gebru, T. (2019). Model cards for model reporting. *Proceedings of the Conference on Fairness, Accountability, and Transparency (FAT* '19)*, 220-229. https://doi.org/10.1145/3287560.3287596"
37407841.0,2023,"Moassefi, M.","Moassefi, M.; Rouzrokh, P.; Conte, G. M.; Vahdati, S.; Fu, T.; Tahmasebi, A.; Younis, M.; Farahani, K.; Gentili, A.; Kline, T.; Kitamura, F. C.; Huo, Y.; Kuanar, S.; Younis, K.; Erickson, B. J.; Faghani, S.",Reproducibility of Deep Learning Algorithms Developed for Medical Imaging Analysis: A Systematic Review.,Journal of digital imaging,10.1007/s10278-023-00870-5,T4 Leakage & validity,PubMed/MEDLINE,8.0,"Since 2000, there have been more than 8000 publications on radiology artificial intelligence (AI). AI breakthroughs allow complex tasks to be automated and even performed beyond human capabilities. However, the lack of details on the methods and algorithm code undercuts its scientific value. Many science subfields have recently faced a reproducibility crisis, eroding trust in processes and results, and influencing the rise in retractions of scientific papers. For the same reasons, conducting research in deep learning (DL) also requires reproducibility. Although several valuable manuscript checklists for AI in medical imaging exist, they are not focused specifically on reproducibility. In this study, we conducted a systematic review of recently published papers in the field of DL to evaluate if the description of their methodology could allow the reproducibility of their findings. We focused on the Journal of Digital Imaging (JDI), a specialized journal that publishes papers on AI and medical imaging. We used the keyword ""Deep Learning"" and collected the articles published between January 2020 and January 2022. We screened all the articles and included the ones which reported the development of a DL tool in medical imaging. We extracted the reported details about the dataset, data handling steps, data splitting, model details, and performance metrics of each included article. We found 148 articles. Eighty were included after screening for articles that reported developing a DL model for medical image analysis. Five studies have made their code publicly available, and 35 studies have utilized publicly available datasets. We provided figures to show the ratio and absolute count of reported items from included studies. According to our cross-sectional study, in JDI publications on DL in medical imaging, authors infrequently report the key elements of their study to make it reproducible.",36,5,2306-2312,10.1007/s10278-023-00870-5,"Moassefi, M., Rouzrokh, P., Conte, G. M., Vahdati, S., Fu, T., Tahmasebi, A., Younis, M., Farahani, K., Gentili, A., Kline, T., Kitamura, F. C., Huo, Y., Kuanar, S., Younis, K., Erickson, B. J., & Faghani, S. (2023). Reproducibility of Deep Learning Algorithms Developed for Medical Imaging Analysis: A Systematic Review. *Journal of digital imaging*, *36*(5), 2306-2312. https://doi.org/10.1007/s10278-023-00870-5"
42100125.0,2026,"Mohapatra, A.","Mohapatra, A.; Porth, R.; Wong, S.; Hardway, H.; Piatkowski, G.; Shang, J.; Amat, M. J.; Flier, S.; Salsman, A.; Fitzgerald, T.; Shammout, A.; Rubins, D.; Miller, A.; Jegadeesan, V.; Ravi, A.; Feuerstein, J. D.",Design and implementation of an end-to-end AI-driven colonoscopy recall workflow at scale.,JAMIA open,10.1093/jamiaopen/ooag070,T1 Endoscopy report NLP,PubMed/MEDLINE,7.0,"To develop a large-language-model (LLM)-centric workflow flow extraction and migration of clinician-documented colonoscopy recall recommendations from unstructured reports and letters during an enterprise-wide electronic health record (EHR) transition. A multi-stage workflow [Optical Character Recognition (OCR) -> LLM -> structured fields] was built around a central GPT-4 Turbo inference step following prompt optimization. Validation was performed on a held-out set (N = 326 notes) using 2-clinician consensus and then benchmarked against traditional rule-based natural-language-processing (NLP) (spaCy v3). Layered quality control-manual review, field validation, and anomaly detection-was used to assess workflow results prior to upload (N = 118 181 total patients). Prompt optimization enabled GPT-4 Turbo to achieve perfect concordance with clinician review in a small test set (macro-F1 = 1.0; N = 100 patients). Expanded validation on a held-out set demonstrated improved F1 (0.89; CI = [0.65, 0.92], N = 326) relative to a traditional rule-based NLP approach (F1 = 0.78; CI = [0.58, 0.82]). The system processed 118 181 records in ≈9 hours (≈2 s/record) at a direct implementation cost of ∼$12 000. An LLM-driven workflow safely migrated preventive-care data at population scale, with potential accuracy improvements over traditional rule-based NLP approaches and substantial reductions in time and cost relative to manual review. LLMs can play a valuable role in high-quality structuring of clinical data, preserving longitudinal care continuity during EHR modernization.",9,3,ooag070,ooag070,"Mohapatra, A., Porth, R., Wong, S., Hardway, H., Piatkowski, G., Shang, J., Amat, M. J., Flier, S., Salsman, A., Fitzgerald, T., Shammout, A., Rubins, D., Miller, A., Jegadeesan, V., Ravi, A., & Feuerstein, J. D. (2026). Design and implementation of an end-to-end AI-driven colonoscopy recall workflow at scale. *JAMIA open*, *9*(3), ooag070. https://doi.org/10.1093/jamiaopen/ooag070"
36115659.0,2023,"Nguyen Wenker, T.","Nguyen Wenker, T.; Natarajan, Y.; Caskey, K.; Novoa, F.; Mansour, N.; Pham, H. A.; Hou, J. K.; El-Serag, H. B.; Thrift, A. P.",Using Natural Language Processing to Automatically Identify Dysplasia in Pathology Reports for Patients With Barrett's Esophagus.,Clinical gastroenterology and hepatology : the official clinical practice journal of the American Gastroenterological Association,10.1016/j.cgh.2022.09.005,T1 Endoscopy report NLP,PubMed/MEDLINE,8.0,"Identifying dysplasia of Barrett's esophagus (BE) in the electronic medical record (EMR) requires manual abstraction of unstructured data. Natural language processing (NLP) creates structure to unstructured free text. We aimed to develop and validate an NLP algorithm to identify dysplasia in BE patients on histopathology reports with varying report formats in a large integrated EMR system. We randomly selected 600 pathology reports for NLP development and 400 reports for validation from patients with suspected BE in the national Veterans Affairs databases. BE and dysplasia were verified by manual review of the pathology reports. We used NLP software (Clinical Language Annotation, Modeling, and Processing Toolkit; Melax Tech, Houston, TX) to develop an algorithm to identify dysplasia using findings. The algorithm performance characteristics were calculated as recall, precision, accuracy, and F-measure. In the development set of 600 patients, 457 patients had confirmed BE (60 with dysplasia). The NLP identified dysplasia with 98.0% accuracy, 91.7% recall, and 93.2% precision, with an F-measure of 92.4%. All 7 patients with confirmed high-grade dysplasia were classified by the algorithm as having dysplasia. Among the 400 patients in the validation cohort, 230 had confirmed BE (39 with dysplasia). Compared with manual review, the NLP algorithm identified dysplasia with 98.7% accuracy, 92.3% recall, and 100.0% precision, with an F-measure of 96.0%. NLP yielded a high degree of sensitivity and accuracy for identifying dysplasia from diverse types of pathology reports for patients with BE. The application of this algorithm would facilitate research and clinical care in an EMR system with text reports in large data repositories.",21,5,1198-1204,10.1016/j.cgh.2022.09.005,"Nguyen Wenker, T., Natarajan, Y., Caskey, K., Novoa, F., Mansour, N., Pham, H. A., Hou, J. K., El-Serag, H. B., & Thrift, A. P. (2023). Using Natural Language Processing to Automatically Identify Dysplasia in Pathology Reports for Patients With Barrett's Esophagus. *Clinical gastroenterology and hepatology : the official clinical practice journal of the American Gastroenterological Association*, *21*(5), 1198-1204. https://doi.org/10.1016/j.cgh.2022.09.005"
36064111.0,2022,"Nogues, I. E.","Nogues, I. E.; Wen, J.; Lin, Y.; Liu, M.; Tedeschi, S. K.; Geva, A.; Cai, T.; Hong, C.",Weakly Semi-supervised phenotyping using Electronic Health records.,Journal of biomedical informatics,10.1016/j.jbi.2022.104175,T3 Weak supervision,PubMed/MEDLINE,13.0,"Electronic Health Record (EHR) based phenotyping is a crucial yet challenging problem in the biomedical field. Though clinicians typically determine patient-level diagnoses via manual chart review, the sheer volume and heterogeneity of EHR data renders such tasks challenging, time-consuming, and prohibitively expensive, thus leading to a scarcity of clinical annotations in EHRs. Weakly supervised learning algorithms have been successfully applied to various EHR phenotyping problems, due to their ability to leverage information from large quantities of unlabeled samples to better inform predictions based on a far smaller number of patients. However, most weakly supervised methods are subject to the challenge to choose the right cutoff value to generate an optimal classifier. Furthermore, since they only utilize the most informative features (i.e., main ICD and NLP counts) they may fail for episodic phenotypes that cannot be consistently detected via ICD and NLP data. In this paper, we propose a label-efficient, weakly semi-supervised deep learning algorithm for EHR phenotyping (WSS-DL), which overcomes the limitations above. WSS-DL classifies patient-level disease status through a series of learning stages: 1) generating silver standard labels, 2) deriving enhanced-silver-standard labels by fitting a weakly supervised deep learning model to data with silver standard labels as outcomes and high dimensional EHR features as input, and 3) obtaining the final prediction score and classifier by fitting a supervised learning model to data with a minimal number of gold standard labels as the outcome, and the enhanced-silver-standard labels and a minimal set of most informative EHR features as input. To assess the generalizability of WSS-DL across different phenotypes and medical institutions, we apply WSS-DL to classify a total of 17 diseases, including both acute and chronic conditions, using EHR data from three healthcare systems. Additionally, we determine the minimum quantity of training labels required by WSS-DL to outperform existing supervised and semi-supervised phenotyping methods. The proposed method, in combining the strengths of deep learning and weakly semi-supervised learning, successfully leverages the crucial phenotyping information contained in EHR features from unlabeled samples. Indeed, the deep learning model's ability to handle high-dimensional EHR features allows it to generate strong phenotype status predictions from silver standard labels. These predictions, in turn, provide highly effective features in the final logistic regression stage, leading to high phenotyping accuracy in notably small subsets of labeled data (e.g. n = 40 labeled samples). Our method's high performance in EHR datasets with very small numbers of labels indicates its potential value in aiding doctors to diagnose rare diseases as well as conditions susceptible to misdiagnosis.",134,,104175,10.1016/j.jbi.2022.104175,"Nogues, I. E., Wen, J., Lin, Y., Liu, M., Tedeschi, S. K., Geva, A., Cai, T., & Hong, C. (2022). Weakly Semi-supervised phenotyping using Electronic Health records. *Journal of biomedical informatics*, *134*, 104175. https://doi.org/10.1016/j.jbi.2022.104175"
25607983.0,2015,"Oellrich, A.","Oellrich, A.; Collier, N.; Smedley, D.; Groza, T.",Generation of silver standard concept annotations from biomedical texts with special relevance to phenotypes.,PloS one,10.1371/journal.pone.0116040,T3 Weak supervision,PubMed/MEDLINE,11.0,"Electronic health records and scientific articles possess differing linguistic characteristics that may impact the performance of natural language processing tools developed for one or the other. In this paper, we investigate the performance of four extant concept recognition tools: the clinical Text Analysis and Knowledge Extraction System (cTAKES), the National Center for Biomedical Ontology (NCBO) Annotator, the Biomedical Concept Annotation System (BeCAS) and MetaMap. Each of the four concept recognition systems is applied to four different corpora: the i2b2 corpus of clinical documents, a PubMed corpus of Medline abstracts, a clinical trails corpus and the ShARe/CLEF corpus. In addition, we assess the individual system performances with respect to one gold standard annotation set, available for the ShARe/CLEF corpus. Furthermore, we built a silver standard annotation set from the individual systems' output and assess the quality as well as the contribution of individual systems to the quality of the silver standard. Our results demonstrate that mainly the NCBO annotator and cTAKES contribute to the silver standard corpora (F1-measures in the range of 21% to 74%) and their quality (best F1-measure of 33%), independent from the type of text investigated. While BeCAS and MetaMap can contribute to the precision of silver standard annotations (precision of up to 42%), the F1-measure drops when combined with NCBO Annotator and cTAKES due to a low recall. In conclusion, the performances of individual systems need to be improved independently from the text types, and the leveraging strategies to best take advantage of individual systems' annotations need to be revised. The textual content of the PubMed corpus, accession numbers for the clinical trials corpus, and assigned annotations of the four concept recognition systems as well as the generated silver standard annotation sets are available from http://purl.org/phenotype/resources. The textual content of the ShARe/CLEF (https://sites.google.com/site/shareclefehealth/data) and i2b2 (https://i2b2.org/NLP/DataSets/) corpora needs to be requested with the individual corpus providers.",10,1,e0116040,e0116040,"Oellrich, A., Collier, N., Smedley, D., & Groza, T. (2015). Generation of silver standard concept annotations from biomedical texts with special relevance to phenotypes. *PloS one*, *10*(1), e0116040. https://doi.org/10.1371/journal.pone.0116040"
,2010,"Ojala, M.","Ojala, M.; Garriga, G. C.",Permutation tests for studying classifier performance,Journal of Machine Learning Research,,T4 Leakage & validity,Hand-searched (CS venue),,,11,,1833-1863,,"Ojala, M., & Garriga, G. C. (2010). Permutation tests for studying classifier performance. *Journal of Machine Learning Research*, *11*, 1833-1863."
42218968.0,2026,"Rao, A.","Rao, A.; Bali, A.; Tran, V.; Vasavada, S.; Chu, J.; Kanwal, F.; Rusin, C.; El-Serag, H. B.",Development and External Validation of a Large Language Model-Based Clinical Decision-Support System for Colonoscopy Surveillance Intervals.,Clinical gastroenterology and hepatology : the official clinical practice journal of the American Gastroenterological Association,10.1016/j.cgh.2026.05.017,T1 Endoscopy report NLP,PubMed/MEDLINE,7.0,"Adherence to guideline-based colonoscopy surveillance intervals remains suboptimal. Large language models show promise for automating interval assignment, but prior studies relied on proprietary models and have variably assessed generalizability. We developed and externally validated a clinical decision-support system that integrates locally deployable, open-source large language model-based variable extraction with a rules engine that encodes the 2020 United States Multi-Society Task Force guidelines. We assembled development (n = 256), internal (n = 450), and external validation (n = 415) cohorts of colonoscopy-pathology dyads. We developed a 3-stage clinical decision-support system including: (1) large language model-based extraction of diagnosis-bearing sections from pathology reports; (2) large language model-based extraction of surveillance-relevant variables; and (3) deterministic assignment of surveillance intervals using United States Multi-Society Task Force logic. Seven open-source large language models (3.8-32B parameters) were benchmarked; the highest-performing model by macro-averaged F1 score was locked prior to validation. The primary outcome was guideline-concordant interval assignment (target, 90%); secondary outcomes included extraction performance and hallucination rate. The best-performing open-source model, Gemma-27B-Instruct (macro-averaged F1 score, 0.992), was locked. The clinical decision-support system achieved 94.0% guideline-concordant surveillance interval assignment in internal validation (95% confidence interval, 91.8%-96.0%; κ = 0.92; 95% confidence interval, 0.89-0.95) and 92.8% concordance in external validation (95% confidence interval, 90.1%-95.2%; κ = 0.88; 95% confidence interval, 0.84-0.91). Misclassifications were primarily due to adenoma miscounting and diagnostic biopsies misinterpreted as resections. Hallucination-related errors occurred in fewer than 1% of cases. We report an externally validated, hybrid large language model rules-based clinical decision-support system for colonoscopy surveillance that achieves >90% concordance while preserving transparency, auditability, and guideline traceability.",,,,S1542-3565(26)00397-6,"Rao, A., Bali, A., Tran, V., Vasavada, S., Chu, J., Kanwal, F., Rusin, C., & El-Serag, H. B. (2026). Development and External Validation of a Large Language Model-Based Clinical Decision-Support System for Colonoscopy Surveillance Intervals. *Clinical gastroenterology and hepatology : the official clinical practice journal of the American Gastroenterological Association*, S1542-3565(26)00397-6. https://doi.org/10.1016/j.cgh.2026.05.017"
,2017,"Ratner, A.","Ratner, A.; Bach, S. H.; Ehrenberg, H.; Fries, J.; Wu, S.; Re, C.",Snorkel: Rapid training data creation with weak supervision,Proceedings of the VLDB Endowment,10.14778/3157794.3157797,T3 Weak supervision,Hand-searched (CS venue),,,11,3,269-282,,"Ratner, A., Bach, S. H., Ehrenberg, H., Fries, J., Wu, S., & Re, C. (2017). Snorkel: Rapid training data creation with weak supervision. *Proceedings of the VLDB Endowment*, *11*(3), 269-282. https://doi.org/10.14778/3157794.3157797"
40322979.0,2025,"Rehman, A. U.","Rehman, A. U.; Neyra, J. A.; Chen, J.; Ghazi, L.",Machine learning models for acute kidney injury prediction and management: a scoping review of externally validated studies.,Critical reviews in clinical laboratory sciences,10.1080/10408363.2025.2497843,T4 Leakage & validity,PubMed/MEDLINE,7.0,"Despite advancements in medical care, acute kidney injury (AKI) remains a major contributor to adverse patient outcomes and presents a significant challenge due to its associated morbidity, mortality, and financial cost. Machine learning (ML) is increasingly being recognized for its potential to transform AKI care by enabling early prediction, detection, and facilitating an individualized approach to patient management. This scoping review aims to provide a comprehensive analysis of externally validated ML models for the prediction, detection, and management of AKI. We systematically searched for relevant literature from inception to 15 February 2024, using four databases-MEDLINE, EMBASE, Web of Science, and Scopus. We focused solely on models that had undergone external validation, employed Kidney Disease Improving Global Outcomes (KDIGO) definitions for AKI, and utilized ML models (excluding logistic regression models). A total of 44 studies encompassing 161 ML models for AKI prediction, severity assessment, and outcomes in both adult and pediatric populations were included in the review. These studies encompassed 4,153,424 patient admissions, with 1,209,659 in the development and internal validation cohorts and 2,943,765 in the external validation cohorts. The ML models demonstrated significant variability in performance owing to differing clinical settings, populations, and predictors used. Most of the included models were developed in specialized patient populations, such as those in intensive care units, post-surgical settings, and specific disease states (e.g. congestive heart failure, traumatic brain injury, etc.). Moreover, only a few models incorporated dynamic predictors of AKI which are crucial for improving clinical utility in rapidly evolving clinical conditions like AKI. The variable performance of these models when applied to external validation cohorts highlights the challenges of reproducibility and generalizability in implementing ML models in AKI care. Despite acceptable performance metrics, none of the models assessed in this review underwent validation or implementation in real-world clinical workflows. These findings underscore the need for standardized performance metrics and validation protocols to enhance the generalizability and clinical applicability of these models. Future efforts should focus on enhancing model adaptability by incorporating dynamic predictors and unstructured data and by ensuring that models are developed in diverse patient populations. Moreover, collaboration between clinicians and data scientists is critical to ensure the development of models that are clinically relevant, fair, and tailored to real-world healthcare environments.",62,6,454-476,10.1080/10408363.2025.2497843,"Rehman, A. U., Neyra, J. A., Chen, J., & Ghazi, L. (2025). Machine learning models for acute kidney injury prediction and management: a scoping review of externally validated studies. *Critical reviews in clinical laboratory sciences*, *62*(6), 454-476. https://doi.org/10.1080/10408363.2025.2497843"
41647006.0,2023,"Sabrie, N.","Sabrie, N.; Khan, R.; Jogendran, R.; Scaffidi, M.; Bansal, R.; Gimpaya, N.; Youssef, M.; Forbes, N.; Mosko, J. D.; Berzin, T. M.; Lightfoot, D.; Grover, S. C.",Performance of natural language processing in identifying adenomas from colonoscopy reports: a systematic review and meta-analysis.,"iGIE : innovation, investigation and insights",10.1016/j.igie.2023.07.012,T1 Endoscopy report NLP,PubMed/MEDLINE,9.0,"The adenoma detection rate is a key quality metric for colonoscopy and is inversely related to the post-colonoscopy colorectal cancer rate. Natural language processing can be used to automate the generation of such quality metrics from colonoscopy reports. We performed a systematic review and meta-analysis on the performance of natural language processing (NLP) in identifying adenoma detection in colonoscopy and paired pathology reports. We performed a systematic review and meta-analysis according to Preferred Reporting Items for Systematic Reviews and Meta-Analyses recommendations. A literature query was conducted on MEDLINE, Embase, and Cochrane Database of Systematic Reviews through July 2022. Studies were included if they reported on the operator characteristics of an NLP algorithm in interpreting adenoma detection in colonoscopy and pathology reports. Two authors independently screened studies and abstracted data using an a priori designed data collection form. Performance characteristics were pooled by first using a univariate analysis, followed by a bivariate analysis of sensitivity and specificity. The pooled specificity and sensitivity for identifying adenoma detection were .997 (95% confidence interval [CI], .984-.999) and .978 (95% CI, .938-.992). The pooled positive predictive value, negative predictive value, and F1 score were .997 (95% CI, .979-1.00), .977 (95% CI, .938-.992), and .982 (95% CI, .957-.993), respectively. In the bivariate analysis, the pooled specificity and sensitivity were .992 (95% CI, .978-.997) and .973 (95% CI, .929-.990). The NLP systems performed similarly well in identifying the detection of sessile serrated lesions and advanced adenomas. NLP systems can identify adenoma detection from colonoscopy and pathology reports with strong operator characteristics.",2,3,350-356.e7,10.1016/j.igie.2023.07.012,"Sabrie, N., Khan, R., Jogendran, R., Scaffidi, M., Bansal, R., Gimpaya, N., Youssef, M., Forbes, N., Mosko, J. D., Berzin, T. M., Lightfoot, D., & Grover, S. C. (2023). Performance of natural language processing in identifying adenomas from colonoscopy reports: a systematic review and meta-analysis. *iGIE : innovation, investigation and insights*, *2*(3), 350-356.e7. https://doi.org/10.1016/j.igie.2023.07.012"
42218717.0,2026,"Sardar, S.","Sardar, S.; Dash, S.; Roychowdhury, P.; Solanki, J.; Sikdar, P.; Thangappan, J.; Dutta, S.","Artificial intelligence for antimicrobial resistance: advancing reproducibility, interpretability, and clinical deployment.",Briefings in bioinformatics,10.1093/bib/bbag269,T4 Leakage & validity,PubMed/MEDLINE,6.0,"The shift of artificial intelligence for antimicrobial resistance (AI-AMR) from proof-of-concept studies to clinically embedded decision support critically hinges on establishing rigorous reproducibility, interpretability, and evaluation standards aligned with antimicrobial stewardship and patient safety. This review traces the field's evolution from rule-based gene matching through classical machine learning to deep learning models, foundation models, and generative models and proposes a pragmatic standards framework covering dataset curation, multi-site external validation, transparent model cards, and systematic error-cost analyses. Historically, progress was catalysed by curated resistome ontologies; modern practice demands FAIR-aligned curation, explicit bias and data-leakage audits, and prospective temporal and external geographic validation guided by emerging healthcare AI guidelines. To translate accuracy into safer prescribing, the review advocates cost-sensitive evaluation that quantifies false-positive and false-negative harms, integrates stewardship metrics (time-to-effective therapy, spectrum narrowing, days of therapy), and facilitates continuous post-deployment monitoring. Looking forward, federated learning, multimodal and foundation architectures, generative models for antimicrobial and peptide design, and explainable interfaces usable at the point-of-care are poised to reshape trustworthy and clinically deployable AI-AMR. The review concludes with a checklist for implementers: FAIR and diversity-by-design data curation, prospectively specified multi-site validation, standardised governance-linked model cards, and explicit stewardship-oriented error-cost trade-offs.",27,3,,bbag269,"Sardar, S., Dash, S., Roychowdhury, P., Solanki, J., Sikdar, P., Thangappan, J., & Dutta, S. (2026). Artificial intelligence for antimicrobial resistance: advancing reproducibility, interpretability, and clinical deployment. *Briefings in bioinformatics*, *27*(3). https://doi.org/10.1093/bib/bbag269"
38533919.0,2025,"Silverman, A. L.","Silverman, A. L.; Bhasuran, B.; Mosenia, A.; Yasini, F.; Ramasamy, G.; Banerjee, I.; Gupta, S.; Mardirossian, T.; Narain, R.; Sewell, J.; Butte, A. J.; Rudrapatna, V. A.","Accurate, Robust, and Scalable Machine Abstraction of Mayo Endoscopic Subscores From Colonoscopy Reports.",Inflammatory bowel diseases,10.1093/ibd/izae068,T1 Endoscopy report NLP,PubMed/MEDLINE,11.0,"The Mayo endoscopic subscore (MES) is an important quantitative measure of disease activity in ulcerative colitis. Colonoscopy reports in routine clinical care usually characterize ulcerative colitis disease activity using free text description, limiting their utility for clinical research and quality improvement. We sought to develop algorithms to classify colonoscopy reports according to their MES. We annotated 500 colonoscopy reports from 2 health systems. We trained and evaluated 4 classes of algorithms. Our primary outcome was accuracy in identifying scorable reports (binary) and assigning an MES (ordinal). Secondary outcomes included learning efficiency, generalizability, and fairness. Automated machine learning models achieved 98% and 97% accuracy on the binary and ordinal prediction tasks, outperforming other models. Binary models trained on the University of California, San Francisco data alone maintained accuracy (96%) on validation data from Zuckerberg San Francisco General. When using 80% of the training data, models remained accurate for the binary task (97% [n = 320]) but lost accuracy on the ordinal task (67% [n = 194]). We found no evidence of bias by gender (P = .65) or area deprivation index (P = .80). We derived a highly accurate pair of models capable of classifying reports by their MES and recognizing when to abstain from prediction. Our models were generalizable on outside institution validation. There was no evidence of algorithmic bias. Our methods have the potential to enable retrospective studies of treatment effectiveness, prospective identification of patients meeting study criteria, and quality improvement efforts in inflammatory bowel diseases.",31,3,665-670,10.1093/ibd/izae068,"Silverman, A. L., Bhasuran, B., Mosenia, A., Yasini, F., Ramasamy, G., Banerjee, I., Gupta, S., Mardirossian, T., Narain, R., Sewell, J., Butte, A. J., & Rudrapatna, V. A. (2025). Accurate, Robust, and Scalable Machine Abstraction of Mayo Endoscopic Subscores From Colonoscopy Reports. *Inflammatory bowel diseases*, *31*(3), 665-670. https://doi.org/10.1093/ibd/izae068"
38568736.0,2024,"Sivarajkumar, S.","Sivarajkumar, S.; Gao, F.; Denny, P.; Aldhahwani, B.; Visweswaran, S.; Bove, A.; Wang, Y.",Mining Clinical Notes for Physical Rehabilitation Exercise Information: Natural Language Processing Algorithm Development and Validation Study.,JMIR medical informatics,10.2196/52289,T2 Rule-based vs ML,PubMed/MEDLINE,16.0,"The rehabilitation of a patient who had a stroke requires precise, personalized treatment plans. Natural language processing (NLP) offers the potential to extract valuable exercise information from clinical notes, aiding in the development of more effective rehabilitation strategies. This study aims to develop and evaluate a variety of NLP algorithms to extract and categorize physical rehabilitation exercise information from the clinical notes of patients who had a stroke treated at the University of Pittsburgh Medical Center. A cohort of 13,605 patients diagnosed with stroke was identified, and their clinical notes containing rehabilitation therapy notes were retrieved. A comprehensive clinical ontology was created to represent various aspects of physical rehabilitation exercises. State-of-the-art NLP algorithms were then developed and compared, including rule-based, machine learning-based algorithms (support vector machine, logistic regression, gradient boosting, and AdaBoost) and large language model (LLM)-based algorithms (ChatGPT [OpenAI]). The study focused on key performance metrics, particularly F1-scores, to evaluate algorithm effectiveness. The analysis was conducted on a data set comprising 23,724 notes with detailed demographic and clinical characteristics. The rule-based NLP algorithm demonstrated superior performance in most areas, particularly in detecting the ""Right Side"" location with an F1-score of 0.975, outperforming gradient boosting by 0.063. Gradient boosting excelled in ""Lower Extremity"" location detection (F1-score: 0.978), surpassing rule-based NLP by 0.023. It also showed notable performance in the ""Passive Range of Motion"" detection with an F1-score of 0.970, a 0.032 improvement over rule-based NLP. The rule-based algorithm efficiently handled ""Duration,"" ""Sets,"" and ""Reps"" with F1-scores up to 0.65. LLM-based NLP, particularly ChatGPT with few-shot prompts, achieved high recall but generally lower precision and F1-scores. However, it notably excelled in ""Backward Plane"" motion detection, achieving an F1-score of 0.846, surpassing the rule-based algorithm's 0.720. The study successfully developed and evaluated multiple NLP algorithms, revealing the strengths and weaknesses of each in extracting physical rehabilitation exercise information from clinical notes. The detailed ontology and the robust performance of the rule-based and gradient boosting algorithms demonstrate significant potential for enhancing precision rehabilitation. These findings contribute to the ongoing efforts to integrate advanced NLP techniques into health care, moving toward predictive models that can recommend personalized rehabilitation treatments for optimal patient outcomes.",12,,e52289,e52289,"Sivarajkumar, S., Gao, F., Denny, P., Aldhahwani, B., Visweswaran, S., Bove, A., & Wang, Y. (2024). Mining Clinical Notes for Physical Rehabilitation Exercise Information: Natural Language Processing Algorithm Development and Validation Study. *JMIR medical informatics*, *12*, e52289. https://doi.org/10.2196/52289"
35683353.0,2022,"Song, G.","Song, G.; Chung, S. J.; Seo, J. Y.; Yang, S. Y.; Jin, E. H.; Chung, G. E.; Shim, S. R.; Sa, S.; Hong, M. S.; Kim, K. H.; Jang, E.; Lee, C. W.; Bae, J. H.; Han, H. W.",Natural Language Processing for Information Extraction of Gastric Diseases and Its Application in Large-Scale Clinical Research.,Journal of clinical medicine,10.3390/jcm11112967,T1 Endoscopy report NLP,PubMed/MEDLINE,9.0,"Background and Aims: The utility of clinical information from esophagogastroduodenoscopy (EGD) reports has been limited because of its unstructured narrative format. We developed a natural language processing (NLP) pipeline that automatically extracts information about gastric diseases from unstructured EGD reports and demonstrated its applicability in clinical research. Methods: An NLP pipeline was developed using 2000 EGD and associated pathology reports that were retrieved from a single healthcare center. The pipeline extracted clinical information, including the presence, location, and size, for 10 gastric diseases from the EGD reports. It was validated with 1000 EGD reports by evaluating sensitivity, positive predictive value (PPV), accuracy, and F1 score. The pipeline was applied to 248,966 EGD reports from 2010-2019 to identify patient demographics and clinical information for 10 gastric diseases. Results: For gastritis information extraction, we achieved an overall sensitivity, PPV, accuracy, and F1 score of 0.966, 0.972, 0.996, and 0.967, respectively. Other gastric diseases, such as ulcers, and neoplastic diseases achieved an overall sensitivity, PPV, accuracy, and F1 score of 0.975, 0.982, 0.999, and 0.978, respectively. The study of EGD data of over 10 years revealed the demographics of patients with gastric diseases by sex and age. In addition, the study identified the extent and locations of gastritis and other gastric diseases, respectively. Conclusions: We demonstrated the feasibility of the NLP pipeline providing an automated extraction of gastric disease information from EGD reports. Incorporating the pipeline can facilitate large-scale clinical research to better understand gastric diseases.",11,11,,2967,"Song, G., Chung, S. J., Seo, J. Y., Yang, S. Y., Jin, E. H., Chung, G. E., Shim, S. R., Sa, S., Hong, M. S., Kim, K. H., Jang, E., Lee, C. W., Bae, J. H., & Han, H. W. (2022). Natural Language Processing for Information Extraction of Gastric Diseases and Its Application in Large-Scale Clinical Research. *Journal of clinical medicine*, *11*(11). https://doi.org/10.3390/jcm11112967"
41264858.0,2025,"Stevens, E. R.","Stevens, E. R.; Hartman, J.; Testa, P.; Mansukhani, A.; Monina, C.; Shunk, A.; Ranson, D.; Imberg, Y.; Cote, A.; Prabhu, D.; Szerencsy, A.",Leveraging Machine Learning and Robotic Process Automation to Identify and Convert Unstructured Colonoscopy Results Into Actionable Data: Proof-of-Concept Study.,JMIR medical informatics,10.2196/73504,T1 Endoscopy report NLP,PubMed/MEDLINE,13.0,"With rising patient volumes and a focus on quality, our health system had the objective to create a more efficient way to ensure accurate documentation of colorectal cancer (CRC) screening intervals from inbound colonoscopy reports to ensure timely follow-up. We developed an integrated end-to-end workflow solution using machine learning (ML) and robotic process automation (RPA) to extract and update electronic health record (EHR) follow-up dates from unstructured data. This study aimed to automate data extraction from external, free-text colonoscopy reports to identify and document recommended follow-up dates for CRC screening in structured EHR fields. As proof of concept, we outline the process development, validity, and implementation of an approach that integrates available tools to automate data retrieval and entry within the EHR of a large academic health system. The health system uses Epic Systems as its EHR platform, and the ML model used was trained on health system patient colonoscopy reports. This proof-of-concept process study consisted of six stages: (1) identification of gaps in documenting recommendations for follow-up CRC screening from external colonoscopy reports, (2) defining process objectives, (3) identification of technologies, (4) creation of process architecture, (5) process validation, and (6) health system-wide implementation. A chart review was performed to validate process outcomes and estimate impact. We developed an automated process with 3 primary steps leveraging ML and RPA to create a fully orchestrated workflow to update CRC screening recall dates based on colonoscopy reports received from external sources. Process validity was assessed with 690 scanned colonoscopy reports. During process validation, the overall automated process achieved an accuracy of 80.7% (557/690, 95% CI 77.8%-83.7%) for correctly identifying the presence or absence of a valid follow-up date and a follow-up date false negative identification rate of 32.9% (130/395, 95% CI 29.4%-36.4%). From the organization-wide implementation to go-live until December 31, 2024, the system processed 16,563 external colonoscopy reports. Of these, 35.3% (5841/16,563) had a follow-up date meeting the relevant ML model threshold and thus were identified as ready for RPA processing. Implementation of an automated workflow to extract and update CRC screening follow-up dates from colonoscopy reports is feasible and has the potential to improve accuracy in patient recall while reducing documentation burden. By standardizing data ingestion, extending this approach to various unstructured data types can address deficiencies in structured EHR documentation and solve for a lack of data integration and reporting for quality measures. Automated workflows leveraging ML and RPA offer practical solutions to overcome interoperability challenges and the use of unstructured data within health care systems.",13,,e73504,e73504,"Stevens, E. R., Hartman, J., Testa, P., Mansukhani, A., Monina, C., Shunk, A., Ranson, D., Imberg, Y., Cote, A., Prabhu, D., & Szerencsy, A. (2025). Leveraging Machine Learning and Robotic Process Automation to Identify and Convert Unstructured Colonoscopy Results Into Actionable Data: Proof-of-Concept Study. *JMIR medical informatics*, *13*, e73504. https://doi.org/10.2196/73504"
39322813.0,2025,"Su, Y.","Su, Y.; Babore, Y. B.; Kahn, C. E.",A Large Language Model to Detect Negated Expressions in Radiology Reports.,Journal of imaging informatics in medicine,10.1007/s10278-024-01274-9,T2 Rule-based vs ML,PubMed/MEDLINE,14.0,"Natural language processing (NLP) is crucial to extract information accurately from unstructured text to provide insights for clinical decision-making, quality improvement, and medical research. This study compared the performance of a rule-based NLP system and a medical-domain transformer-based model to detect negated concepts in radiology reports. Using a corpus of 984 de-identified radiology reports from a large U.S.-based academic health system (1000 consecutive reports, excluding 16 duplicates), the investigators compared the rule-based medspaCy system and the Clinical Assertion and Negation Classification Bidirectional Encoder Representations from Transformers (CAN-BERT) system to detect negated expressions of terms from RadLex, the Unified Medical Language System Metathesaurus, and the Radiology Gamuts Ontology. Power analysis determined a sample size of 382 terms to achieve α = 0.05 and β = 0.8 for McNemar's test; based on an estimate of 15% negated terms, 2800 randomly selected terms were annotated manually as negated or not negated. Precision, recall, and F1 of the two models were compared using McNemar's test. Of the 2800 terms, 387 (13.8%) were negated. For negation detection, medspaCy attained a recall of 0.795, precision of 0.356, and F1 of 0.492. CAN-BERT achieved a recall of 0.785, precision of 0.768, and F1 of 0.777. Although recall was not significantly different, CAN-BERT had significantly better precision (χ2 = 304.64; p < 0.001). The transformer-based CAN-BERT model detected negated terms in radiology reports with high precision and recall; its precision significantly exceeded that of the rule-based medspaCy system. Use of this system will improve data extraction from textual reports to support information retrieval, AI model training, and discovery of causal relationships.",38,3,1297-1303,10.1007/s10278-024-01274-9,"Su, Y., Babore, Y. B., & Kahn, C. E. (2025). A Large Language Model to Detect Negated Expressions in Radiology Reports. *Journal of imaging informatics in medicine*, *38*(3), 1297-1303. https://doi.org/10.1007/s10278-024-01274-9"
35300321.0,2022,"Syed, S.","Syed, S.; Angel, A. J.; Syeda, H. B.; Jennings, C. F.; VanScoy, J.; Syed, M.; Greer, M.; Bhattacharyya, S.; Al-Shukri, S.; Zozus, M.; Prior, F.; Tharian, B.",TAX-Corpus: Taxonomy based Annotations for Colonoscopy Evaluation.,"Biomedical engineering systems and technologies, international joint conference, BIOSTEC ... revised selected papers. BIOSTEC (Conference)",10.5220/0010876100003123,T1 Endoscopy report NLP,PubMed/MEDLINE,9.0,"Colonoscopy plays a critical role in screening of colorectal carcinomas (CC). Unfortunately, the data related to this procedure are stored in disparate documents, colonoscopy, pathology, and radiology reports respectively. The lack of integrated standardized documentation is impeding accurate reporting of quality metrics and clinical and translational research. Natural language processing (NLP) has been used as an alternative to manual data abstraction. Performance of Machine Learning (ML) based NLP solutions is heavily dependent on the accuracy of annotated corpora. Availability of large volume annotated corpora is limited due to data privacy laws and the cost and effort required. In addition, the manual annotation process is error-prone, making the lack of quality annotated corpora the largest bottleneck in deploying ML solutions. The objective of this study is to identify clinical entities critical to colonoscopy quality, and build a high-quality annotated corpus using domain specific taxonomies following standardized annotation guidelines. The annotated corpus can be used to train ML models for a variety of downstream tasks.",2022,,162-169,10.5220/0010876100003123,"Syed, S., Angel, A. J., Syeda, H. B., Jennings, C. F., VanScoy, J., Syed, M., Greer, M., Bhattacharyya, S., Al-Shukri, S., Zozus, M., Prior, F., & Tharian, B. (2022). TAX-Corpus: Taxonomy based Annotations for Colonoscopy Evaluation. *Biomedical engineering systems and technologies, international joint conference, BIOSTEC .. revised selected papers. BIOSTEC (Conference)*, *2022*, 162-169. https://doi.org/10.5220/0010876100003123"
35843286.0,2023,"Tinmouth, J.","Tinmouth, J.; Swain, D.; Chorneyko, K.; Lee, V.; Bowes, B.; Li, Y.; Gao, J.; Morgan, D.",Validation of a natural language processing algorithm to identify adenomas and measure adenoma detection rates across a health system: a population-level study.,Gastrointestinal endoscopy,10.1016/j.gie.2022.07.009,T1 Endoscopy report NLP,PubMed/MEDLINE,7.0,"Measuring adenoma detection rates (ADRs) at the population level is challenging because pathology reports are often reported in an unstructured format; further, there is significant variation in reporting methods across institutions. Natural language processing (NLP) can be used to extract relevant information from text-based records. We aimed to develop and validate an NLP algorithm to identify colorectal adenomas that could be used to report ADR at the population level in Ontario, Canada. The sampling frame included pathology reports from all colonoscopies performed in Ontario in 2015 and 2016. Two random samples of 450 and 1000 reports were selected as the training and validation sets, respectively. Expert clinicians reviewed and classified reports as adenoma or other. The training set was used to develop an NLP algorithm (to identify adenomas) that was evaluated using the validation set. The NLP algorithm test characteristics were calculated using expert review as the reference. We used the algorithm to measure ADR for all endoscopists in Ontario in 2019. The 1450 pathology reports were derived from 62 laboratories, 266 pathologists, and 532 endoscopists. In the training set, the NLP algorithm for any adenoma had a sensitivity of 99.60% (95% confidence interval (CI), 97.77-99.99), specificity of 99.01% (95% CI, 96.49-99.88), positive predictive value of 99.19% (95% CI, 97.12-99.90), and F1 score of .99. Similar results were obtained for the validation set. The median ADR was 33% (interquartile range, 26%-40%). When we used a population-based sample from Ontario, our NLP algorithm was highly accurate and was used at the system level to measure ADR.",97,1,121-129.e1,10.1016/j.gie.2022.07.009,"Tinmouth, J., Swain, D., Chorneyko, K., Lee, V., Bowes, B., Li, Y., Gao, J., & Morgan, D. (2023). Validation of a natural language processing algorithm to identify adenomas and measure adenoma detection rates across a health system: a population-level study. *Gastrointestinal endoscopy*, *97*(1), 121-129.e1. https://doi.org/10.1016/j.gie.2022.07.009"
36413056.0,2023,"Yang, S.","Yang, S.; Varghese, P.; Stephenson, E.; Tu, K.; Gronsbell, J.",Machine learning approaches for electronic health records phenotyping: a methodical review.,Journal of the American Medical Informatics Association : JAMIA,10.1093/jamia/ocac216,T3 Weak supervision,PubMed/MEDLINE,13.0,"Accurate and rapid phenotyping is a prerequisite to leveraging electronic health records for biomedical research. While early phenotyping relied on rule-based algorithms curated by experts, machine learning (ML) approaches have emerged as an alternative to improve scalability across phenotypes and healthcare settings. This study evaluates ML-based phenotyping with respect to (1) the data sources used, (2) the phenotypes considered, (3) the methods applied, and (4) the reporting and evaluation methods used. We searched PubMed and Web of Science for articles published between 2018 and 2022. After screening 850 articles, we recorded 37 variables on 100 studies. Most studies utilized data from a single institution and included information in clinical notes. Although chronic conditions were most commonly considered, ML also enabled the characterization of nuanced phenotypes such as social determinants of health. Supervised deep learning was the most popular ML paradigm, while semi-supervised and weakly supervised learning were applied to expedite algorithm development and unsupervised learning to facilitate phenotype discovery. ML approaches did not uniformly outperform rule-based algorithms, but deep learning offered a marginal improvement over traditional ML for many conditions. Despite the progress in ML-based phenotyping, most articles focused on binary phenotypes and few articles evaluated external validity or used multi-institution data. Study settings were infrequently reported and analytic code was rarely released. Continued research in ML-based phenotyping is warranted, with emphasis on characterizing nuanced phenotypes, establishing reporting and evaluation standards, and developing methods to accommodate misclassified phenotypes due to algorithm errors in downstream applications.",30,2,367-381,10.1093/jamia/ocac216,"Yang, S., Varghese, P., Stephenson, E., Tu, K., & Gronsbell, J. (2023). Machine learning approaches for electronic health records phenotyping: a methodical review. *Journal of the American Medical Informatics Association : JAMIA*, *30*(2), 367-381. https://doi.org/10.1093/jamia/ocac216"
38596848.0,2024,"Yoo, R. M.","Yoo, R. M.; Viggiano, B. T.; Pundi, K. N.; Fries, J. A.; Zahedivash, A.; Podchiyska, T.; Din, N.; Shah, N. H.",Scalable Approach to Consumer Wearable Postmarket Surveillance: Development and Validation Study.,JMIR medical informatics,10.2196/51171,T3 Weak supervision,PubMed/MEDLINE,7.0,"With the capability to render prediagnoses, consumer wearables have the potential to affect subsequent diagnoses and the level of care in the health care delivery setting. Despite this, postmarket surveillance of consumer wearables has been hindered by the lack of codified terms in electronic health records (EHRs) to capture wearable use. We sought to develop a weak supervision-based approach to demonstrate the feasibility and efficacy of EHR-based postmarket surveillance on consumer wearables that render atrial fibrillation (AF) prediagnoses. We applied data programming, where labeling heuristics are expressed as code-based labeling functions, to detect incidents of AF prediagnoses. A labeler model was then derived from the predictions of the labeling functions using the Snorkel framework. The labeler model was applied to clinical notes to probabilistically label them, and the labeled notes were then used as a training set to fine-tune a classifier called Clinical-Longformer. The resulting classifier identified patients with an AF prediagnosis. A retrospective cohort study was conducted, where the baseline characteristics and subsequent care patterns of patients identified by the classifier were compared against those who did not receive a prediagnosis. The labeler model derived from the labeling functions showed high accuracy (0.92; F1-score=0.77) on the training set. The classifier trained on the probabilistically labeled notes accurately identified patients with an AF prediagnosis (0.95; F1-score=0.83). The cohort study conducted using the constructed system carried enough statistical power to verify the key findings of the Apple Heart Study, which enrolled a much larger number of participants, where patients who received a prediagnosis tended to be older, male, and White with higher CHA2DS2-VASc (congestive heart failure, hypertension, age ≥75 years, diabetes, stroke, vascular disease, age 65-74 years, sex category) scores (P<.001). We also made a novel discovery that patients with a prediagnosis were more likely to use anticoagulants (525/1037, 50.63% vs 5936/16,560, 35.85%) and have an eventual AF diagnosis (305/1037, 29.41% vs 262/16,560, 1.58%). At the index diagnosis, the existence of a prediagnosis did not distinguish patients based on clinical characteristics, but did correlate with anticoagulant prescription (P=.004 for apixaban and P=.01 for rivaroxaban). Our work establishes the feasibility and efficacy of an EHR-based surveillance system for consumer wearables that render AF prediagnoses. Further work is necessary to generalize these findings for patient populations at other sites.",12,,e51171,e51171,"Yoo, R. M., Viggiano, B. T., Pundi, K. N., Fries, J. A., Zahedivash, A., Podchiyska, T., Din, N., & Shah, N. H. (2024). Scalable Approach to Consumer Wearable Postmarket Surveillance: Development and Validation Study. *JMIR medical informatics*, *12*, e51171. https://doi.org/10.2196/51171"
