filename,relpath,patient,tier,tier_pooled,pseudo_label,vote_0,vote_1,vote_2,vote_3,y_pred,label_pred,confidence
ba191c04-4283-45aa-a3b1-abd544e1d138.jpg,2/ba191c04-4283-45aa-a3b1-abd544e1d138.jpg,2,S-unanimous,S-unanimous,OTHERCLASS,OTHERCLASS,OTHERCLASS,OTHERCLASS,OTHERCLASS,16,OTHERCLASS,0.30554572
9d673269-14a8-40db-98da-bd3a5ae03a71.jpg,2/9d673269-14a8-40db-98da-bd3a5ae03a71.jpg,2,S-unanimous,S-unanimous,OTHERCLASS,OTHERCLASS,OTHERCLASS,OTHERCLASS,OTHERCLASS,16,OTHERCLASS,0.98387444
3dd9a661-047f-4c4c-bdf7-7c081d06ccca.jpg,2/3dd9a661-047f-4c4c-bdf7-7c081d06ccca.jpg,2,S-majority,S-majority,A2,A2,A1,A2,A2,0,A1,0.87468636
d53f750a-fc38-47f9-8001-d487e3a5d582.jpg,2/d53f750a-fc38-47f9-8001-d487e3a5d582.jpg,2,S-unanimous,S-unanimous,P1,P1,P1,P1,P1,17,P1,0.8385244
a39a2625-ea0d-4547-9610-b1237e24bc40.jpg,2/a39a2625-ea0d-4547-9610-b1237e24bc40.jpg,2,S-unanimous,S-unanimous,G1,G1,G1,G1,G1,6,G1,0.8711153
a55e4755-9588-49a7-a62e-4053b0e6a6ca.jpg,2/a55e4755-9588-49a7-a62e-4053b0e6a6ca.jpg,2,S-majority,S-majority,G2,G2,G2,G2,OTHERCLASS,7,G2,0.96187025
e14ebfdc-631c-48ef-b53f-3f7e6051cf12.jpg,2/e14ebfdc-631c-48ef-b53f-3f7e6051cf12.jpg,2,S-majority,S-majority,P2,P2,P1,P2,P2,18,P2,0.9971378
c28975f9-7270-4529-8779-40117437d4d4.jpg,2/c28975f9-7270-4529-8779-40117437d4d4.jpg,2,S-dispersed,S-no-majority,,A2,G2,P2,G3,7,G2,0.56668353
b9bea692-f9d7-4ab3-87b2-e8917976e094.jpg,2/b9bea692-f9d7-4ab3-87b2-e8917976e094.jpg,2,S-unanimous,S-unanimous,L2,L2,L2,L2,L2,12,L3,0.7555847
a798857c-bd1a-4f23-99fa-95d319983475.jpg,2/a798857c-bd1a-4f23-99fa-95d319983475.jpg,2,S-unanimous,S-unanimous,A3,A3,A3,A3,A3,2,A3,0.9719886
d2b9980a-91cd-44f7-a97a-cb29622cd0d1.jpg,2/d2b9980a-91cd-44f7-a97a-cb29622cd0d1.jpg,2,S-unanimous,S-unanimous,G3,G3,G3,G3,G3,19,P3,0.70395666
6078a8c5-dfbd-40ab-86ea-e0d49e772af6.jpg,2/6078a8c5-dfbd-40ab-86ea-e0d49e772af6.jpg,2,S-majority,S-majority,P3,P3,P3,P3,P2,12,L3,0.71215284
19fa935c-21d1-4479-b9b8-1e958a80cb2e.jpg,2/19fa935c-21d1-4479-b9b8-1e958a80cb2e.jpg,2,S-unanimous,S-unanimous,L3,L3,L3,L3,L3,12,L3,0.99784625
fa5d7279-91a4-4cb7-8d7e-d199d968a7ce.jpg,2/fa5d7279-91a4-4cb7-8d7e-d199d968a7ce.jpg,2,S-majority,S-majority,G3,G3,G3,G3,OTHERCLASS,19,P3,0.5529895
a0083ec3-96ee-492c-add4-13d9490f4180.jpg,2/a0083ec3-96ee-492c-add4-13d9490f4180.jpg,2,S-majority,S-majority,OTHERCLASS,A3,OTHERCLASS,OTHERCLASS,OTHERCLASS,16,OTHERCLASS,0.82056975
bc242716-85ce-46d5-8534-fecd4fc2706f.jpg,2/bc242716-85ce-46d5-8534-fecd4fc2706f.jpg,2,S-unanimous,S-unanimous,G4,G4,G4,G4,G4,13,L4,0.5245223
b5ff8b91-c21b-45d7-ad12-66e1d072e2fa.jpg,2/b5ff8b91-c21b-45d7-ad12-66e1d072e2fa.jpg,2,S-majority,S-majority,L4,L4,L4,L4,P4,13,L4,0.47932768
b5898cd5-d2be-4ecb-8f39-702956621a68.jpg,2/b5898cd5-d2be-4ecb-8f39-702956621a68.jpg,2,S-dispersed,S-no-majority,,A5,OTHERCLASS,L4,A4,3,A4,0.5842402
2079de00-526e-4214-8784-a19396a429ee.jpg,2/2079de00-526e-4214-8784-a19396a429ee.jpg,2,S-unanimous,S-unanimous,L5,L5,L5,L5,L5,13,L4,0.6854361
41dbbe27-6dd7-4f9f-bbd4-548cd0c2683b.jpg,2/41dbbe27-6dd7-4f9f-bbd4-548cd0c2683b.jpg,2,S-majority,S-majority,L5,P5,L5,L5,L5,13,L4,0.9624694
57e4d507-5969-490a-9fce-1ceabef6da13.jpg,2/57e4d507-5969-490a-9fce-1ceabef6da13.jpg,2,S-plurality,S-plurality,OTHERCLASS,P5,OTHERCLASS,A5,OTHERCLASS,16,OTHERCLASS,0.64343995
20e9a2ce-2b68-4ebe-a122-f472bfce792e.jpg,2/20e9a2ce-2b68-4ebe-a122-f472bfce792e.jpg,2,S-unanimous,S-unanimous,L5,L5,L5,L5,L5,14,L5,0.978885
6d2252f4-651c-4490-9bd5-afca5a12befa.jpg,2/6d2252f4-651c-4490-9bd5-afca5a12befa.jpg,2,S-unanimous,S-unanimous,A6,A6,A6,A6,A6,5,A6,0.9916065
9706ce22-1d3e-4888-ba63-aa1e2fb1e866.jpg,2/9706ce22-1d3e-4888-ba63-aa1e2fb1e866.jpg,2,S-majority,S-majority,L6,L6,L6,L6,P6,10,L1,0.49134767
a2219aef-5879-40bd-9b0a-28d6a8e1ade6.jpg,8/a2219aef-5879-40bd-9b0a-28d6a8e1ade6.jpg,8,S-unanimous,S-unanimous,OTHERCLASS,OTHERCLASS,OTHERCLASS,OTHERCLASS,OTHERCLASS,16,OTHERCLASS,0.9933995
4e5959fe-f520-486b-99a1-e976ff45d834.jpg,8/4e5959fe-f520-486b-99a1-e976ff45d834.jpg,8,S-unanimous,S-unanimous,OTHERCLASS,OTHERCLASS,OTHERCLASS,OTHERCLASS,OTHERCLASS,16,OTHERCLASS,0.9999298
0a46145d-08dc-49d0-a82b-8fe9032d9c95.jpg,8/0a46145d-08dc-49d0-a82b-8fe9032d9c95.jpg,8,S-majority,S-majority,OTHERCLASS,OTHERCLASS,A1,OTHERCLASS,OTHERCLASS,0,A1,0.70875794
80a64068-0b9b-41db-b9e8-71f6f382cd4b.jpg,8/80a64068-0b9b-41db-b9e8-71f6f382cd4b.jpg,8,S-unanimous,S-unanimous,A1,A1,A1,A1,A1,0,A1,0.98082995
2cc14f04-c4ae-4529-9f34-950482aceb5e.jpg,8/2cc14f04-c4ae-4529-9f34-950482aceb5e.jpg,8,S-unanimous,S-unanimous,L1,L1,L1,L1,L1,0,A1,0.58805084
213867cf-3753-4c35-9d0a-7797a7eadc2b.jpg,8/213867cf-3753-4c35-9d0a-7797a7eadc2b.jpg,8,S-unanimous,S-unanimous,G1,G1,G1,G1,G1,6,G1,0.9434088
a4c31a80-b955-4fe4-8414-ecd7efefbfb4.jpg,8/a4c31a80-b955-4fe4-8414-ecd7efefbfb4.jpg,8,S-unanimous,S-unanimous,P1,P1,P1,P1,P1,17,P1,0.89535856
c1932ed0-e7ea-454f-95f8-11f4e3a2068b.jpg,8/c1932ed0-e7ea-454f-95f8-11f4e3a2068b.jpg,8,S-plurality,S-plurality,A2,G2,A2,A2,OTHERCLASS,1,A2,0.9968503
0885900d-4f70-490e-8d65-9b73768c41ee.jpg,8/0885900d-4f70-490e-8d65-9b73768c41ee.jpg,8,S-majority,S-majority,A2,A2,A2,L2,A2,1,A2,0.9990164
01b7c97b-389c-40c9-867e-5a54363ce9e4.jpg,8/01b7c97b-389c-40c9-867e-5a54363ce9e4.jpg,8,S-majority,S-majority,P2,P2,G2,P2,P2,7,G2,0.60952604
ddacdb6a-a2cb-4622-9607-0272a37d76fb.jpg,8/ddacdb6a-a2cb-4622-9607-0272a37d76fb.jpg,8,S-majority,S-majority,L2,L2,L2,L3,L2,18,P2,0.6189198
0c84d1ae-d1bd-4f54-ae7d-b87a7be75a1c.jpg,8/0c84d1ae-d1bd-4f54-ae7d-b87a7be75a1c.jpg,8,S-unanimous,S-unanimous,G3,G3,G3,G3,G3,1,A2,0.45462424
77bb547d-803a-4e9c-85df-09b5645b3d08.jpg,8/77bb547d-803a-4e9c-85df-09b5645b3d08.jpg,8,S-unanimous,S-unanimous,A3,A3,A3,A3,A3,2,A3,0.84491324
9d465dc1-38ef-4012-9b19-225e7d25ef87.jpg,8/9d465dc1-38ef-4012-9b19-225e7d25ef87.jpg,8,S-unanimous,S-unanimous,P3,P3,P3,P3,P3,8,G3,0.34405908
9f8c328d-b3e1-4d98-89af-42828252ae09.jpg,8/9f8c328d-b3e1-4d98-89af-42828252ae09.jpg,8,S-unanimous,S-unanimous,L3,L3,L3,L3,L3,18,P2,0.71545887
5e18e1ef-4f3e-4ff5-b3f6-65979c92b959.jpg,8/5e18e1ef-4f3e-4ff5-b3f6-65979c92b959.jpg,8,S-unanimous,S-unanimous,G3,G3,G3,G3,G3,8,G3,0.8307754
cd1d99f9-9372-49d8-ad9d-2aecf849d03a.jpg,8/cd1d99f9-9372-49d8-ad9d-2aecf849d03a.jpg,8,S-majority,S-majority,L3,L3,L3,L3,A3,19,P3,0.58877134
c1a358cf-7d8b-4790-bdcb-0a4cba1aef73.jpg,8/c1a358cf-7d8b-4790-bdcb-0a4cba1aef73.jpg,8,S-unanimous,S-unanimous,P3,P3,P3,P3,P3,19,P3,0.9943849
389223e6-f1ec-497c-890f-f6380ca89e21.jpg,8/389223e6-f1ec-497c-890f-f6380ca89e21.jpg,8,S-unanimous,S-unanimous,G4,G4,G4,G4,G4,9,G4,0.9994785
dacc9806-0a17-4141-90fa-66ce0d32b6db.jpg,8/dacc9806-0a17-4141-90fa-66ce0d32b6db.jpg,8,S-tied,S-no-majority,,P4,L4,L4,P4,21,P5,0.72890407
c171c885-2542-404d-a536-cfc90a502117.jpg,8/c171c885-2542-404d-a536-cfc90a502117.jpg,8,S-plurality,S-plurality,A4,L4,L5,A4,A4,3,A4,0.90969276
42613b95-0c30-4d23-8251-d57dd43efba9.jpg,8/42613b95-0c30-4d23-8251-d57dd43efba9.jpg,8,S-majority,S-majority,A4,A4,A5,A4,A4,3,A4,0.9137024
ff440d9a-242a-481e-9c33-55fa2ed51dfc.jpg,8/ff440d9a-242a-481e-9c33-55fa2ed51dfc.jpg,8,S-majority,S-majority,A5,A5,L5,A5,A5,14,L5,0.8373319
0cf81590-ad66-4a14-be4f-2191f3fd5d22.jpg,8/0cf81590-ad66-4a14-be4f-2191f3fd5d22.jpg,8,S-unanimous,S-unanimous,L5,L5,L5,L5,L5,14,L5,0.7414741
cdc29b4a-7537-4bb4-8a4c-6819cf0b49fa.jpg,8/cdc29b4a-7537-4bb4-8a4c-6819cf0b49fa.jpg,8,S-unanimous,S-unanimous,P5,P5,P5,P5,P5,21,P5,0.95217574
1b90ff93-df6c-4b0e-9640-ab425f2ecab2.jpg,8/1b90ff93-df6c-4b0e-9640-ab425f2ecab2.jpg,8,S-unanimous,S-unanimous,A6,A6,A6,A6,A6,5,A6,0.9998447
d37ff351-cb2b-4468-b335-901005213394.jpg,8/d37ff351-cb2b-4468-b335-901005213394.jpg,8,S-unanimous,S-unanimous,L6,L6,L6,L6,L6,15,L6,0.9989753
0397df98-bb7d-4487-b1aa-c87b617f28e5.jpg,8/0397df98-bb7d-4487-b1aa-c87b617f28e5.jpg,8,S-unanimous,S-unanimous,P6,P6,P6,P6,P6,22,P6,0.9999641
7a2174e7-2b11-4aac-8a35-e4181f94f0de.jpg,8/7a2174e7-2b11-4aac-8a35-e4181f94f0de.jpg,8,S-unanimous,S-unanimous,OTHERCLASS,OTHERCLASS,OTHERCLASS,OTHERCLASS,OTHERCLASS,16,OTHERCLASS,0.81677306
dbf38fee-9517-4a34-8d01-9d3bffdb5d9a.jpg,12/dbf38fee-9517-4a34-8d01-9d3bffdb5d9a.jpg,12,S-tied,S-no-majority,,A1,OTHERCLASS,A1,OTHERCLASS,0,A1,0.8623563
8ba46ba0-ab3b-4d1c-a6f8-91cd8a2db986.jpg,12/8ba46ba0-ab3b-4d1c-a6f8-91cd8a2db986.jpg,12,S-majority,S-majority,L1,L1,A1,L1,L1,10,L1,0.97482693
eeac90f6-83fb-4408-90c0-6221ded52661.jpg,12/eeac90f6-83fb-4408-90c0-6221ded52661.jpg,12,S-unanimous,S-unanimous,G1,G1,G1,G1,G1,6,G1,0.99909914
00ed09a8-1db4-4dce-8054-6551d4079210.jpg,12/00ed09a8-1db4-4dce-8054-6551d4079210.jpg,12,S-tied,S-no-majority,,P1,OTHERCLASS,P1,OTHERCLASS,17,P1,0.50213003
bc373aee-a8ca-42bc-b740-198cff989fe7.jpg,12/bc373aee-a8ca-42bc-b740-198cff989fe7.jpg,12,S-majority,S-majority,A2,A2,A2,A2,OTHERCLASS,1,A2,0.84118146
0bdca462-d3db-4c4f-815a-05f012e8aeee.jpg,12/0bdca462-d3db-4c4f-815a-05f012e8aeee.jpg,12,S-majority,S-majority,L2,L2,L2,L2,A2,11,L2,0.97348344
726bea48-1335-4414-9724-fc0beafe0b2b.jpg,12/726bea48-1335-4414-9724-fc0beafe0b2b.jpg,12,S-unanimous,S-unanimous,G2,G2,G2,G2,G2,7,G2,0.8740284
6bbba6a4-7552-4df8-9cc5-15f022381112.jpg,12/6bbba6a4-7552-4df8-9cc5-15f022381112.jpg,12,S-unanimous,S-unanimous,P2,P2,P2,P2,P2,18,P2,0.98695767
c743e8d4-b508-484a-bf24-f8eeba4b857a.jpg,12/c743e8d4-b508-484a-bf24-f8eeba4b857a.jpg,12,S-unanimous,S-unanimous,A3,A3,A3,A3,A3,2,A3,0.88886505
95a26080-7048-4fa5-b99e-298313d894d1.jpg,12/95a26080-7048-4fa5-b99e-298313d894d1.jpg,12,S-unanimous,S-unanimous,G3,G3,G3,G3,G3,8,G3,0.7582844
5c297ed7-9543-431e-a925-da5147f64a33.jpg,12/5c297ed7-9543-431e-a925-da5147f64a33.jpg,12,S-unanimous,S-unanimous,L3,L3,L3,L3,L3,12,L3,0.9914818
42000aff-ae7c-4418-b342-8f034cd27865.jpg,12/42000aff-ae7c-4418-b342-8f034cd27865.jpg,12,S-unanimous,S-unanimous,P3,P3,P3,P3,P3,19,P3,0.64365304
8a38cfcf-ad6a-40f6-9527-5c0e5cbcd0a7.jpg,12/8a38cfcf-ad6a-40f6-9527-5c0e5cbcd0a7.jpg,12,S-unanimous,S-unanimous,G4,G4,G4,G4,G4,9,G4,0.9962358
905e2504-d402-4b71-87d1-73d80536614f.jpg,12/905e2504-d402-4b71-87d1-73d80536614f.jpg,12,S-unanimous,S-unanimous,G4,G4,G4,G4,G4,3,A4,0.85881096
b5bd25e0-2eb5-4c33-8358-9d7830225d10.jpg,12/b5bd25e0-2eb5-4c33-8358-9d7830225d10.jpg,12,S-majority,S-majority,G4,G4,P4,G4,G4,9,G4,0.95854074
4cd4e77a-a188-4bc8-896d-6c17a17c1a91.jpg,12/4cd4e77a-a188-4bc8-896d-6c17a17c1a91.jpg,12,S-plurality,S-plurality,P4,G4,P4,P4,OTHERCLASS,9,G4,0.9738419
6d206cff-995e-452b-a3fa-3849af748a5d.jpg,12/6d206cff-995e-452b-a3fa-3849af748a5d.jpg,12,S-unanimous,S-unanimous,A5,A5,A5,A5,A5,4,A5,0.95395964
9876ac98-50ef-4d0b-8fb9-3f2e5da84e26.jpg,12/9876ac98-50ef-4d0b-8fb9-3f2e5da84e26.jpg,12,S-unanimous,S-unanimous,L5,L5,L5,L5,L5,14,L5,0.99597305
4a6d6858-3e54-4a43-bb29-313a0c1f21b8.jpg,12/4a6d6858-3e54-4a43-bb29-313a0c1f21b8.jpg,12,S-unanimous,S-unanimous,P5,P5,P5,P5,P5,21,P5,0.98732203
52e2dde5-b98f-4f00-9a6c-505c20d341e1.jpg,12/52e2dde5-b98f-4f00-9a6c-505c20d341e1.jpg,12,S-unanimous,S-unanimous,A6,A6,A6,A6,A6,5,A6,0.99971575
d24d1b61-8aa3-44cb-ac86-d78d813d152f.jpg,12/d24d1b61-8aa3-44cb-ac86-d78d813d152f.jpg,12,S-unanimous,S-unanimous,L6,L6,L6,L6,L6,15,L6,0.9957645
8c8ef921-eb1d-4d99-a033-6bc616d828c1.jpg,12/8c8ef921-eb1d-4d99-a033-6bc616d828c1.jpg,12,S-unanimous,S-unanimous,P6,P6,P6,P6,P6,22,P6,0.9983954
78b6d701-ad55-4cae-80b9-1d0e51e4cab0.jpg,12/78b6d701-ad55-4cae-80b9-1d0e51e4cab0.jpg,12,S-unanimous,S-unanimous,OTHERCLASS,OTHERCLASS,OTHERCLASS,OTHERCLASS,OTHERCLASS,16,OTHERCLASS,0.99931717
5e844c89-be21-4c18-b86f-ad6b44a414ad.jpg,19/5e844c89-be21-4c18-b86f-ad6b44a414ad.jpg,19,S-majority,S-majority,OTHERCLASS,P1,OTHERCLASS,OTHERCLASS,OTHERCLASS,16,OTHERCLASS,0.97410685
5404c6a6-be3d-408b-9142-8de471e465f7.jpg,19/5404c6a6-be3d-408b-9142-8de471e465f7.jpg,19,S-unanimous,S-unanimous,A1,A1,A1,A1,A1,10,L1,0.61395437
8c09d0d4-cb60-462a-be44-079bd168a687.jpg,19/8c09d0d4-cb60-462a-be44-079bd168a687.jpg,19,S-majority,S-majority,L1,L1,OTHERCLASS,L1,L1,10,L1,0.61687845
e35f4cf8-cb80-470a-91f4-52dd1a4a4fd7.jpg,19/e35f4cf8-cb80-470a-91f4-52dd1a4a4fd7.jpg,19,S-unanimous,S-unanimous,G1,G1,G1,G1,G1,6,G1,0.990384
e293b08a-a90f-440d-a751-ce5045443195.jpg,19/e293b08a-a90f-440d-a751-ce5045443195.jpg,19,S-majority,S-majority,P1,P2,P1,P1,P1,17,P1,0.99979764
5321bcfc-136c-48fc-8a7e-0d55957126b7.jpg,19/5321bcfc-136c-48fc-8a7e-0d55957126b7.jpg,19,S-unanimous,S-unanimous,A2,A2,A2,A2,A2,1,A2,0.9917428
19fdfc28-fa5e-437a-8784-50289123aafd.jpg,19/19fdfc28-fa5e-437a-8784-50289123aafd.jpg,19,S-unanimous,S-unanimous,G2,G2,G2,G2,G2,7,G2,0.9880691
6a26cbec-9330-4afb-b26c-f7cf2248fcab.jpg,19/6a26cbec-9330-4afb-b26c-f7cf2248fcab.jpg,19,S-unanimous,S-unanimous,L2,L2,L2,L2,L2,12,L3,0.94831234
36a4066c-a3e5-4bd0-9e58-6dc6047d5911.jpg,19/36a4066c-a3e5-4bd0-9e58-6dc6047d5911.jpg,19,S-majority,S-majority,P2,L3,P2,P2,P2,19,P3,0.7898473
6be5d8cc-5468-4cc9-b484-b25a7a6d7cbb.jpg,19/6be5d8cc-5468-4cc9-b484-b25a7a6d7cbb.jpg,19,S-tied,S-no-majority,,G3,G3,A3,A3,8,G3,0.922768
a33fd5a7-9415-4bf3-b5b6-c720b6198937.jpg,19/a33fd5a7-9415-4bf3-b5b6-c720b6198937.jpg,19,S-unanimous,S-unanimous,L3,L3,L3,L3,L3,12,L3,0.93853813
9d5e1faf-cba1-4e2d-afc4-015b528df0af.jpg,19/9d5e1faf-cba1-4e2d-afc4-015b528df0af.jpg,19,S-majority,S-majority,G3,G3,P3,G3,G3,13,L4,0.36524776
50bfa801-abde-4e85-a605-4115ae149184.jpg,19/50bfa801-abde-4e85-a605-4115ae149184.jpg,19,S-unanimous,S-unanimous,P3,P3,P3,P3,P3,19,P3,0.9995247
9c5606af-e5c6-4903-956a-8fd8ca258e10.jpg,19/9c5606af-e5c6-4903-956a-8fd8ca258e10.jpg,19,S-unanimous,S-unanimous,P4,P4,P4,P4,P4,20,P4,0.69836473
05857a63-56ef-40a4-99fc-1e24a11dde3b.jpg,19/05857a63-56ef-40a4-99fc-1e24a11dde3b.jpg,19,S-majority,S-majority,L4,L4,OTHERCLASS,L4,L4,13,L4,0.99158454
05e8b8e0-e4c4-46af-a739-889ba31a5de1.jpg,19/05e8b8e0-e4c4-46af-a739-889ba31a5de1.jpg,19,S-unanimous,S-unanimous,A4,A4,A4,A4,A4,3,A4,0.9716268
3af6d557-a688-4438-b9ff-ff33828a7fba.jpg,19/3af6d557-a688-4438-b9ff-ff33828a7fba.jpg,19,S-unanimous,S-unanimous,G4,G4,G4,G4,G4,9,G4,0.9994254
946875b8-3f12-4cd4-bc1b-52b0996b0af0.jpg,19/946875b8-3f12-4cd4-bc1b-52b0996b0af0.jpg,19,S-unanimous,S-unanimous,A5,A5,A5,A5,A5,4,A5,0.9496298
ea8664cf-b4de-4472-94d1-37750d9671e1.jpg,19/ea8664cf-b4de-4472-94d1-37750d9671e1.jpg,19,S-unanimous,S-unanimous,L5,L5,L5,L5,L5,14,L5,0.9967416
b8b201c5-83d8-4922-9aaf-84ad7a8d9739.jpg,19/b8b201c5-83d8-4922-9aaf-84ad7a8d9739.jpg,19,S-unanimous,S-unanimous,P5,P5,P5,P5,P5,21,P5,0.9999106
713c6d2c-4463-4ed2-9367-d8716763153d.jpg,19/713c6d2c-4463-4ed2-9367-d8716763153d.jpg,19,S-unanimous,S-unanimous,A6,A6,A6,A6,A6,5,A6,0.99995756
08adab73-a109-4966-8aaa-cbee1ccdc13b.jpg,19/08adab73-a109-4966-8aaa-cbee1ccdc13b.jpg,19,S-unanimous,S-unanimous,L6,L6,L6,L6,L6,15,L6,0.99646974
26f97d8d-619d-4ce5-b925-06e61bc68910.jpg,19/26f97d8d-619d-4ce5-b925-06e61bc68910.jpg,19,S-unanimous,S-unanimous,P6,P6,P6,P6,P6,22,P6,0.9999647
8fe4d618-a366-4e52-9754-e27e5b0493c1.jpg,20/8fe4d618-a366-4e52-9754-e27e5b0493c1.jpg,20,S-unanimous,S-unanimous,OTHERCLASS,OTHERCLASS,OTHERCLASS,OTHERCLASS,OTHERCLASS,16,OTHERCLASS,0.99729675
06e01118-b922-4506-8860-4bc357c0fd24.jpg,20/06e01118-b922-4506-8860-4bc357c0fd24.jpg,20,S-tied,S-no-majority,,G1,G1,A1,A1,6,G1,0.8465799
9c049576-94af-4224-b1c5-493d2e256b0e.jpg,20/9c049576-94af-4224-b1c5-493d2e256b0e.jpg,20,S-unanimous,S-unanimous,P1,P1,P1,P1,P1,17,P1,0.9981007
ec5ffa58-932e-41fc-a88d-dda149fba3f1.jpg,20/ec5ffa58-932e-41fc-a88d-dda149fba3f1.jpg,20,S-unanimous,S-unanimous,G1,G1,G1,G1,G1,6,G1,0.9886331
40aaf2e1-6d8f-483d-832c-3d12a96385af.jpg,20/40aaf2e1-6d8f-483d-832c-3d12a96385af.jpg,20,S-tied,S-no-majority,,G1,A1,A1,G1,6,G1,0.99944395
95fc9d4e-bfa0-488e-bfac-93ed193609a8.jpg,20/95fc9d4e-bfa0-488e-bfac-93ed193609a8.jpg,20,S-unanimous,S-unanimous,A2,A2,A2,A2,A2,1,A2,0.8425431
52a8ad2d-a9a5-457e-afc6-efd20a52f640.jpg,20/52a8ad2d-a9a5-457e-afc6-efd20a52f640.jpg,20,S-unanimous,S-unanimous,L2,L2,L2,L2,L2,11,L2,0.9837034
6e35bc2a-6196-4ae7-b90f-4b4796b74bb2.jpg,20/6e35bc2a-6196-4ae7-b90f-4b4796b74bb2.jpg,20,S-tied,S-no-majority,,G2,G2,P2,P2,18,P2,0.89810914
3c98a62d-7008-4a57-8dc4-7da293193ae2.jpg,20/3c98a62d-7008-4a57-8dc4-7da293193ae2.jpg,20,S-unanimous,S-unanimous,G2,G2,G2,G2,G2,7,G2,0.9405279
3d0b8b58-ab1c-4980-a9cc-21de3b01ffdc.jpg,20/3d0b8b58-ab1c-4980-a9cc-21de3b01ffdc.jpg,20,S-tied,S-no-majority,,G3,A3,A3,G3,2,A3,0.7747968
f5badb60-a596-4897-89de-ffdfad43e8a3.jpg,20/f5badb60-a596-4897-89de-ffdfad43e8a3.jpg,20,S-tied,S-no-majority,,A3,G3,A3,G3,8,G3,0.95375717
0282c4c9-1c1c-4926-a089-44ee7e958f8d.jpg,20/0282c4c9-1c1c-4926-a089-44ee7e958f8d.jpg,20,S-unanimous,S-unanimous,L3,L3,L3,L3,L3,12,L3,0.63857853
98c58423-a2b7-4bfe-b39d-157668f6b4c0.jpg,20/98c58423-a2b7-4bfe-b39d-157668f6b4c0.jpg,20,S-unanimous,S-unanimous,P3,P3,P3,P3,P3,8,G3,0.49814296
f2f4dc05-4104-44e6-bfa3-391b19a1d4d1.jpg,20/f2f4dc05-4104-44e6-bfa3-391b19a1d4d1.jpg,20,S-majority,S-majority,P3,P3,P3,G3,P3,8,G3,0.52433264
ed7d6044-a99e-4ff3-85b3-ac1504399d58.jpg,20/ed7d6044-a99e-4ff3-85b3-ac1504399d58.jpg,20,S-majority,S-majority,G4,A4,G4,G4,G4,9,G4,0.9977562
aad0b949-bf22-40dc-accd-32e089d7582b.jpg,20/aad0b949-bf22-40dc-accd-32e089d7582b.jpg,20,S-unanimous,S-unanimous,P4,P4,P4,P4,P4,20,P4,0.9978822
9cc8610a-a289-481f-ba50-b182086abebf.jpg,20/9cc8610a-a289-481f-ba50-b182086abebf.jpg,20,S-unanimous,S-unanimous,L4,L4,L4,L4,L4,13,L4,0.9822384
64e0c05d-9213-4642-8350-7da7a6db9d26.jpg,20/64e0c05d-9213-4642-8350-7da7a6db9d26.jpg,20,S-majority,S-majority,A5,A5,A4,A5,A5,14,L5,0.645069
6c386e48-86e5-4612-8ed0-ccb01314bd49.jpg,20/6c386e48-86e5-4612-8ed0-ccb01314bd49.jpg,20,S-majority,S-majority,L5,L5,L4,L5,L5,14,L5,0.91357833
30b6bfdd-e0cb-4a7c-9486-953acc838b99.jpg,20/30b6bfdd-e0cb-4a7c-9486-953acc838b99.jpg,20,S-majority,S-majority,P5,P5,P4,P5,P5,20,P4,0.69463193
bca0c6f6-4d49-4cee-9ed6-11a333af4d40.jpg,20/bca0c6f6-4d49-4cee-9ed6-11a333af4d40.jpg,20,S-unanimous,S-unanimous,A6,A6,A6,A6,A6,5,A6,0.56953716
90d03b08-129b-4d0e-9fa7-5b544c38b865.jpg,20/90d03b08-129b-4d0e-9fa7-5b544c38b865.jpg,20,S-unanimous,S-unanimous,L6,L6,L6,L6,L6,15,L6,0.9993333
18402025-7b4f-41ae-b1f8-bd280cec38c9.jpg,20/18402025-7b4f-41ae-b1f8-bd280cec38c9.jpg,20,S-unanimous,S-unanimous,P6,P6,P6,P6,P6,22,P6,0.9994672
c127a2e4-26fd-4229-b6ff-552a76fb5888.jpg,33/c127a2e4-26fd-4229-b6ff-552a76fb5888.jpg,33,S-unanimous,S-unanimous,A1,A1,A1,A1,A1,0,A1,0.9939486
2f003f6b-0c17-4f6d-bcf4-75167be873e5.jpg,33/2f003f6b-0c17-4f6d-bcf4-75167be873e5.jpg,33,S-unanimous,S-unanimous,G1,G1,G1,G1,G1,6,G1,0.9999819
9d1c80bb-7289-4113-aba4-f3be4d415986.jpg,33/9d1c80bb-7289-4113-aba4-f3be4d415986.jpg,33,S-unanimous,S-unanimous,P1,P1,P1,P1,P1,17,P1,0.99743724
308a8fda-dbdc-444d-bd9b-13983913b126.jpg,33/308a8fda-dbdc-444d-bd9b-13983913b126.jpg,33,S-unanimous,S-unanimous,L1,L1,L1,L1,L1,10,L1,0.9999429
c5f35602-8b93-4ee7-9380-342af4936fbf.jpg,33/c5f35602-8b93-4ee7-9380-342af4936fbf.jpg,33,S-unanimous,S-unanimous,A2,A2,A2,A2,A2,1,A2,0.9760937
68793b3a-f9bb-4f0f-b58c-167b2f97603e.jpg,33/68793b3a-f9bb-4f0f-b58c-167b2f97603e.jpg,33,S-majority,S-majority,G2,G2,G1,G2,G2,6,G1,0.85668427
dadf018f-90d9-4dff-890f-8419b23c59f5.jpg,33/dadf018f-90d9-4dff-890f-8419b23c59f5.jpg,33,S-majority,S-majority,P2,P2,P1,P2,P2,17,P1,0.6223206
7e63ddf6-e59e-4723-a497-3591bd7902b0.jpg,33/7e63ddf6-e59e-4723-a497-3591bd7902b0.jpg,33,S-majority,S-majority,L2,L2,L1,L2,L2,15,L6,0.2449679
ae7ae70e-221d-4985-aaeb-073ef8f48228.jpg,33/ae7ae70e-221d-4985-aaeb-073ef8f48228.jpg,33,S-unanimous,S-unanimous,L2,L2,L2,L2,L2,11,L2,0.7172757
d1785f50-927b-4ac3-ab33-e8f9cc461039.jpg,33/d1785f50-927b-4ac3-ab33-e8f9cc461039.jpg,33,S-unanimous,S-unanimous,A2,A2,A2,A2,A2,1,A2,0.9288607
fad40a00-b8a3-4ffe-af52-849da478dc77.jpg,33/fad40a00-b8a3-4ffe-af52-849da478dc77.jpg,33,S-unanimous,S-unanimous,G2,G2,G2,G2,G2,7,G2,0.9887688
9028a025-71a0-46ce-bb5c-d3bf340d86b8.jpg,33/9028a025-71a0-46ce-bb5c-d3bf340d86b8.jpg,33,S-unanimous,S-unanimous,P2,P2,P2,P2,P2,18,P2,0.9582579
ed3e6ed8-9aa3-4d48-a9eb-6dab28f19a5e.jpg,33/ed3e6ed8-9aa3-4d48-a9eb-6dab28f19a5e.jpg,33,S-majority,S-majority,A3,A3,G3,A3,A3,2,A3,0.99902225
a2aef406-fafc-474e-a613-bf580f6a687c.jpg,33/a2aef406-fafc-474e-a613-bf580f6a687c.jpg,33,S-unanimous,S-unanimous,G3,G3,G3,G3,G3,8,G3,0.97512054
cdb4c39d-8081-4e18-a655-bf078fe53fff.jpg,33/cdb4c39d-8081-4e18-a655-bf078fe53fff.jpg,33,S-unanimous,S-unanimous,P3,P3,P3,P3,P3,19,P3,0.9895699
6b4d0d86-84f3-4dbe-a611-ed37be640cf3.jpg,33/6b4d0d86-84f3-4dbe-a611-ed37be640cf3.jpg,33,S-majority,S-majority,L3,L3,OTHERCLASS,L3,L3,12,L3,0.6236913
f59565a2-d7cb-415a-94a3-a1c380d772c9.jpg,33/f59565a2-d7cb-415a-94a3-a1c380d772c9.jpg,33,S-unanimous,S-unanimous,A4,A4,A4,A4,A4,3,A4,0.9917424
d5fb4a0e-b688-4350-8480-1a5faf5fdb4d.jpg,33/d5fb4a0e-b688-4350-8480-1a5faf5fdb4d.jpg,33,S-unanimous,S-unanimous,L4,L4,L4,L4,L4,13,L4,0.8333906
6bf50b2d-dbf6-4207-8e42-f37d2e5f374a.jpg,33/6bf50b2d-dbf6-4207-8e42-f37d2e5f374a.jpg,33,S-majority,S-majority,P4,P4,P4,P4,P5,20,P4,0.99743384
823fa146-f7c9-4a02-ae3c-e01d0295110e.jpg,33/823fa146-f7c9-4a02-ae3c-e01d0295110e.jpg,33,S-unanimous,S-unanimous,G4,G4,G4,G4,G4,9,G4,0.9898868
32319f7b-5401-471a-a351-58c25023c530.jpg,33/32319f7b-5401-471a-a351-58c25023c530.jpg,33,S-unanimous,S-unanimous,A5,A5,A5,A5,A5,4,A5,0.8613855
c67f1348-6eea-4dd1-ac60-e7c63a9e8b75.jpg,33/c67f1348-6eea-4dd1-ac60-e7c63a9e8b75.jpg,33,S-unanimous,S-unanimous,L5,L5,L5,L5,L5,14,L5,0.9920704
cf3ed831-977f-4d07-bf4c-d8df71944870.jpg,33/cf3ed831-977f-4d07-bf4c-d8df71944870.jpg,33,S-unanimous,S-unanimous,P5,P5,P5,P5,P5,21,P5,0.8958017
854b3d43-2ba1-4b55-bd8b-cda77e230cd2.jpg,33/854b3d43-2ba1-4b55-bd8b-cda77e230cd2.jpg,33,S-unanimous,S-unanimous,A6,A6,A6,A6,A6,5,A6,0.9606118
7f669ea7-6f3b-4e32-9fa3-6c64f875add0.jpg,33/7f669ea7-6f3b-4e32-9fa3-6c64f875add0.jpg,33,S-unanimous,S-unanimous,L6,L6,L6,L6,L6,15,L6,0.99994636
0d73bbf4-17c9-4ed5-8606-a9d7f162d821.jpg,33/0d73bbf4-17c9-4ed5-8606-a9d7f162d821.jpg,33,S-unanimous,S-unanimous,P6,P6,P6,P6,P6,22,P6,0.99999976
60a3df2f-c7b4-4b37-92bc-58f7f8ae5699.jpg,39/60a3df2f-c7b4-4b37-92bc-58f7f8ae5699.jpg,39,S-majority,S-majority,P1,P1,P1,L1,P1,10,L1,0.83426416
27cf9260-5eaf-49d4-a117-99c3fcf24284.jpg,39/27cf9260-5eaf-49d4-a117-99c3fcf24284.jpg,39,S-plurality,S-plurality,A1,A1,G1,A1,A2,6,G1,0.5900491
e3672612-b904-4ed7-9388-d39e5ac68b86.jpg,39/e3672612-b904-4ed7-9388-d39e5ac68b86.jpg,39,S-majority,S-majority,G2,G2,G2,G1,G2,6,G1,0.961756
1d24508a-ba75-4c2c-af93-6b5afee77b98.jpg,39/1d24508a-ba75-4c2c-af93-6b5afee77b98.jpg,39,S-majority,S-majority,P1,P1,P1,P1,P2,18,P2,0.5924641
51d8c4bc-1375-4f17-a4b2-db1047554a79.jpg,39/51d8c4bc-1375-4f17-a4b2-db1047554a79.jpg,39,S-unanimous,S-unanimous,A2,A2,A2,A2,A2,1,A2,0.992029
0c99b0b7-6bd9-457a-b824-6627ba4a3c46.jpg,39/0c99b0b7-6bd9-457a-b824-6627ba4a3c46.jpg,39,S-majority,S-majority,G2,G2,G2,G2,OTHERCLASS,7,G2,0.9966941
3cab7c4f-2a79-4642-933e-295220f8e5e0.jpg,39/3cab7c4f-2a79-4642-933e-295220f8e5e0.jpg,39,S-majority,S-majority,P2,P2,P2,P2,P3,18,P2,0.9971207
2d3b3213-a876-4d83-a0ff-a47d19a78cdb.jpg,39/2d3b3213-a876-4d83-a0ff-a47d19a78cdb.jpg,39,S-unanimous,S-unanimous,L2,L2,L2,L2,L2,11,L2,0.71492046
3eee38d5-1933-4353-8ebc-d2031f66bdba.jpg,39/3eee38d5-1933-4353-8ebc-d2031f66bdba.jpg,39,S-majority,S-majority,A3,G3,A3,A3,A3,2,A3,0.79891825
b64dc988-3f7e-4a88-bbb1-343a06fb5e1a.jpg,39/b64dc988-3f7e-4a88-bbb1-343a06fb5e1a.jpg,39,S-unanimous,S-unanimous,G3,G3,G3,G3,G3,8,G3,0.94248366
f8d6e6cb-661f-4c71-8cb3-558493109051.jpg,39/f8d6e6cb-661f-4c71-8cb3-558493109051.jpg,39,S-majority,S-majority,P3,P3,P3,P3,L6,19,P3,0.7710091
c42d4dd9-ba5b-4deb-a8c6-cf036d0eff97.jpg,39/c42d4dd9-ba5b-4deb-a8c6-cf036d0eff97.jpg,39,S-tied,S-no-majority,,L3,P3,L3,P3,12,L3,0.7208256
21f98172-efc2-427a-9199-2a3e2714271f.jpg,39/21f98172-efc2-427a-9199-2a3e2714271f.jpg,39,S-majority,S-majority,L4,L4,A5,L4,L4,13,L4,0.8661833
b2c0825f-ac9f-4837-9fad-a5d81dd9decc.jpg,39/b2c0825f-ac9f-4837-9fad-a5d81dd9decc.jpg,39,S-unanimous,S-unanimous,L5,L5,L5,L5,L5,14,L5,0.8737807
0b023ec6-9816-4a46-8df7-053fcc93de01.jpg,39/0b023ec6-9816-4a46-8df7-053fcc93de01.jpg,39,S-plurality,S-plurality,P5,P5,L5,P5,A5,14,L5,0.9325556
8a0a5bef-83ff-4a6b-8d07-139521b539a8.jpg,39/8a0a5bef-83ff-4a6b-8d07-139521b539a8.jpg,39,S-plurality,S-plurality,P4,G4,P4,P4,P5,20,P4,0.9983297
21bbe99d-ceba-45e5-b7a5-f37be09e0fff.jpg,39/21bbe99d-ceba-45e5-b7a5-f37be09e0fff.jpg,39,S-dispersed,S-no-majority,,P4,L4,P5,L5,13,L4,0.941713
86a31bb1-fcd0-49cf-b8f7-7825c859f0d7.jpg,39/86a31bb1-fcd0-49cf-b8f7-7825c859f0d7.jpg,39,S-plurality,S-plurality,A4,A4,L4,A4,L5,13,L4,0.48051974
75b7a76b-2890-4a9b-8c48-a2b17a5a9477.jpg,39/75b7a76b-2890-4a9b-8c48-a2b17a5a9477.jpg,39,S-majority,S-majority,G4,G4,G4,G4,OTHERCLASS,9,G4,0.99451065
a7d8310f-a5ed-46b8-bff7-541e1135649f.jpg,39/a7d8310f-a5ed-46b8-bff7-541e1135649f.jpg,39,S-unanimous,S-unanimous,A6,A6,A6,A6,A6,5,A6,0.99960476
edbf1cb4-2d48-420b-b4a7-5383897d1a8a.jpg,39/edbf1cb4-2d48-420b-b4a7-5383897d1a8a.jpg,39,S-majority,S-majority,L6,P6,L6,L6,L6,15,L6,0.9998795
41e6d7c0-56b1-4236-bbca-605e402395e8.jpg,39/41e6d7c0-56b1-4236-bbca-605e402395e8.jpg,39,S-tied,S-no-majority,,P6,OTHERCLASS,P6,OTHERCLASS,13,L4,0.83654827
0b7263ff-c63d-49f8-838d-d2bed1274a88.jpg,47/0b7263ff-c63d-49f8-838d-d2bed1274a88.jpg,47,S-unanimous,S-unanimous,G1,G1,G1,G1,G1,6,G1,0.9988219
b63b1d0b-f41c-4198-b64e-4f4a68461cfc.jpg,47/b63b1d0b-f41c-4198-b64e-4f4a68461cfc.jpg,47,S-unanimous,S-unanimous,A1,A1,A1,A1,A1,0,A1,0.8989313
401fc3b1-527c-4a45-a645-d4c550f8ad4f.jpg,47/401fc3b1-527c-4a45-a645-d4c550f8ad4f.jpg,47,S-unanimous,S-unanimous,P1,P1,P1,P1,P1,17,P1,0.8613355
f5f00713-1ede-4400-8632-66ac521efa3b.jpg,47/f5f00713-1ede-4400-8632-66ac521efa3b.jpg,47,S-unanimous,S-unanimous,L1,L1,L1,L1,L1,17,P1,0.7275226
9c48784a-2fb4-4260-ab96-2427f13d08b7.jpg,47/9c48784a-2fb4-4260-ab96-2427f13d08b7.jpg,47,S-majority,S-majority,A2,A2,G1,A2,A2,1,A2,0.6395434
37915a2f-e777-4fbd-92ea-f90d1ba7c8ce.jpg,47/37915a2f-e777-4fbd-92ea-f90d1ba7c8ce.jpg,47,S-unanimous,S-unanimous,G2,G2,G2,G2,G2,7,G2,0.97442764
0a012fb0-15c1-4dc4-b916-66e139b1fd33.jpg,47/0a012fb0-15c1-4dc4-b916-66e139b1fd33.jpg,47,S-unanimous,S-unanimous,P2,P2,P2,P2,P2,18,P2,0.9936372
4ca25277-dfb8-443f-9393-ee1cbc154bdc.jpg,47/4ca25277-dfb8-443f-9393-ee1cbc154bdc.jpg,47,S-unanimous,S-unanimous,L2,L2,L2,L2,L2,11,L2,0.999032
552744b8-5ea0-4f28-bbcf-7ea254e94e88.jpg,47/552744b8-5ea0-4f28-bbcf-7ea254e94e88.jpg,47,S-majority,S-majority,A3,A3,A3,G3,A3,2,A3,0.9285171
01d208e2-dc40-49ff-9f6d-dbcba2de00c0.jpg,47/01d208e2-dc40-49ff-9f6d-dbcba2de00c0.jpg,47,S-majority,S-majority,G3,G3,G3,P3,G3,8,G3,0.8752698
8f776212-3844-451e-99d6-fbcd1596e65b.jpg,47/8f776212-3844-451e-99d6-fbcd1596e65b.jpg,47,S-majority,S-majority,P3,P3,P3,L3,P3,19,P3,0.99502856
934a3f7c-543a-4894-9e1d-88d7510605c7.jpg,47/934a3f7c-543a-4894-9e1d-88d7510605c7.jpg,47,S-majority,S-majority,L3,L3,L3,A3,L3,12,L3,0.9816434
ca32363e-1104-4dec-bbbb-9be278a854fc.jpg,47/ca32363e-1104-4dec-bbbb-9be278a854fc.jpg,47,S-unanimous,S-unanimous,A4,A4,A4,A4,A4,3,A4,0.9977175
0ce890da-fe3c-4b76-8f65-2eb61f856eff.jpg,47/0ce890da-fe3c-4b76-8f65-2eb61f856eff.jpg,47,S-unanimous,S-unanimous,L4,L4,L4,L4,L4,13,L4,0.9979798
d2be6617-b485-4c66-9148-7def1849b446.jpg,47/d2be6617-b485-4c66-9148-7def1849b446.jpg,47,S-unanimous,S-unanimous,P4,P4,P4,P4,P4,20,P4,0.99782157
7280d08a-02c0-4a9a-a68d-04ed9f829b81.jpg,47/7280d08a-02c0-4a9a-a68d-04ed9f829b81.jpg,47,S-unanimous,S-unanimous,G4,G4,G4,G4,G4,9,G4,0.9993555
60cda341-bb35-47bd-adec-dff0a822ad81.jpg,47/60cda341-bb35-47bd-adec-dff0a822ad81.jpg,47,S-unanimous,S-unanimous,A5,A5,A5,A5,A5,4,A5,0.9971527
64d44073-94dd-4146-b626-8c44559876d4.jpg,47/64d44073-94dd-4146-b626-8c44559876d4.jpg,47,S-unanimous,S-unanimous,L5,L5,L5,L5,L5,14,L5,0.9763788
44fe7231-d659-4926-a768-1cfa59b79334.jpg,47/44fe7231-d659-4926-a768-1cfa59b79334.jpg,47,S-unanimous,S-unanimous,P5,P5,P5,P5,P5,21,P5,0.99998987
8044b41a-ea51-4821-8d59-112c51f93452.jpg,47/8044b41a-ea51-4821-8d59-112c51f93452.jpg,47,S-majority,S-majority,P6,P6,L6,P6,P6,22,P6,0.98335487
79d5a75d-ad8a-4121-886b-9f171ec3238a.jpg,47/79d5a75d-ad8a-4121-886b-9f171ec3238a.jpg,47,S-unanimous,S-unanimous,L6,L6,L6,L6,L6,15,L6,0.72570217
42fa7b5e-8236-4953-8c03-d82434dbf58e.jpg,47/42fa7b5e-8236-4953-8c03-d82434dbf58e.jpg,47,S-tied,S-no-majority,,A6,OTHERCLASS,OTHERCLASS,A6,16,OTHERCLASS,0.9531867
fde7171a-5ac2-4ae5-84ab-d62d2fcb0f65.jpg,53/fde7171a-5ac2-4ae5-84ab-d62d2fcb0f65.jpg,53,S-unanimous,S-unanimous,G1,G1,G1,G1,G1,6,G1,0.9975689
fa100f28-de1d-4ea1-89e1-99c2321966aa.jpg,53/fa100f28-de1d-4ea1-89e1-99c2321966aa.jpg,53,S-unanimous,S-unanimous,P1,P1,P1,P1,P1,17,P1,0.9949823
1bc88904-3e87-4e5d-9ac8-08073352953a.jpg,53/1bc88904-3e87-4e5d-9ac8-08073352953a.jpg,53,S-unanimous,S-unanimous,A1,A1,A1,A1,A1,0,A1,0.9889664
a7406622-472f-45f2-ae15-cca7367a3d9b.jpg,53/a7406622-472f-45f2-ae15-cca7367a3d9b.jpg,53,S-majority,S-majority,L1,L1,OTHERCLASS,L1,L1,10,L1,0.43333912
65a91d6c-50db-4d50-b39b-3675aa05ab20.jpg,53/65a91d6c-50db-4d50-b39b-3675aa05ab20.jpg,53,S-majority,S-majority,A2,A2,G1,A2,A2,6,G1,0.5457081
896f8e06-6550-4084-8cd0-36b8dd10581e.jpg,53/896f8e06-6550-4084-8cd0-36b8dd10581e.jpg,53,S-unanimous,S-unanimous,G2,G2,G2,G2,G2,7,G2,0.88343996
e58fa2d5-f827-4720-857b-7b20432f8b38.jpg,53/e58fa2d5-f827-4720-857b-7b20432f8b38.jpg,53,S-unanimous,S-unanimous,P2,P2,P2,P2,P2,17,P1,0.68892914
0b9dd91c-36e6-46c4-94c6-7ccbcb0f08f0.jpg,53/0b9dd91c-36e6-46c4-94c6-7ccbcb0f08f0.jpg,53,S-tied,S-no-majority,,L2,P2,L2,P2,17,P1,0.676463
7c15787b-1641-416c-9ab9-fb141f034777.jpg,53/7c15787b-1641-416c-9ab9-fb141f034777.jpg,53,S-unanimous,S-unanimous,L2,L2,L2,L2,L2,11,L2,0.9994796
06009738-d844-47f9-9672-a7018e200561.jpg,53/06009738-d844-47f9-9672-a7018e200561.jpg,53,S-majority,S-majority,A3,A3,A2,A3,A3,1,A2,0.98083556
5c623cfe-c16c-4385-ae41-62b17e90e7db.jpg,53/5c623cfe-c16c-4385-ae41-62b17e90e7db.jpg,53,S-unanimous,S-unanimous,G3,G3,G3,G3,G3,7,G2,0.7235002
2f646440-b90f-4d33-8bb4-37673d50040e.jpg,53/2f646440-b90f-4d33-8bb4-37673d50040e.jpg,53,S-unanimous,S-unanimous,P3,P3,P3,P3,P3,19,P3,0.5311815
eb480a14-17a5-498a-b482-e28e6e6047d9.jpg,53/eb480a14-17a5-498a-b482-e28e6e6047d9.jpg,53,S-unanimous,S-unanimous,L3,L3,L3,L3,L3,12,L3,0.9702884
0f24f987-24ac-4f32-a6e4-fee0c2bbcaa2.jpg,53/0f24f987-24ac-4f32-a6e4-fee0c2bbcaa2.jpg,53,S-majority,S-majority,L4,L4,L4,L4,A4,13,L4,0.9923854
06072f0f-db35-476c-a011-c4756d004587.jpg,53/06072f0f-db35-476c-a011-c4756d004587.jpg,53,S-plurality,S-plurality,L4,A4,L4,A5,L4,13,L4,0.8620611
c355a123-e5a9-4272-b809-a51f285a280b.jpg,53/c355a123-e5a9-4272-b809-a51f285a280b.jpg,53,S-unanimous,S-unanimous,G4,G4,G4,G4,G4,9,G4,0.94155246
294ec80a-137d-447f-83c9-93d1eee4e308.jpg,53/294ec80a-137d-447f-83c9-93d1eee4e308.jpg,53,S-tied,S-no-majority,,A5,A5,L5,L5,14,L5,0.8977699
012d79bc-4fdc-46e0-868d-f060087954c3.jpg,53/012d79bc-4fdc-46e0-868d-f060087954c3.jpg,53,S-tied,S-no-majority,,L5,L5,A5,A5,14,L5,0.63725156
936ec352-6d82-4f48-866c-5552e2f9eb60.jpg,53/936ec352-6d82-4f48-866c-5552e2f9eb60.jpg,53,S-unanimous,S-unanimous,P5,P5,P5,P5,P5,21,P5,0.99961287
63f36b7b-93c9-4ffc-8afb-450349c2ca57.jpg,53/63f36b7b-93c9-4ffc-8afb-450349c2ca57.jpg,53,S-plurality,S-plurality,L5,P5,A5,L5,L5,15,L6,0.5559757
c1b40acb-70a8-4e27-8d17-fa76dc63f8d6.jpg,53/c1b40acb-70a8-4e27-8d17-fa76dc63f8d6.jpg,53,S-unanimous,S-unanimous,A6,A6,A6,A6,A6,5,A6,0.9272463
1e2eaf44-60de-4133-bca1-9d08b06065c0.jpg,53/1e2eaf44-60de-4133-bca1-9d08b06065c0.jpg,53,S-unanimous,S-unanimous,L6,L6,L6,L6,L6,15,L6,0.9999647
579928e1-8619-45bd-adb2-0b7adad0e98a.jpg,53/579928e1-8619-45bd-adb2-0b7adad0e98a.jpg,53,S-unanimous,S-unanimous,P6,P6,P6,P6,P6,22,P6,0.99999595
bba57189-297e-49f2-aecc-c3348db3ed1e.jpg,53/bba57189-297e-49f2-aecc-c3348db3ed1e.jpg,53,S-majority,S-majority,G1,G1,G1,G1,OTHERCLASS,6,G1,0.39812925
28dbf8fe-144b-40e1-8399-04ce5b179dcc.jpg,61/28dbf8fe-144b-40e1-8399-04ce5b179dcc.jpg,61,S-unanimous,S-unanimous,A1,A1,A1,A1,A1,0,A1,0.9955907
60d503f3-e88b-4c02-bef1-79bcb59f4e68.jpg,61/60d503f3-e88b-4c02-bef1-79bcb59f4e68.jpg,61,S-unanimous,S-unanimous,G1,G1,G1,G1,G1,6,G1,0.9988757
bdb2d0d2-f811-4bc0-9db7-ba06151cc94f.jpg,61/bdb2d0d2-f811-4bc0-9db7-ba06151cc94f.jpg,61,S-unanimous,S-unanimous,P1,P1,P1,P1,P1,17,P1,0.99984324
d4360000-4e63-4331-950b-29ca1a015d07.jpg,61/d4360000-4e63-4331-950b-29ca1a015d07.jpg,61,S-unanimous,S-unanimous,L1,L1,L1,L1,L1,22,P6,0.6003743
f89c4558-403c-47dd-9b11-d3f5d5ef05ad.jpg,61/f89c4558-403c-47dd-9b11-d3f5d5ef05ad.jpg,61,S-majority,S-majority,G1,G1,G1,G1,A1,6,G1,0.8942014
f847841c-9c65-45d1-adcc-23f20e1550ed.jpg,61/f847841c-9c65-45d1-adcc-23f20e1550ed.jpg,61,S-tied,S-no-majority,,P2,P1,P1,P2,17,P1,0.9762319
53d41374-ae87-485e-85fc-9bb3e68a78fc.jpg,61/53d41374-ae87-485e-85fc-9bb3e68a78fc.jpg,61,S-majority,S-majority,L1,L2,L1,L1,L1,10,L1,0.97167057
ba126d6b-d473-45a8-8ca1-851e2ae0b076.jpg,61/ba126d6b-d473-45a8-8ca1-851e2ae0b076.jpg,61,S-unanimous,S-unanimous,A2,A2,A2,A2,A2,1,A2,0.9676628
4a33cb5c-95be-4435-85e3-7591cd50badd.jpg,61/4a33cb5c-95be-4435-85e3-7591cd50badd.jpg,61,S-unanimous,S-unanimous,G2,G2,G2,G2,G2,7,G2,0.80700445
7b07c278-1bbe-41bc-99ac-9e1bd23eecbc.jpg,61/7b07c278-1bbe-41bc-99ac-9e1bd23eecbc.jpg,61,S-plurality,S-plurality,P2,P3,P2,P2,OTHERCLASS,18,P2,0.92829406
7f6650d9-575e-4a5b-bb4d-e0294a2c1f3d.jpg,61/7f6650d9-575e-4a5b-bb4d-e0294a2c1f3d.jpg,61,S-majority,S-majority,L2,L3,L2,L2,L2,11,L2,0.6773965
bf1a54cc-d3a3-40ef-aa83-5a7ed18b6d61.jpg,61/bf1a54cc-d3a3-40ef-aa83-5a7ed18b6d61.jpg,61,S-unanimous,S-unanimous,A3,A3,A3,A3,A3,2,A3,0.93519014
f01c02dd-3152-4cdf-8397-7ae79516940f.jpg,61/f01c02dd-3152-4cdf-8397-7ae79516940f.jpg,61,S-unanimous,S-unanimous,G3,G3,G3,G3,G3,8,G3,0.9872634
bffa6e66-402b-4ec4-b3d7-014388ae68d8.jpg,61/bffa6e66-402b-4ec4-b3d7-014388ae68d8.jpg,61,S-unanimous,S-unanimous,P3,P3,P3,P3,P3,8,G3,0.6963202
b85b338e-8c07-49fb-9df1-33226fd7b8ad.jpg,61/b85b338e-8c07-49fb-9df1-33226fd7b8ad.jpg,61,S-unanimous,S-unanimous,L3,L3,L3,L3,L3,12,L3,0.8284777
24499f19-52d7-438a-9aa5-501fbbd4f9da.jpg,61/24499f19-52d7-438a-9aa5-501fbbd4f9da.jpg,61,S-majority,S-majority,L5,P5,L5,L5,L5,14,L5,0.9956762
63ec281f-9cdd-4cc0-a5b3-99619c28e12a.jpg,61/63ec281f-9cdd-4cc0-a5b3-99619c28e12a.jpg,61,S-plurality,S-plurality,L4,L4,L4,L5,OTHERCLASS,13,L4,0.99633944
9d6026d1-1bd3-43d1-87c3-b3410366045d.jpg,61/9d6026d1-1bd3-43d1-87c3-b3410366045d.jpg,61,S-unanimous,S-unanimous,A4,A4,A4,A4,A4,3,A4,0.9469779
7614b14b-8149-44f2-a11d-8e74d34c9da9.jpg,61/7614b14b-8149-44f2-a11d-8e74d34c9da9.jpg,61,S-unanimous,S-unanimous,P4,P4,P4,P4,P4,20,P4,0.9985281
66a40d6a-6a09-4248-8944-252843c16a1b.jpg,61/66a40d6a-6a09-4248-8944-252843c16a1b.jpg,61,S-unanimous,S-unanimous,A5,A5,A5,A5,A5,4,A5,0.9988715
d03b1a15-d18a-49c0-b861-a156619f1087.jpg,61/d03b1a15-d18a-49c0-b861-a156619f1087.jpg,61,S-unanimous,S-unanimous,L5,L5,L5,L5,L5,14,L5,0.97864836
c9985d71-9518-460e-887a-2d7a4ece3925.jpg,61/c9985d71-9518-460e-887a-2d7a4ece3925.jpg,61,S-tied,S-no-majority,,P5,L5,P5,L5,14,L5,0.85585773
ca6ac831-f61a-4d03-b521-ab0a7b01c4d6.jpg,61/ca6ac831-f61a-4d03-b521-ab0a7b01c4d6.jpg,61,S-unanimous,S-unanimous,A6,A6,A6,A6,A6,5,A6,0.9999206
864eaaf9-9ca9-4791-a5b8-a564e1abfe5f.jpg,61/864eaaf9-9ca9-4791-a5b8-a564e1abfe5f.jpg,61,S-unanimous,S-unanimous,L6,L6,L6,L6,L6,15,L6,0.9998348
35a41635-b2d3-4201-8887-d167b46340fb.jpg,61/35a41635-b2d3-4201-8887-d167b46340fb.jpg,61,S-unanimous,S-unanimous,P6,P6,P6,P6,P6,22,P6,0.99995184
4967490a-6860-402c-85e2-f29533de8ad3.jpg,61/4967490a-6860-402c-85e2-f29533de8ad3.jpg,61,S-unanimous,S-unanimous,G4,G4,G4,G4,G4,9,G4,0.9990932
b31c61bb-1847-46c9-ad75-27d59d56d2f7.jpg,61/b31c61bb-1847-46c9-ad75-27d59d56d2f7.jpg,61,S-majority,S-majority,G4,G4,G4,G4,OTHERCLASS,9,G4,0.67176765
1af171e6-0cfb-4287-8a10-a1a2b841abd0.jpg,61/1af171e6-0cfb-4287-8a10-a1a2b841abd0.jpg,61,S-majority,S-majority,L2,L3,L2,L2,L2,11,L2,0.95059305
6efdd139-98b8-4d61-924c-a617af6483bf.jpg,64/6efdd139-98b8-4d61-924c-a617af6483bf.jpg,64,S-unanimous,S-unanimous,G1,G1,G1,G1,G1,6,G1,0.9790496
753929ed-e525-459f-8e79-ec94423ddb74.jpg,64/753929ed-e525-459f-8e79-ec94423ddb74.jpg,64,S-majority,S-majority,A1,A1,G1,A1,A1,0,A1,0.7854041
3c36c22c-b2d8-4a34-b893-979b25ba148f.jpg,64/3c36c22c-b2d8-4a34-b893-979b25ba148f.jpg,64,S-unanimous,S-unanimous,L1,L1,L1,L1,L1,10,L1,0.99986565
26f8c03e-f9b4-4b5e-91c5-a77877771506.jpg,64/26f8c03e-f9b4-4b5e-91c5-a77877771506.jpg,64,S-unanimous,S-unanimous,P1,P1,P1,P1,P1,17,P1,0.97306323
3fc0104f-f7ea-4d49-962c-2296d3d75ab2.jpg,64/3fc0104f-f7ea-4d49-962c-2296d3d75ab2.jpg,64,S-majority,S-majority,G1,G1,G1,G2,G1,6,G1,0.99985695
13698dcd-d34c-45d5-b1bc-2034ebc0a9bb.jpg,64/13698dcd-d34c-45d5-b1bc-2034ebc0a9bb.jpg,64,S-unanimous,S-unanimous,A2,A2,A2,A2,A2,1,A2,0.97962934
cd9e644c-9b35-465e-bda4-039123dc8bbf.jpg,64/cd9e644c-9b35-465e-bda4-039123dc8bbf.jpg,64,S-majority,S-majority,G2,G2,G2,A2,G2,7,G2,0.98493886
1f190d8d-7e91-41c8-8aef-9b8890bd0276.jpg,64/1f190d8d-7e91-41c8-8aef-9b8890bd0276.jpg,64,S-unanimous,S-unanimous,P2,P2,P2,P2,P2,18,P2,0.97647923
3ffbb854-2112-4b26-be52-7da81324eb60.jpg,64/3ffbb854-2112-4b26-be52-7da81324eb60.jpg,64,S-unanimous,S-unanimous,L2,L2,L2,L2,L2,11,L2,0.96664244
8621bd65-3c0b-4af8-b9b0-b8bb7d99ed50.jpg,64/8621bd65-3c0b-4af8-b9b0-b8bb7d99ed50.jpg,64,S-unanimous,S-unanimous,G3,G3,G3,G3,G3,2,A3,0.9231302
10e706bc-3363-45c5-97f9-2c33f245c3a1.jpg,64/10e706bc-3363-45c5-97f9-2c33f245c3a1.jpg,64,S-unanimous,S-unanimous,A3,A3,A3,A3,A3,2,A3,0.9932573
1520ba12-87e8-4207-9f13-7442d1c22e63.jpg,64/1520ba12-87e8-4207-9f13-7442d1c22e63.jpg,64,S-unanimous,S-unanimous,L3,L3,L3,L3,L3,12,L3,0.63753897
9abc6036-8e86-4d69-a20b-0932c602ce5e.jpg,64/9abc6036-8e86-4d69-a20b-0932c602ce5e.jpg,64,S-unanimous,S-unanimous,P3,P3,P3,P3,P3,19,P3,0.9929905
2d093273-4d4e-4971-abab-10b8e62cc0f1.jpg,64/2d093273-4d4e-4971-abab-10b8e62cc0f1.jpg,64,S-unanimous,S-unanimous,A6,A6,A6,A6,A6,5,A6,0.9996722
a259c47b-f87d-4211-82e2-da7597c0a6f3.jpg,64/a259c47b-f87d-4211-82e2-da7597c0a6f3.jpg,64,S-unanimous,S-unanimous,L6,L6,L6,L6,L6,15,L6,0.9997261
77c8ccde-fd95-462d-8342-bb2771ceea42.jpg,64/77c8ccde-fd95-462d-8342-bb2771ceea42.jpg,64,S-majority,S-majority,P6,P6,L6,P6,P6,22,P6,0.9994148
3b747049-7ce5-4380-9c94-dfd599a5edc3.jpg,64/3b747049-7ce5-4380-9c94-dfd599a5edc3.jpg,64,S-majority,S-majority,L4,L4,OTHERCLASS,L4,L4,13,L4,0.9510441
7b5bafab-ea39-4e5a-9145-3f3424332127.jpg,64/7b5bafab-ea39-4e5a-9145-3f3424332127.jpg,64,S-unanimous,S-unanimous,A4,A4,A4,A4,A4,3,A4,0.99687034
9ca7c68f-07de-4ddf-a8bf-169ae76919a2.jpg,64/9ca7c68f-07de-4ddf-a8bf-169ae76919a2.jpg,64,S-unanimous,S-unanimous,P4,P4,P4,P4,P4,20,P4,0.99057895
1b2db904-757c-4855-873a-b84304ab0f62.jpg,64/1b2db904-757c-4855-873a-b84304ab0f62.jpg,64,S-unanimous,S-unanimous,G4,G4,G4,G4,G4,9,G4,0.9996214
a5055822-10bf-40d1-a370-1fccc253cdfd.jpg,64/a5055822-10bf-40d1-a370-1fccc253cdfd.jpg,64,S-unanimous,S-unanimous,A5,A5,A5,A5,A5,4,A5,0.98686635
717cf1fd-45d4-42a9-8490-ebcdc9874c4d.jpg,64/717cf1fd-45d4-42a9-8490-ebcdc9874c4d.jpg,64,S-majority,S-majority,L5,L5,L5,L5,A5,14,L5,0.9827064
faf3496a-0f3d-47cd-b49e-b4fbb9e3c46b.jpg,64/faf3496a-0f3d-47cd-b49e-b4fbb9e3c46b.jpg,64,S-majority,S-majority,P5,P5,P5,P5,L5,13,L4,0.8468546
87e879dc-3631-43ee-810d-94d8a03a7376.jpg,65/87e879dc-3631-43ee-810d-94d8a03a7376.jpg,65,S-unanimous,S-unanimous,A1,A1,A1,A1,A1,0,A1,0.9987564
40b088f0-2744-411c-861c-6f91e39f2558.jpg,65/40b088f0-2744-411c-861c-6f91e39f2558.jpg,65,S-unanimous,S-unanimous,G1,G1,G1,G1,G1,6,G1,0.99989736
172b4a52-5f69-4de3-b5cd-f37b3b4ca3a9.jpg,65/172b4a52-5f69-4de3-b5cd-f37b3b4ca3a9.jpg,65,S-unanimous,S-unanimous,P1,P1,P1,P1,P1,17,P1,0.99857104
22e183c7-bd3a-4361-9f85-c3dfc1c483c9.jpg,65/22e183c7-bd3a-4361-9f85-c3dfc1c483c9.jpg,65,S-majority,S-majority,L1,L1,L1,P1,L1,17,P1,0.91478133
2c9d6b4d-d864-46b0-b6df-27a254797731.jpg,65/2c9d6b4d-d864-46b0-b6df-27a254797731.jpg,65,S-unanimous,S-unanimous,A2,A2,A2,A2,A2,7,G2,0.96314514
35799342-03bd-499f-8275-217a5ddbf45f.jpg,65/35799342-03bd-499f-8275-217a5ddbf45f.jpg,65,S-unanimous,S-unanimous,G2,G2,G2,G2,G2,7,G2,0.98256654
0655c6ae-ba02-4ae8-be05-167d3bfe580a.jpg,65/0655c6ae-ba02-4ae8-be05-167d3bfe580a.jpg,65,S-majority,S-majority,P2,P2,L2,P2,P2,18,P2,0.95833665
8766e633-8a3e-4ea9-b6e3-3e7d873c4e16.jpg,65/8766e633-8a3e-4ea9-b6e3-3e7d873c4e16.jpg,65,S-unanimous,S-unanimous,L2,L2,L2,L2,L2,11,L2,0.80113435
9fec2b9b-7687-41c5-9bde-886f168a0bc0.jpg,65/9fec2b9b-7687-41c5-9bde-886f168a0bc0.jpg,65,S-plurality,S-plurality,A3,L3,G3,A3,A3,8,G3,0.5514442
f732dd93-b5b7-4d87-a99d-8f2d2beb25a9.jpg,65/f732dd93-b5b7-4d87-a99d-8f2d2beb25a9.jpg,65,S-majority,S-majority,G3,G3,A3,G3,G3,8,G3,0.9720365
5aeb2c1e-9fc6-4e58-b39d-d8acaa6aa7bb.jpg,65/5aeb2c1e-9fc6-4e58-b39d-d8acaa6aa7bb.jpg,65,S-unanimous,S-unanimous,P3,P3,P3,P3,P3,19,P3,0.9814161
6942709f-9ee8-43fb-a535-992cf610c3a9.jpg,65/6942709f-9ee8-43fb-a535-992cf610c3a9.jpg,65,S-majority,S-majority,L3,A3,L3,L3,L3,12,L3,0.97050136
8279f227-0ee9-49cb-84c0-636a2c12d4a0.jpg,65/8279f227-0ee9-49cb-84c0-636a2c12d4a0.jpg,65,S-unanimous,S-unanimous,A6,A6,A6,A6,A6,5,A6,0.9997254
dd15a063-d84b-41da-9437-6aec87f5dcaf.jpg,65/dd15a063-d84b-41da-9437-6aec87f5dcaf.jpg,65,S-unanimous,S-unanimous,L6,L6,L6,L6,L6,15,L6,0.9970945
8fb717c7-42d6-40b3-913e-fec280a75f46.jpg,65/8fb717c7-42d6-40b3-913e-fec280a75f46.jpg,65,S-unanimous,S-unanimous,P6,P6,P6,P6,P6,22,P6,0.9997999
c020f7ba-464b-42a7-9784-74ace52b6224.jpg,65/c020f7ba-464b-42a7-9784-74ace52b6224.jpg,65,S-unanimous,S-unanimous,A4,A4,A4,A4,A4,3,A4,0.9779133
dbf06f88-89df-4ed3-92e2-1559acf81a32.jpg,65/dbf06f88-89df-4ed3-92e2-1559acf81a32.jpg,65,S-unanimous,S-unanimous,L4,L4,L4,L4,L4,13,L4,0.9872038
2a9cd9f2-904a-4105-9f11-88f1cb409f06.jpg,65/2a9cd9f2-904a-4105-9f11-88f1cb409f06.jpg,65,S-unanimous,S-unanimous,P4,P4,P4,P4,P4,20,P4,0.9293036
28526021-d7a7-45cf-8c1c-3f9e409e62a2.jpg,65/28526021-d7a7-45cf-8c1c-3f9e409e62a2.jpg,65,S-unanimous,S-unanimous,G4,G4,G4,G4,G4,9,G4,0.93845224
acdbdec4-14c9-4511-a52a-476ce4c0e195.jpg,65/acdbdec4-14c9-4511-a52a-476ce4c0e195.jpg,65,S-unanimous,S-unanimous,A5,A5,A5,A5,A5,4,A5,0.87072694
13e5f43e-09bb-4260-9945-3e7d3c69740d.jpg,65/13e5f43e-09bb-4260-9945-3e7d3c69740d.jpg,65,S-unanimous,S-unanimous,L5,L5,L5,L5,L5,14,L5,0.8754773
6397df10-8732-4564-9224-88671e2d4fcb.jpg,65/6397df10-8732-4564-9224-88671e2d4fcb.jpg,65,S-unanimous,S-unanimous,P5,P5,P5,P5,P5,21,P5,0.9160987
5f589ce3-e013-49ca-a866-33417ae69239.jpg,69/5f589ce3-e013-49ca-a866-33417ae69239.jpg,69,S-majority,S-majority,A1,A1,A1,OTHERCLASS,A1,0,A1,0.73812115
64f51332-99b7-4699-bab9-848ea6025047.jpg,69/64f51332-99b7-4699-bab9-848ea6025047.jpg,69,S-majority,S-majority,G1,G1,G1,A1,G1,6,G1,0.9929438
be9c2a09-1742-46b4-b5f8-4ad7d78da1df.jpg,69/be9c2a09-1742-46b4-b5f8-4ad7d78da1df.jpg,69,S-unanimous,S-unanimous,P1,P1,P1,P1,P1,17,P1,0.9999988
ac4d029b-98e0-45cf-a56c-0e7928f1fce0.jpg,69/ac4d029b-98e0-45cf-a56c-0e7928f1fce0.jpg,69,S-unanimous,S-unanimous,L1,L1,L1,L1,L1,10,L1,0.99911946
c8175b79-4b33-4ff5-82d2-433ad47911bc.jpg,69/c8175b79-4b33-4ff5-82d2-433ad47911bc.jpg,69,S-unanimous,S-unanimous,A2,A2,A2,A2,A2,1,A2,0.97827715
b7b54eb6-33da-4126-b45e-7b0ea46950c9.jpg,69/b7b54eb6-33da-4126-b45e-7b0ea46950c9.jpg,69,S-unanimous,S-unanimous,G2,G2,G2,G2,G2,18,P2,0.90009767
1ed40f1d-27f2-46aa-a3a1-af101f6d1d9c.jpg,69/1ed40f1d-27f2-46aa-a3a1-af101f6d1d9c.jpg,69,S-unanimous,S-unanimous,P2,P2,P2,P2,P2,18,P2,0.9453785
60cecdd6-b4bf-4f5d-95cf-880c5319c6b1.jpg,69/60cecdd6-b4bf-4f5d-95cf-880c5319c6b1.jpg,69,S-unanimous,S-unanimous,L2,L2,L2,L2,L2,11,L2,0.9865719
e38efcfd-28c1-472e-86f7-e18bfe8ffd46.jpg,69/e38efcfd-28c1-472e-86f7-e18bfe8ffd46.jpg,69,S-unanimous,S-unanimous,G3,G3,G3,G3,G3,8,G3,0.98089874
8399ed25-f9f7-4fdc-920e-9f750402ae16.jpg,69/8399ed25-f9f7-4fdc-920e-9f750402ae16.jpg,69,S-unanimous,S-unanimous,A3,A3,A3,A3,A3,2,A3,0.9948933
2d024755-3416-41a3-99e2-5f577e539f7e.jpg,69/2d024755-3416-41a3-99e2-5f577e539f7e.jpg,69,S-unanimous,S-unanimous,P3,P3,P3,P3,P3,19,P3,0.99626476
613d959c-f97b-4781-9ab2-d86800c52ce1.jpg,69/613d959c-f97b-4781-9ab2-d86800c52ce1.jpg,69,S-unanimous,S-unanimous,L3,L3,L3,L3,L3,12,L3,0.727515
9a483f59-9e94-4d92-9e63-06af8457b7dd.jpg,69/9a483f59-9e94-4d92-9e63-06af8457b7dd.jpg,69,S-unanimous,S-unanimous,A6,A6,A6,A6,A6,15,L6,0.9895968
deef8709-bb93-48e1-8149-d8fd862b4184.jpg,69/deef8709-bb93-48e1-8149-d8fd862b4184.jpg,69,S-unanimous,S-unanimous,L6,L6,L6,L6,L6,15,L6,0.99729747
9c6dfe4c-e7cd-4a81-ab71-3343a945d4b8.jpg,69/9c6dfe4c-e7cd-4a81-ab71-3343a945d4b8.jpg,69,S-unanimous,S-unanimous,P6,P6,P6,P6,P6,22,P6,0.9998746
faf01e0e-ee77-414a-b680-9d434c49b250.jpg,69/faf01e0e-ee77-414a-b680-9d434c49b250.jpg,69,S-unanimous,S-unanimous,L4,L4,L4,L4,L4,13,L4,0.94607854
c53eea95-1d7b-44cf-8625-3a9d885cff1d.jpg,69/c53eea95-1d7b-44cf-8625-3a9d885cff1d.jpg,69,S-majority,S-majority,A4,A4,A4,L4,A4,3,A4,0.56393826
e1bef217-8ed0-4f0f-92f8-d7bb3d40a4fc.jpg,69/e1bef217-8ed0-4f0f-92f8-d7bb3d40a4fc.jpg,69,S-unanimous,S-unanimous,P4,P4,P4,P4,P4,20,P4,0.9992668
a9cc09d8-34d5-4833-bfa9-ea39d8ff9033.jpg,69/a9cc09d8-34d5-4833-bfa9-ea39d8ff9033.jpg,69,S-unanimous,S-unanimous,G4,G4,G4,G4,G4,9,G4,0.9999429
46ea42ca-d559-4766-98c7-d44260dfd9be.jpg,69/46ea42ca-d559-4766-98c7-d44260dfd9be.jpg,69,S-unanimous,S-unanimous,A5,A5,A5,A5,A5,4,A5,0.9973362
db15b8de-e4ca-42e4-ac60-5abdf742d8d1.jpg,69/db15b8de-e4ca-42e4-ac60-5abdf742d8d1.jpg,69,S-unanimous,S-unanimous,L5,L5,L5,L5,L5,14,L5,0.8578772
91f65455-e50e-4fcf-b895-5f0c5e016dc8.jpg,69/91f65455-e50e-4fcf-b895-5f0c5e016dc8.jpg,69,S-unanimous,S-unanimous,P5,P5,P5,P5,P5,21,P5,0.95310104
6ea9c699-bc37-42d4-85e4-97490497ac3e.jpg,70/6ea9c699-bc37-42d4-85e4-97490497ac3e.jpg,70,S-majority,S-majority,G1,G1,P1,G1,G1,6,G1,0.99464273
020c7898-dfd8-4e79-9d09-073536afca23.jpg,70/020c7898-dfd8-4e79-9d09-073536afca23.jpg,70,S-unanimous,S-unanimous,P1,P1,P1,P1,P1,17,P1,0.92698705
18506a0a-f599-4fd4-942a-d47c0a571693.jpg,70/18506a0a-f599-4fd4-942a-d47c0a571693.jpg,70,S-unanimous,S-unanimous,A1,A1,A1,A1,A1,0,A1,0.73783624
4c060f3e-da64-498e-a80d-af1b2436bfbb.jpg,70/4c060f3e-da64-498e-a80d-af1b2436bfbb.jpg,70,S-unanimous,S-unanimous,L1,L1,L1,L1,L1,10,L1,0.97483045
66f1be2a-2b2b-484a-8d84-d6211281103c.jpg,70/66f1be2a-2b2b-484a-8d84-d6211281103c.jpg,70,S-majority,S-majority,A2,A2,G1,A2,A2,1,A2,0.93981475
2db0ca49-dfac-4a38-a056-96d0b24266d0.jpg,70/2db0ca49-dfac-4a38-a056-96d0b24266d0.jpg,70,S-majority,S-majority,G2,G2,A2,G2,G2,7,G2,0.78195244
1acfcdff-b86c-48d8-8e7c-9b40696c6460.jpg,70/1acfcdff-b86c-48d8-8e7c-9b40696c6460.jpg,70,S-unanimous,S-unanimous,P2,P2,P2,P2,P2,18,P2,0.42473224
b68a7b20-ad9e-47d7-8bb5-1e388f3feb86.jpg,70/b68a7b20-ad9e-47d7-8bb5-1e388f3feb86.jpg,70,S-unanimous,S-unanimous,L2,L2,L2,L2,L2,11,L2,0.999876
a732abbd-f6e5-4fff-a832-c4b031e0439f.jpg,70/a732abbd-f6e5-4fff-a832-c4b031e0439f.jpg,70,S-unanimous,S-unanimous,G3,G3,G3,G3,G3,8,G3,0.9572578
2634450c-57eb-40fe-9292-d504a5667651.jpg,70/2634450c-57eb-40fe-9292-d504a5667651.jpg,70,S-unanimous,S-unanimous,A3,A3,A3,A3,A3,1,A2,0.5812253
a9eafd6e-fd39-47cf-b140-dd84267f445f.jpg,70/a9eafd6e-fd39-47cf-b140-dd84267f445f.jpg,70,S-unanimous,S-unanimous,P3,P3,P3,P3,P3,18,P2,0.7639126
0fb83390-5662-4878-b89e-893cfa44402f.jpg,70/0fb83390-5662-4878-b89e-893cfa44402f.jpg,70,S-unanimous,S-unanimous,L3,L3,L3,L3,L3,11,L2,0.5499069
bb1a9dea-92df-4fc5-ba5c-730bd04824fa.jpg,70/bb1a9dea-92df-4fc5-ba5c-730bd04824fa.jpg,70,S-unanimous,S-unanimous,L4,L4,L4,L4,L4,13,L4,0.39922127
8fe048e2-70f3-4cd0-bd2f-73c4ee2f3f8f.jpg,70/8fe048e2-70f3-4cd0-bd2f-73c4ee2f3f8f.jpg,70,S-majority,S-majority,A4,A4,A5,A4,A4,3,A4,0.49600434
2b95abe9-905e-41ca-92d0-2aa296797fbc.jpg,70/2b95abe9-905e-41ca-92d0-2aa296797fbc.jpg,70,S-unanimous,S-unanimous,P4,P4,P4,P4,P4,9,G4,0.84402174
6b76406a-68a7-4cc4-bc15-944299cbe33c.jpg,70/6b76406a-68a7-4cc4-bc15-944299cbe33c.jpg,70,S-unanimous,S-unanimous,G4,G4,G4,G4,G4,9,G4,0.836149
9fb783d8-8ddd-4295-bd6f-c17da0e136f6.jpg,70/9fb783d8-8ddd-4295-bd6f-c17da0e136f6.jpg,70,S-unanimous,S-unanimous,A5,A5,A5,A5,A5,4,A5,0.9851495
fb4a8a7e-ce01-4524-afe7-4416a76e6c59.jpg,70/fb4a8a7e-ce01-4524-afe7-4416a76e6c59.jpg,70,S-unanimous,S-unanimous,L5,L5,L5,L5,L5,14,L5,0.9822191
56f67058-6ab0-4f8c-85c8-66700b7855a9.jpg,70/56f67058-6ab0-4f8c-85c8-66700b7855a9.jpg,70,S-tied,S-no-majority,,P5,L5,P5,L5,14,L5,0.99592966
65244446-a8c9-427e-8fcc-f1ea93add65a.jpg,70/65244446-a8c9-427e-8fcc-f1ea93add65a.jpg,70,S-unanimous,S-unanimous,P5,P5,P5,P5,P5,9,G4,0.70311266
c365d5c9-54a8-4eb3-943a-23081fdf367d.jpg,70/c365d5c9-54a8-4eb3-943a-23081fdf367d.jpg,70,S-unanimous,S-unanimous,P6,P6,P6,P6,P6,22,P6,0.9961676
1c964e33-53b8-4328-a58e-9d783d555f08.jpg,70/1c964e33-53b8-4328-a58e-9d783d555f08.jpg,70,S-unanimous,S-unanimous,L6,L6,L6,L6,L6,15,L6,0.9446519
df36a191-b222-42f6-8409-40ac8a5859e0.jpg,71/df36a191-b222-42f6-8409-40ac8a5859e0.jpg,71,S-unanimous,S-unanimous,OTHERCLASS,OTHERCLASS,OTHERCLASS,OTHERCLASS,OTHERCLASS,16,OTHERCLASS,0.9993679
2b2e407a-7788-4d0b-a902-b87392413f69.jpg,71/2b2e407a-7788-4d0b-a902-b87392413f69.jpg,71,S-unanimous,S-unanimous,L1,L1,L1,L1,L1,10,L1,0.9691557
00341563-a674-4917-aa60-562555aa1ea9.jpg,71/00341563-a674-4917-aa60-562555aa1ea9.jpg,71,S-unanimous,S-unanimous,A1,A1,A1,A1,A1,0,A1,0.7974837
8a523810-8d5a-461f-a541-a66d5db50e81.jpg,71/8a523810-8d5a-461f-a541-a66d5db50e81.jpg,71,S-unanimous,S-unanimous,G1,G1,G1,G1,G1,6,G1,0.9110377
dc32944b-c7f3-4621-bcc7-6bc487b1b657.jpg,71/dc32944b-c7f3-4621-bcc7-6bc487b1b657.jpg,71,S-unanimous,S-unanimous,P1,P1,P1,P1,P1,17,P1,0.9989273
1614cfaf-3285-48ec-99ad-3f6c7f25ce5d.jpg,71/1614cfaf-3285-48ec-99ad-3f6c7f25ce5d.jpg,71,S-tied,S-no-majority,,A2,A1,A2,A1,0,A1,0.9984993
bb24976c-f517-4e98-9016-b0c525af2eb0.jpg,71/bb24976c-f517-4e98-9016-b0c525af2eb0.jpg,71,S-tied,S-no-majority,,L2,L1,L2,L1,0,A1,0.93771416
ecdd4c58-a58a-44d1-abb1-9d3e5545bbdc.jpg,71/ecdd4c58-a58a-44d1-abb1-9d3e5545bbdc.jpg,71,S-tied,S-no-majority,,P2,P1,P2,P1,17,P1,0.9783588
d84b16cb-f333-4b11-8483-2f7518a7de80.jpg,71/d84b16cb-f333-4b11-8483-2f7518a7de80.jpg,71,S-tied,S-no-majority,,G2,G1,G2,G1,6,G1,0.9996774
65cd6629-77ff-472d-98fa-7dbf0c80d18d.jpg,71/65cd6629-77ff-472d-98fa-7dbf0c80d18d.jpg,71,S-unanimous,S-unanimous,A2,A2,A2,A2,A2,1,A2,0.9969381
6ab9bbc3-faa8-4eed-8286-59f3e74e54f9.jpg,71/6ab9bbc3-faa8-4eed-8286-59f3e74e54f9.jpg,71,S-unanimous,S-unanimous,G2,G2,G2,G2,G2,7,G2,0.9997131
9897276d-eba0-4400-b280-75ef65243d44.jpg,71/9897276d-eba0-4400-b280-75ef65243d44.jpg,71,S-unanimous,S-unanimous,P2,P2,P2,P2,P2,18,P2,0.9989335
4add495d-3933-4c70-a429-b176f4d2925b.jpg,71/4add495d-3933-4c70-a429-b176f4d2925b.jpg,71,S-unanimous,S-unanimous,L2,L2,L2,L2,L2,11,L2,0.97268856
efb8789b-7230-4070-a32a-b024175dfa18.jpg,71/efb8789b-7230-4070-a32a-b024175dfa18.jpg,71,S-unanimous,S-unanimous,G3,G3,G3,G3,G3,8,G3,0.97703844
d1dcefc9-51da-4ba4-8ab2-56fa3c9962ca.jpg,71/d1dcefc9-51da-4ba4-8ab2-56fa3c9962ca.jpg,71,S-unanimous,S-unanimous,A3,A3,A3,A3,A3,2,A3,0.98797625
b0437549-5eb5-4ac6-b5f7-eccbea6fb3ae.jpg,71/b0437549-5eb5-4ac6-b5f7-eccbea6fb3ae.jpg,71,S-unanimous,S-unanimous,P3,P3,P3,P3,P3,19,P3,0.8963799
0b7ef7a8-4d5c-4b18-9615-5aa21ab18f04.jpg,71/0b7ef7a8-4d5c-4b18-9615-5aa21ab18f04.jpg,71,S-unanimous,S-unanimous,L3,L3,L3,L3,L3,12,L3,0.6005612
cc3cc6c2-2752-4631-9057-f3f1a9807fdf.jpg,71/cc3cc6c2-2752-4631-9057-f3f1a9807fdf.jpg,71,S-majority,S-majority,A6,A6,L6,A6,A6,15,L6,0.52326053
e1bd87a7-56f8-4856-b775-e9cc56ec88ae.jpg,71/e1bd87a7-56f8-4856-b775-e9cc56ec88ae.jpg,71,S-majority,S-majority,L6,L6,P6,L6,L6,15,L6,0.99986506
c82fd53e-71f9-49fd-af1a-208c00b7492e.jpg,71/c82fd53e-71f9-49fd-af1a-208c00b7492e.jpg,71,S-unanimous,S-unanimous,P6,P6,P6,P6,P6,22,P6,0.9993994
b7a17ffa-6bd6-4f8a-aecc-cc3cb209d625.jpg,71/b7a17ffa-6bd6-4f8a-aecc-cc3cb209d625.jpg,71,S-unanimous,S-unanimous,L4,L4,L4,L4,L4,13,L4,0.99890745
f8d46957-8347-4993-b294-6b5a5f122982.jpg,71/f8d46957-8347-4993-b294-6b5a5f122982.jpg,71,S-majority,S-majority,A4,L4,A4,A4,A4,3,A4,0.82757515
2104fa51-2a21-4e14-a5db-28dd9ed4ae27.jpg,71/2104fa51-2a21-4e14-a5db-28dd9ed4ae27.jpg,71,S-unanimous,S-unanimous,P4,P4,P4,P4,P4,20,P4,0.99594766
f488f09d-553e-4807-8b24-0c3ffd52ec14.jpg,71/f488f09d-553e-4807-8b24-0c3ffd52ec14.jpg,71,S-unanimous,S-unanimous,A5,A5,A5,A5,A5,4,A5,0.93339485
6d0d3613-dc0d-4614-99e8-c69cd69b19de.jpg,71/6d0d3613-dc0d-4614-99e8-c69cd69b19de.jpg,71,S-unanimous,S-unanimous,L5,L5,L5,L5,L5,14,L5,0.98122656
09e226bb-3edf-41ea-ac01-26a58cdef62f.jpg,71/09e226bb-3edf-41ea-ac01-26a58cdef62f.jpg,71,S-unanimous,S-unanimous,P5,P5,P5,P5,P5,21,P5,0.9975205
89b7483b-48ad-4282-b880-788ad306a555.jpg,71/89b7483b-48ad-4282-b880-788ad306a555.jpg,71,S-unanimous,S-unanimous,G4,G4,G4,G4,G4,9,G4,0.9973296
ee28cdee-15d2-42e2-add6-150d7eb8a013.jpg,71/ee28cdee-15d2-42e2-add6-150d7eb8a013.jpg,71,S-unanimous,S-unanimous,OTHERCLASS,OTHERCLASS,OTHERCLASS,OTHERCLASS,OTHERCLASS,16,OTHERCLASS,0.9998535
4e899899-2b31-4419-99aa-1de92ea8c94d.jpg,71/4e899899-2b31-4419-99aa-1de92ea8c94d.jpg,71,S-unanimous,S-unanimous,OTHERCLASS,OTHERCLASS,OTHERCLASS,OTHERCLASS,OTHERCLASS,16,OTHERCLASS,0.44459766
dfe3b32a-1769-4816-906c-d6804b5cfb93.jpg,71/dfe3b32a-1769-4816-906c-d6804b5cfb93.jpg,71,S-unanimous,S-unanimous,OTHERCLASS,OTHERCLASS,OTHERCLASS,OTHERCLASS,OTHERCLASS,17,P1,0.75041634
08d7b76c-78ef-4e94-9131-59a40c2a21d2.jpg,74/08d7b76c-78ef-4e94-9131-59a40c2a21d2.jpg,74,S-majority,S-majority,L1,L1,OTHERCLASS,L1,L1,10,L1,0.978161
7ede06dd-9e48-4987-b6aa-b76775c25a18.jpg,74/7ede06dd-9e48-4987-b6aa-b76775c25a18.jpg,74,S-unanimous,S-unanimous,P1,P1,P1,P1,P1,22,P6,0.8032438
e382a757-443e-4f80-bc7f-940b0a18a024.jpg,74/e382a757-443e-4f80-bc7f-940b0a18a024.jpg,74,S-majority,S-majority,G1,G1,OTHERCLASS,G1,G1,17,P1,0.35500467
ddbd3012-4238-4249-a4e0-f0f233494b52.jpg,74/ddbd3012-4238-4249-a4e0-f0f233494b52.jpg,74,S-unanimous,S-unanimous,A1,A1,A1,A1,A1,0,A1,0.94391316
2d7d5f45-a7a4-4dc1-8409-d0b9444ddaed.jpg,74/2d7d5f45-a7a4-4dc1-8409-d0b9444ddaed.jpg,74,S-unanimous,S-unanimous,L2,L2,L2,L2,L2,11,L2,0.9409916
6361d971-451d-4c30-b1f9-b50224921f14.jpg,74/6361d971-451d-4c30-b1f9-b50224921f14.jpg,74,S-unanimous,S-unanimous,P2,P2,P2,P2,P2,18,P2,0.9961972
024cc792-823a-42cc-9ac8-074f5b8231a4.jpg,74/024cc792-823a-42cc-9ac8-074f5b8231a4.jpg,74,S-unanimous,S-unanimous,G2,G2,G2,G2,G2,7,G2,0.983667
72b60e08-f9c4-4e26-affe-a1850fce04e5.jpg,74/72b60e08-f9c4-4e26-affe-a1850fce04e5.jpg,74,S-unanimous,S-unanimous,A2,A2,A2,A2,A2,1,A2,0.9922793
653681c8-a435-40e9-98cc-a4c31d0c39d8.jpg,74/653681c8-a435-40e9-98cc-a4c31d0c39d8.jpg,74,S-unanimous,S-unanimous,A3,A3,A3,A3,A3,2,A3,0.7648143
8c1a95a9-1d28-4b2b-a33c-05da723c9920.jpg,74/8c1a95a9-1d28-4b2b-a33c-05da723c9920.jpg,74,S-unanimous,S-unanimous,L3,L3,L3,L3,L3,11,L2,0.7614976
03237104-6bb7-43a1-a8d8-f92344e5e5ed.jpg,74/03237104-6bb7-43a1-a8d8-f92344e5e5ed.jpg,74,S-unanimous,S-unanimous,P3,P3,P3,P3,P3,19,P3,0.6549443
043faeb5-0cf1-49fd-82cf-1a5ee7ef48f5.jpg,74/043faeb5-0cf1-49fd-82cf-1a5ee7ef48f5.jpg,74,S-unanimous,S-unanimous,G3,G3,G3,G3,G3,7,G2,0.9573272
3c5b192b-d199-400f-8469-b7d677553d25.jpg,74/3c5b192b-d199-400f-8469-b7d677553d25.jpg,74,S-plurality,S-plurality,OTHERCLASS,P4,OTHERCLASS,G4,OTHERCLASS,20,P4,0.7509786
617810f2-00a8-4f88-ae8d-be8c26cf9e26.jpg,74/617810f2-00a8-4f88-ae8d-be8c26cf9e26.jpg,74,S-plurality,S-plurality,G4,A4,G4,P4,G4,9,G4,0.8712153
519a0f86-eb7e-41b4-95ff-e42ccba657c7.jpg,74/519a0f86-eb7e-41b4-95ff-e42ccba657c7.jpg,74,S-majority,S-majority,G4,G4,G4,G4,OTHERCLASS,9,G4,0.27898344
b1b8b351-5492-482a-9e17-a1448bf8dc24.jpg,74/b1b8b351-5492-482a-9e17-a1448bf8dc24.jpg,74,S-majority,S-majority,P4,L4,P4,P4,P4,20,P4,0.9684219
4c5e5d38-3d36-4134-94eb-779635e904ec.jpg,74/4c5e5d38-3d36-4134-94eb-779635e904ec.jpg,74,S-majority,S-majority,A5,A5,A5,A5,OTHERCLASS,4,A5,0.8954059
f387fed8-8b60-4850-a3a9-e1b2ab7f805b.jpg,74/f387fed8-8b60-4850-a3a9-e1b2ab7f805b.jpg,74,S-majority,S-majority,L5,L5,L5,L5,OTHERCLASS,4,A5,0.95454746
c2882037-a809-4d60-b002-1bcce76c9a4f.jpg,74/c2882037-a809-4d60-b002-1bcce76c9a4f.jpg,74,S-unanimous,S-unanimous,P5,P5,P5,P5,P5,21,P5,0.9865574
fef1d3ca-b73f-469a-9d0a-5a63d26ca9ef.jpg,74/fef1d3ca-b73f-469a-9d0a-5a63d26ca9ef.jpg,74,S-majority,S-majority,L6,A6,L6,L6,L6,15,L6,0.55635583
9e9f3e34-350d-4d19-a228-0123a6fc9f72.jpg,74/9e9f3e34-350d-4d19-a228-0123a6fc9f72.jpg,74,S-unanimous,S-unanimous,P6,P6,P6,P6,P6,22,P6,0.64222664
66e32bef-2a2a-41ee-90e5-25c4c09e3915.jpg,74/66e32bef-2a2a-41ee-90e5-25c4c09e3915.jpg,74,S-majority,S-majority,A6,L6,A6,A6,A6,5,A6,0.6412084
2a3c2999-5ab4-4ed9-b003-dfecd9b1d01b.jpg,80/2a3c2999-5ab4-4ed9-b003-dfecd9b1d01b.jpg,80,S-majority,S-majority,L1,L1,L1,P1,L1,10,L1,0.8799963
e1a1f5da-6b8f-4efe-8948-809f17e6cd35.jpg,80/e1a1f5da-6b8f-4efe-8948-809f17e6cd35.jpg,80,S-majority,S-majority,A1,A1,G1,A1,A1,0,A1,0.98651576
8bdfe584-bbd3-4471-b2aa-3eb242436931.jpg,80/8bdfe584-bbd3-4471-b2aa-3eb242436931.jpg,80,S-unanimous,S-unanimous,G1,G1,G1,G1,G1,6,G1,0.9915092
8d42cab7-4250-4392-9a70-00693872dc1b.jpg,80/8d42cab7-4250-4392-9a70-00693872dc1b.jpg,80,S-plurality,S-plurality,P1,P1,A1,L1,P1,10,L1,0.7065249
37512e3a-a9f7-43d3-ab15-54c2c4b783a6.jpg,80/37512e3a-a9f7-43d3-ab15-54c2c4b783a6.jpg,80,S-plurality,S-plurality,A2,A2,OTHERCLASS,A2,G2,7,G2,0.8452289
3a613869-dc3f-4ed9-898d-28674fd59802.jpg,80/3a613869-dc3f-4ed9-898d-28674fd59802.jpg,80,S-majority,S-majority,A2,A2,OTHERCLASS,A2,A2,1,A2,0.99750656
bc3a072c-7beb-4bbb-9c6b-520163b3fca7.jpg,80/bc3a072c-7beb-4bbb-9c6b-520163b3fca7.jpg,80,S-majority,S-majority,G2,G2,OTHERCLASS,G2,G2,7,G2,0.986169
f876fd75-3d2c-4144-ba21-412421dc96aa.jpg,80/f876fd75-3d2c-4144-ba21-412421dc96aa.jpg,80,S-majority,S-majority,L2,L2,A2,L2,L2,18,P2,0.49149185
e1e38ecb-8a5a-4596-b8bc-f7b385201025.jpg,80/e1e38ecb-8a5a-4596-b8bc-f7b385201025.jpg,80,S-majority,S-majority,P2,P2,G2,P2,P2,7,G2,0.562585
853d6fbf-0360-4da0-a6ce-b3a88b438a29.jpg,80/853d6fbf-0360-4da0-a6ce-b3a88b438a29.jpg,80,S-unanimous,S-unanimous,G3,G3,G3,G3,G3,8,G3,0.99857485
dfc97e7c-80b5-4f1a-b7d4-125ce450a824.jpg,80/dfc97e7c-80b5-4f1a-b7d4-125ce450a824.jpg,80,S-unanimous,S-unanimous,A3,A3,A3,A3,A3,2,A3,0.9896422
bbeb5ae2-87a5-4505-ad06-96ba225f56fd.jpg,80/bbeb5ae2-87a5-4505-ad06-96ba225f56fd.jpg,80,S-unanimous,S-unanimous,L3,L3,L3,L3,L3,19,P3,0.577879
56367db4-7b25-418e-9f10-28f6f471fff3.jpg,80/56367db4-7b25-418e-9f10-28f6f471fff3.jpg,80,S-unanimous,S-unanimous,P3,P3,P3,P3,P3,19,P3,0.99508154
58c758d1-dbda-4ccd-b773-fb176a6b6c16.jpg,80/58c758d1-dbda-4ccd-b773-fb176a6b6c16.jpg,80,S-unanimous,S-unanimous,A6,A6,A6,A6,A6,15,L6,0.67906183
d08a6209-d99f-46da-86d4-99147e3f5d2d.jpg,80/d08a6209-d99f-46da-86d4-99147e3f5d2d.jpg,80,S-unanimous,S-unanimous,L6,L6,L6,L6,L6,15,L6,0.9995869
f8d7cd2c-c86b-4dbc-9359-2ce298892468.jpg,80/f8d7cd2c-c86b-4dbc-9359-2ce298892468.jpg,80,S-unanimous,S-unanimous,P6,P6,P6,P6,P6,22,P6,0.99998903
120f2c68-68fd-4c72-a2bc-b3440ab3a199.jpg,80/120f2c68-68fd-4c72-a2bc-b3440ab3a199.jpg,80,S-unanimous,S-unanimous,P4,P4,P4,P4,P4,20,P4,0.9985343
ba3c09a1-623b-418f-bcc1-c97b2546c1a4.jpg,80/ba3c09a1-623b-418f-bcc1-c97b2546c1a4.jpg,80,S-unanimous,S-unanimous,L4,L4,L4,L4,L4,13,L4,0.9972465
f341ab29-1f86-4394-a35e-c25028e0ca58.jpg,80/f341ab29-1f86-4394-a35e-c25028e0ca58.jpg,80,S-unanimous,S-unanimous,A4,A4,A4,A4,A4,3,A4,0.9963934
04408f60-54b0-44eb-a0fa-8150d103efbb.jpg,80/04408f60-54b0-44eb-a0fa-8150d103efbb.jpg,80,S-unanimous,S-unanimous,G4,G4,G4,G4,G4,9,G4,0.9994505
d565fbef-e66b-42e5-94c5-bf318f97aee9.jpg,80/d565fbef-e66b-42e5-94c5-bf318f97aee9.jpg,80,S-unanimous,S-unanimous,A5,A5,A5,A5,A5,4,A5,0.7436993
d21e7852-d1e0-4366-a3f3-72d23822d0e2.jpg,80/d21e7852-d1e0-4366-a3f3-72d23822d0e2.jpg,80,S-unanimous,S-unanimous,L5,L5,L5,L5,L5,14,L5,0.67136616
f62e494e-8021-4392-ba97-40c177fd9493.jpg,80/f62e494e-8021-4392-ba97-40c177fd9493.jpg,80,S-unanimous,S-unanimous,P5,P5,P5,P5,P5,21,P5,0.99785125
ce24d990-00c9-48d2-933b-ff7828cc9b06.jpg,88/ce24d990-00c9-48d2-933b-ff7828cc9b06.jpg,88,S-unanimous,S-unanimous,OTHERCLASS,OTHERCLASS,OTHERCLASS,OTHERCLASS,OTHERCLASS,16,OTHERCLASS,0.9972792
9dbfb198-5bc4-4c87-af3c-5cd0a8faa268.jpg,88/9dbfb198-5bc4-4c87-af3c-5cd0a8faa268.jpg,88,S-plurality,S-plurality,OTHERCLASS,G3,OTHERCLASS,OTHERCLASS,A3,7,G2,0.6147017
5dbd8ea6-eb2a-417d-ab7f-e2aa4247dd56.jpg,88/5dbd8ea6-eb2a-417d-ab7f-e2aa4247dd56.jpg,88,S-unanimous,S-unanimous,OTHERCLASS,OTHERCLASS,OTHERCLASS,OTHERCLASS,OTHERCLASS,7,G2,0.794306
52ab27c4-6ca8-4bc5-badf-73509d48ede8.jpg,88/52ab27c4-6ca8-4bc5-badf-73509d48ede8.jpg,88,S-unanimous,S-unanimous,OTHERCLASS,OTHERCLASS,OTHERCLASS,OTHERCLASS,OTHERCLASS,11,L2,0.9658166
4a23f73f-4c3e-416c-9eca-16edc711e252.jpg,88/4a23f73f-4c3e-416c-9eca-16edc711e252.jpg,88,S-majority,S-majority,L1,L1,A1,L1,L1,10,L1,0.96660566
9158655c-6639-48e5-b6c5-0ce12b64956b.jpg,88/9158655c-6639-48e5-b6c5-0ce12b64956b.jpg,88,S-tied,S-no-majority,,P1,OTHERCLASS,P1,OTHERCLASS,17,P1,0.56600016
37a3ecb4-4d65-4371-9105-5103f242dd70.jpg,88/37a3ecb4-4d65-4371-9105-5103f242dd70.jpg,88,S-majority,S-majority,G1,G1,G1,G1,P1,6,G1,0.99927455
2ea63393-9c68-4e00-a4ca-524b00db1785.jpg,88/2ea63393-9c68-4e00-a4ca-524b00db1785.jpg,88,S-unanimous,S-unanimous,A1,A1,A1,A1,A1,0,A1,0.9999193
0c8b4b31-3e78-4a54-8ada-1f827c313b5f.jpg,88/0c8b4b31-3e78-4a54-8ada-1f827c313b5f.jpg,88,S-tied,S-no-majority,,G2,G1,G2,G1,6,G1,0.7219709
17493e77-ec79-4883-b5e2-6b408b94ad94.jpg,88/17493e77-ec79-4883-b5e2-6b408b94ad94.jpg,88,S-majority,S-majority,P2,P2,P1,P2,P2,17,P1,0.9658757
19f84faa-4593-4c8f-ba31-848b73661ae6.jpg,88/19f84faa-4593-4c8f-ba31-848b73661ae6.jpg,88,S-majority,S-majority,A2,A2,G2,A2,A2,1,A2,0.6281877
b13188cf-2a91-4600-a6ea-e7312e579644.jpg,88/b13188cf-2a91-4600-a6ea-e7312e579644.jpg,88,S-unanimous,S-unanimous,L2,L2,L2,L2,L2,11,L2,0.9682322
1a235b48-98d6-4942-89e9-b4654eaacebd.jpg,88/1a235b48-98d6-4942-89e9-b4654eaacebd.jpg,88,S-majority,S-majority,L3,L3,L3,L3,P3,12,L3,0.58064103
81160ded-e1dc-4bc4-a8d9-daa9b58ff9b2.jpg,88/81160ded-e1dc-4bc4-a8d9-daa9b58ff9b2.jpg,88,S-unanimous,S-unanimous,L3,L3,L3,L3,L3,12,L3,0.8678487
47a114a9-aa28-4055-a596-e005b533ea41.jpg,88/47a114a9-aa28-4055-a596-e005b533ea41.jpg,88,S-tied,S-no-majority,,P3,OTHERCLASS,P3,OTHERCLASS,19,P3,0.76220256
b6c2c169-260f-4bb2-b294-69e66e04b668.jpg,88/b6c2c169-260f-4bb2-b294-69e66e04b668.jpg,88,S-majority,S-majority,G3,G3,G3,G3,G2,7,G2,0.9162217
f2bd383e-0370-4b6d-b665-0851a2482aa1.jpg,88/f2bd383e-0370-4b6d-b665-0851a2482aa1.jpg,88,S-unanimous,S-unanimous,A3,A3,A3,A3,A3,2,A3,0.5496711
08c49051-86dc-4d46-9ac2-b497db7f6d7a.jpg,88/08c49051-86dc-4d46-9ac2-b497db7f6d7a.jpg,88,S-unanimous,S-unanimous,G4,G4,G4,G4,G4,9,G4,0.985837
33363a88-6adb-40a2-b330-3a0c3eba6a04.jpg,88/33363a88-6adb-40a2-b330-3a0c3eba6a04.jpg,88,S-majority,S-majority,A4,A4,A4,A4,G4,3,A4,0.98945904
ae7308a3-90ef-41c4-8a11-f78d2a5dbc71.jpg,88/ae7308a3-90ef-41c4-8a11-f78d2a5dbc71.jpg,88,S-majority,S-majority,G4,G4,G4,P4,G4,6,G1,0.45404693
d67dbe21-c2b8-4d37-a0b9-91a796d12c31.jpg,88/d67dbe21-c2b8-4d37-a0b9-91a796d12c31.jpg,88,S-majority,S-majority,G4,P4,G4,G4,G4,9,G4,0.9889553
3e9a9a65-59d7-471e-a8b8-cac39d5eb511.jpg,88/3e9a9a65-59d7-471e-a8b8-cac39d5eb511.jpg,88,S-tied,S-no-majority,,L4,L5,L4,L5,14,L5,0.9246163
d38f9591-17c6-426a-8511-914898195a47.jpg,88/d38f9591-17c6-426a-8511-914898195a47.jpg,88,S-majority,S-majority,L4,L4,L5,L4,L4,13,L4,0.99379843
0841e64e-41ae-4bd9-8d0c-a354c3cdd35d.jpg,88/0841e64e-41ae-4bd9-8d0c-a354c3cdd35d.jpg,88,S-unanimous,S-unanimous,A5,A5,A5,A5,A5,4,A5,0.81889844
38e2d941-921b-4ff3-b598-c407bb13f3c4.jpg,88/38e2d941-921b-4ff3-b598-c407bb13f3c4.jpg,88,S-majority,S-majority,P5,L5,P5,P5,P5,20,P4,0.8544967
2da9cdc0-e408-467b-8449-c1bd5ba6d16a.jpg,88/2da9cdc0-e408-467b-8449-c1bd5ba6d16a.jpg,88,S-unanimous,S-unanimous,A4,A4,A4,A4,A4,3,A4,0.9939131
3780553f-b8b7-496e-9aa2-f7332662bed3.jpg,88/3780553f-b8b7-496e-9aa2-f7332662bed3.jpg,88,S-unanimous,S-unanimous,L6,L6,L6,L6,L6,22,P6,0.42902222
317ed707-930d-4dcf-bd9a-41ba336caa24.jpg,88/317ed707-930d-4dcf-bd9a-41ba336caa24.jpg,88,S-unanimous,S-unanimous,P6,P6,P6,P6,P6,22,P6,0.9998605
1d825e61-ab86-495d-8d20-b8a105decb44.jpg,88/1d825e61-ab86-495d-8d20-b8a105decb44.jpg,88,S-unanimous,S-unanimous,A6,A6,A6,A6,A6,11,L2,0.5286865
6dee6418-09d8-4a52-856a-c33f8799963f.jpg,94/6dee6418-09d8-4a52-856a-c33f8799963f.jpg,94,S-majority,S-majority,G1,G1,G1,G1,A1,6,G1,0.50423414
3c57c88c-042d-4f07-a2a6-22bd5077ea9a.jpg,94/3c57c88c-042d-4f07-a2a6-22bd5077ea9a.jpg,94,S-unanimous,S-unanimous,A1,A1,A1,A1,A1,10,L1,0.58318955
eaa1720c-e1d1-49a7-9044-640d27afc4d3.jpg,94/eaa1720c-e1d1-49a7-9044-640d27afc4d3.jpg,94,S-majority,S-majority,G3,G3,P3,G3,G3,8,G3,0.743048
10a83837-bee5-4d67-823f-293e040049ff.jpg,94/10a83837-bee5-4d67-823f-293e040049ff.jpg,94,S-plurality,S-plurality,OTHERCLASS,P3,OTHERCLASS,OTHERCLASS,L3,19,P3,0.38527447
568f8778-d9b0-4118-ac72-2b83e95a7f92.jpg,94/568f8778-d9b0-4118-ac72-2b83e95a7f92.jpg,94,S-majority,S-majority,A3,A3,G3,A3,A3,8,G3,0.9060189
bb19caac-e633-48db-990c-8d0f2d5af0fa.jpg,94/bb19caac-e633-48db-990c-8d0f2d5af0fa.jpg,94,S-plurality,S-plurality,L5,L5,A5,G4,L5,4,A5,0.89392203
30a134b1-bce7-484c-a1c0-fb60e5ceb22b.jpg,94/30a134b1-bce7-484c-a1c0-fb60e5ceb22b.jpg,94,S-majority,S-majority,A4,A4,G4,A4,A4,4,A5,0.4494546
c815bbee-5690-4c21-bb55-c280a418ee89.jpg,94/c815bbee-5690-4c21-bb55-c280a418ee89.jpg,94,S-majority,S-majority,A5,A5,A5,P5,A5,4,A5,0.9453291
c7e6b61f-0894-4cd8-b497-1adc7b4f977e.jpg,94/c7e6b61f-0894-4cd8-b497-1adc7b4f977e.jpg,94,S-plurality,S-plurality,A5,A5,A4,L4,A5,13,L4,0.5903367
fe1b2e84-3820-4b89-acf5-0d6ed0c25830.jpg,94/fe1b2e84-3820-4b89-acf5-0d6ed0c25830.jpg,94,S-majority,S-majority,P4,P4,P4,P4,G4,20,P4,0.90949696
ea8dc550-8600-4e1c-9c81-529926d76d02.jpg,94/ea8dc550-8600-4e1c-9c81-529926d76d02.jpg,94,S-unanimous,S-unanimous,A4,A4,A4,A4,A4,3,A4,0.899778
c92204bc-04af-4288-b37a-3d18fecc2c09.jpg,94/c92204bc-04af-4288-b37a-3d18fecc2c09.jpg,94,S-tied,S-no-majority,,L2,L3,L3,L2,11,L2,0.7851695
cec5a104-95b7-4643-9608-d8ca1c65a304.jpg,94/cec5a104-95b7-4643-9608-d8ca1c65a304.jpg,94,S-plurality,S-plurality,P2,P2,P3,OTHERCLASS,P2,12,L3,0.4344
b2e288bf-836d-4acd-9426-03c1402ce703.jpg,94/b2e288bf-836d-4acd-9426-03c1402ce703.jpg,94,S-unanimous,S-unanimous,L1,L1,L1,L1,L1,10,L1,0.8458552
55a14f04-004f-49d4-aab0-478143ea6442.jpg,94/55a14f04-004f-49d4-aab0-478143ea6442.jpg,94,S-plurality,S-plurality,A2,A2,A1,G2,A2,6,G1,0.9888075
f0e810d9-05b8-4075-b829-03cda3932b55.jpg,94/f0e810d9-05b8-4075-b829-03cda3932b55.jpg,94,S-plurality,S-plurality,A2,G2,A2,OTHERCLASS,A2,1,A2,0.4251022
32ac4b15-89dd-4b77-887d-6204650a5a52.jpg,94/32ac4b15-89dd-4b77-887d-6204650a5a52.jpg,94,S-unanimous,S-unanimous,P1,P1,P1,P1,P1,18,P2,0.81480515
1d4ed685-c29f-4f45-a4bd-5e010b7aa80a.jpg,94/1d4ed685-c29f-4f45-a4bd-5e010b7aa80a.jpg,94,S-unanimous,S-unanimous,G1,G1,G1,G1,G1,6,G1,0.98685455
2b400d8a-4d76-495a-8be0-c0f766b53c76.jpg,94/2b400d8a-4d76-495a-8be0-c0f766b53c76.jpg,94,S-plurality,S-plurality,G2,G3,G2,P2,G2,19,P3,0.7421374
aea87c6c-45df-4398-bae0-34c6f2244f9a.jpg,94/aea87c6c-45df-4398-bae0-34c6f2244f9a.jpg,94,S-majority,S-majority,A2,A2,A3,A2,A2,1,A2,0.7210095
58871a02-bfce-4e28-ad47-e061df7d19aa.jpg,94/58871a02-bfce-4e28-ad47-e061df7d19aa.jpg,94,S-majority,S-majority,P2,P2,P2,P1,P2,17,P1,0.909153
5a87b644-d75f-47d8-8760-5714cded3a2a.jpg,101/5a87b644-d75f-47d8-8760-5714cded3a2a.jpg,101,S-plurality,S-plurality,OTHERCLASS,A1,OTHERCLASS,P1,OTHERCLASS,16,OTHERCLASS,0.5001579
f190ac99-db21-410c-bb46-579e8b734fcd.jpg,101/f190ac99-db21-410c-bb46-579e8b734fcd.jpg,101,S-tied,S-no-majority,,G1,OTHERCLASS,G1,OTHERCLASS,9,G4,0.5939319
f3e72fbe-aa11-4d4f-b5ab-ff266529f608.jpg,101/f3e72fbe-aa11-4d4f-b5ab-ff266529f608.jpg,101,S-plurality,S-plurality,G2,OTHERCLASS,P1,G2,G2,6,G1,0.8461419
b52555e1-16fb-4e10-ad52-2f9ef31e5efa.jpg,101/b52555e1-16fb-4e10-ad52-2f9ef31e5efa.jpg,101,S-plurality,S-plurality,OTHERCLASS,L4,OTHERCLASS,G4,OTHERCLASS,13,L4,0.7076991
05e51487-ca9a-4490-87dd-4ac3ce2fcc45.jpg,101/05e51487-ca9a-4490-87dd-4ac3ce2fcc45.jpg,101,S-plurality,S-plurality,A4,A4,A6,A4,OTHERCLASS,3,A4,0.3870391
32b9778c-a67a-4676-ba36-f5e431b2938a.jpg,101/32b9778c-a67a-4676-ba36-f5e431b2938a.jpg,101,S-plurality,S-plurality,A4,L4,A5,A4,A4,9,G4,0.6218692
0428c281-0601-473f-8295-c8b24e2d0c28.jpg,101/0428c281-0601-473f-8295-c8b24e2d0c28.jpg,101,S-plurality,S-plurality,L4,P4,L6,L4,L4,9,G4,0.6406509
53d65459-3004-411f-bb39-2072a1be564e.jpg,101/53d65459-3004-411f-bb39-2072a1be564e.jpg,101,S-plurality,S-plurality,P3,L5,OTHERCLASS,P3,P3,19,P3,0.8658074
faa5be5e-3019-49e8-9f05-926b2be544f7.jpg,101/faa5be5e-3019-49e8-9f05-926b2be544f7.jpg,101,S-plurality,S-plurality,OTHERCLASS,L2,OTHERCLASS,L1,OTHERCLASS,10,L1,0.9723219
fc1c079a-612f-4e0f-8f1f-c1a3f9cab75a.jpg,101/fc1c079a-612f-4e0f-8f1f-c1a3f9cab75a.jpg,101,S-majority,S-majority,OTHERCLASS,OTHERCLASS,OTHERCLASS,P3,OTHERCLASS,16,OTHERCLASS,0.9239497
9542f52c-dc6c-4867-b6e4-4140108dae62.jpg,101/9542f52c-dc6c-4867-b6e4-4140108dae62.jpg,101,S-majority,S-majority,OTHERCLASS,OTHERCLASS,OTHERCLASS,P3,OTHERCLASS,16,OTHERCLASS,0.4510272
495cc6d7-2bb3-4553-b64b-bc7a3f28e6ae.jpg,101/495cc6d7-2bb3-4553-b64b-bc7a3f28e6ae.jpg,101,S-majority,S-majority,OTHERCLASS,OTHERCLASS,OTHERCLASS,P3,OTHERCLASS,16,OTHERCLASS,0.9864879
65542ed8-0232-4cce-a711-171dde33c75c.jpg,101/65542ed8-0232-4cce-a711-171dde33c75c.jpg,101,S-majority,S-majority,OTHERCLASS,OTHERCLASS,OTHERCLASS,P3,OTHERCLASS,16,OTHERCLASS,0.953531
b7998f9e-b952-4808-aa5f-5d60f2447387.jpg,106/b7998f9e-b952-4808-aa5f-5d60f2447387.jpg,106,S-unanimous,S-unanimous,A1,A1,A1,A1,A1,0,A1,0.9996834
0d97b67a-c518-4bfb-bee8-376088eed77c.jpg,106/0d97b67a-c518-4bfb-bee8-376088eed77c.jpg,106,S-majority,S-majority,G1,G1,L1,G1,G1,17,P1,0.9218424
e72fc204-c04f-493f-9085-67e9ea057b9c.jpg,106/e72fc204-c04f-493f-9085-67e9ea057b9c.jpg,106,S-unanimous,S-unanimous,P1,P1,P1,P1,P1,17,P1,0.9990652
d8091666-0865-4073-8750-2b3b9c8fb3ee.jpg,106/d8091666-0865-4073-8750-2b3b9c8fb3ee.jpg,106,S-unanimous,S-unanimous,L1,L1,L1,L1,L1,22,P6,0.9894628
7639eeb9-1ef3-4a7d-9b69-8493caff4465.jpg,106/7639eeb9-1ef3-4a7d-9b69-8493caff4465.jpg,106,S-unanimous,S-unanimous,A2,A2,A2,A2,A2,1,A2,0.99656564
0223c944-c79c-4d70-8aae-a2fc87439cc2.jpg,106/0223c944-c79c-4d70-8aae-a2fc87439cc2.jpg,106,S-unanimous,S-unanimous,G2,G2,G2,G2,G2,7,G2,0.99557
f1bfe78e-d795-435b-ba0e-32e510288820.jpg,106/f1bfe78e-d795-435b-ba0e-32e510288820.jpg,106,S-majority,S-majority,P2,P2,P2,P2,P1,18,P2,0.9997309
c264640c-e980-4de4-a87a-1e4731b69199.jpg,106/c264640c-e980-4de4-a87a-1e4731b69199.jpg,106,S-unanimous,S-unanimous,L2,L2,L2,L2,L2,11,L2,0.99429107
9ce20081-cb97-4134-a2e2-5207efc58bbd.jpg,106/9ce20081-cb97-4134-a2e2-5207efc58bbd.jpg,106,S-unanimous,S-unanimous,G3,G3,G3,G3,G3,8,G3,0.9998808
3d417422-03f5-40ec-83ab-706f59dc07e9.jpg,106/3d417422-03f5-40ec-83ab-706f59dc07e9.jpg,106,S-unanimous,S-unanimous,A3,A3,A3,A3,A3,2,A3,0.99642867
36ebfc00-d962-4889-9447-801c604afe91.jpg,106/36ebfc00-d962-4889-9447-801c604afe91.jpg,106,S-unanimous,S-unanimous,P3,P3,P3,P3,P3,19,P3,0.9492308
dae366ba-70e7-47d9-8682-0752978f539f.jpg,106/dae366ba-70e7-47d9-8682-0752978f539f.jpg,106,S-unanimous,S-unanimous,L3,L3,L3,L3,L3,12,L3,0.98319477
d1216de5-8df9-48bd-8d6c-6e8143808fca.jpg,106/d1216de5-8df9-48bd-8d6c-6e8143808fca.jpg,106,S-unanimous,S-unanimous,A6,A6,A6,A6,A6,5,A6,0.9999801
345ec4ce-c3d1-484d-9ff4-0cf79b85e6ab.jpg,106/345ec4ce-c3d1-484d-9ff4-0cf79b85e6ab.jpg,106,S-unanimous,S-unanimous,L6,L6,L6,L6,L6,15,L6,0.9843061
844a9f28-f7a3-49f1-9565-22ccae466f0f.jpg,106/844a9f28-f7a3-49f1-9565-22ccae466f0f.jpg,106,S-unanimous,S-unanimous,P6,P6,P6,P6,P6,22,P6,0.99950516
1fa90eb0-1976-4582-8828-ed813f89e0ba.jpg,106/1fa90eb0-1976-4582-8828-ed813f89e0ba.jpg,106,S-unanimous,S-unanimous,P4,P4,P4,P4,P4,20,P4,0.92788106
5c6298e6-153d-43ac-b4ac-8144449dbda7.jpg,106/5c6298e6-153d-43ac-b4ac-8144449dbda7.jpg,106,S-unanimous,S-unanimous,L4,L4,L4,L4,L4,13,L4,0.99012846
523d043d-8fbf-41d7-8542-afe522ba577e.jpg,106/523d043d-8fbf-41d7-8542-afe522ba577e.jpg,106,S-unanimous,S-unanimous,A4,A4,A4,A4,A4,3,A4,0.9895438
943571b1-f66c-4c36-b337-f05ad20c14ac.jpg,106/943571b1-f66c-4c36-b337-f05ad20c14ac.jpg,106,S-unanimous,S-unanimous,G4,G4,G4,G4,G4,9,G4,0.9950075
84181666-47ec-4a0f-8333-81045b5b729d.jpg,106/84181666-47ec-4a0f-8333-81045b5b729d.jpg,106,S-unanimous,S-unanimous,A5,A5,A5,A5,A5,14,L5,0.51877755
ec9c801f-325f-4481-8cc1-6d2110e495d9.jpg,106/ec9c801f-325f-4481-8cc1-6d2110e495d9.jpg,106,S-unanimous,S-unanimous,L5,L5,L5,L5,L5,13,L4,0.66620237
acdb29d6-7f76-4c52-bdb6-779643de7ccd.jpg,106/acdb29d6-7f76-4c52-bdb6-779643de7ccd.jpg,106,S-unanimous,S-unanimous,P5,P5,P5,P5,P5,21,P5,0.7889379
8d49d1e2-736b-424e-abc2-4974eb54b784.jpg,109/8d49d1e2-736b-424e-abc2-4974eb54b784.jpg,109,S-unanimous,S-unanimous,L1,L1,L1,L1,L1,10,L1,0.99852103
7bd28a7a-c0cd-467e-aa55-7a80f2b9fdac.jpg,109/7bd28a7a-c0cd-467e-aa55-7a80f2b9fdac.jpg,109,S-unanimous,S-unanimous,A1,A1,A1,A1,A1,15,L6,0.7062991
6d5332d0-d5d9-4287-9c65-ec6a79e3ce8b.jpg,109/6d5332d0-d5d9-4287-9c65-ec6a79e3ce8b.jpg,109,S-unanimous,S-unanimous,G1,G1,G1,G1,G1,6,G1,0.99936455
0c50c253-5441-4403-a390-adeb422487ef.jpg,109/0c50c253-5441-4403-a390-adeb422487ef.jpg,109,S-unanimous,S-unanimous,P1,P1,P1,P1,P1,18,P2,0.7594798
2d3a5b14-31f0-49f4-8f62-5ea09d35cd31.jpg,109/2d3a5b14-31f0-49f4-8f62-5ea09d35cd31.jpg,109,S-unanimous,S-unanimous,A6,A6,A6,A6,A6,5,A6,0.9956403
af80394a-6cf4-4380-93ba-95df320aab15.jpg,109/af80394a-6cf4-4380-93ba-95df320aab15.jpg,109,S-unanimous,S-unanimous,L6,L6,L6,L6,L6,15,L6,0.9992399
282038f6-4bf3-4a08-bbef-d08a60f16890.jpg,109/282038f6-4bf3-4a08-bbef-d08a60f16890.jpg,109,S-unanimous,S-unanimous,P6,P6,P6,P6,P6,22,P6,0.9873077
2c74049c-3234-4a99-8755-c82971a07a78.jpg,109/2c74049c-3234-4a99-8755-c82971a07a78.jpg,109,S-plurality,S-plurality,P4,P4,P4,G4,P5,20,P4,0.89566463
1b22ad31-a028-4e43-a55e-33e6aed9fb2e.jpg,109/1b22ad31-a028-4e43-a55e-33e6aed9fb2e.jpg,109,S-majority,S-majority,L4,A4,L4,L4,L4,13,L4,0.9872092
957564f4-84a4-442d-a533-133b2729134a.jpg,109/957564f4-84a4-442d-a533-133b2729134a.jpg,109,S-plurality,S-plurality,L4,L4,A4,L4,A5,3,A4,0.5898805
3569679a-34b0-4529-979b-7bf894eeb691.jpg,109/3569679a-34b0-4529-979b-7bf894eeb691.jpg,109,S-majority,S-majority,A4,G4,A4,A4,A4,3,A4,0.9888286
4e5f9a7d-17e2-4c02-a186-bc22d85a218a.jpg,109/4e5f9a7d-17e2-4c02-a186-bc22d85a218a.jpg,109,S-majority,S-majority,L5,A5,L5,L5,L5,14,L5,0.8721702
b32800f8-def6-4407-8160-d2f64d9d1ff2.jpg,109/b32800f8-def6-4407-8160-d2f64d9d1ff2.jpg,109,S-plurality,S-plurality,A5,L5,A5,A5,A4,3,A4,0.8364078
6740a957-2fff-45eb-b3bc-8c8dd55a4d11.jpg,109/6740a957-2fff-45eb-b3bc-8c8dd55a4d11.jpg,109,S-majority,S-majority,G4,A5,G4,G4,G4,9,G4,0.8541253
70036c60-abeb-4046-9a5b-cf07762ba2d1.jpg,109/70036c60-abeb-4046-9a5b-cf07762ba2d1.jpg,109,S-unanimous,S-unanimous,G2,G2,G2,G2,G2,7,G2,0.99388367
8925d193-829a-464d-aa56-3baa57bae6f0.jpg,109/8925d193-829a-464d-aa56-3baa57bae6f0.jpg,109,S-unanimous,S-unanimous,A2,A2,A2,A2,A2,1,A2,0.52016103
10d81d2c-67ad-48b8-ac4e-fc71f66ac24a.jpg,109/10d81d2c-67ad-48b8-ac4e-fc71f66ac24a.jpg,109,S-majority,S-majority,L2,L2,L2,L3,L2,12,L3,0.39787248
2897490a-985c-41ff-9923-a3bedd0dffb1.jpg,109/2897490a-985c-41ff-9923-a3bedd0dffb1.jpg,109,S-unanimous,S-unanimous,P2,P2,P2,P2,P2,18,P2,0.948426
72d0e4b1-4931-4891-909d-1faf5b4dc1b6.jpg,109/72d0e4b1-4931-4891-909d-1faf5b4dc1b6.jpg,109,S-unanimous,S-unanimous,G3,G3,G3,G3,G3,8,G3,0.99878925
e474df49-e6c2-417d-ad82-fec5bc19f66c.jpg,109/e474df49-e6c2-417d-ad82-fec5bc19f66c.jpg,109,S-majority,S-majority,P3,P3,L3,P3,P3,19,P3,0.8145724
07c0430c-1c06-435b-82e0-aba42f3f3ff1.jpg,109/07c0430c-1c06-435b-82e0-aba42f3f3ff1.jpg,109,S-majority,S-majority,L3,L3,OTHERCLASS,L3,L3,16,OTHERCLASS,0.8494673
a47f9e31-96af-4ec3-87e6-b7059cd8eda9.jpg,109/a47f9e31-96af-4ec3-87e6-b7059cd8eda9.jpg,109,S-unanimous,S-unanimous,A3,A3,A3,A3,A3,2,A3,0.8835671
9047c57c-4cfa-4169-8e70-a29ad1f7a1cc.jpg,124/9047c57c-4cfa-4169-8e70-a29ad1f7a1cc.jpg,124,S-plurality,S-plurality,OTHERCLASS,G2,OTHERCLASS,G3,OTHERCLASS,7,G2,0.99798477
0591e6f2-364e-4bfb-a6f9-4f5a6d0e67c5.jpg,124/0591e6f2-364e-4bfb-a6f9-4f5a6d0e67c5.jpg,124,S-plurality,S-plurality,OTHERCLASS,G2,OTHERCLASS,G3,OTHERCLASS,7,G2,0.5070107
89aadbc5-1fa7-4c33-acec-9621c05ddde0.jpg,124/89aadbc5-1fa7-4c33-acec-9621c05ddde0.jpg,124,S-plurality,S-plurality,OTHERCLASS,G2,OTHERCLASS,G3,OTHERCLASS,7,G2,0.9992505
5977213a-6b60-4f43-ae6c-ac64b1a397e2.jpg,124/5977213a-6b60-4f43-ae6c-ac64b1a397e2.jpg,124,S-plurality,S-plurality,OTHERCLASS,L1,OTHERCLASS,L6,OTHERCLASS,10,L1,0.9903126
02874bf8-a8ac-4c61-a630-1b8fde8324da.jpg,124/02874bf8-a8ac-4c61-a630-1b8fde8324da.jpg,124,S-plurality,S-plurality,OTHERCLASS,L1,OTHERCLASS,L6,OTHERCLASS,10,L1,0.8205232
be846bf9-fcc4-4667-b4e7-cbcf2e17c3dc.jpg,124/be846bf9-fcc4-4667-b4e7-cbcf2e17c3dc.jpg,124,S-plurality,S-plurality,OTHERCLASS,L1,OTHERCLASS,L6,OTHERCLASS,10,L1,0.8696272
e973cf95-1292-45cf-8464-9ad5891e1c4e.jpg,124/e973cf95-1292-45cf-8464-9ad5891e1c4e.jpg,124,S-unanimous,S-unanimous,L1,L1,L1,L1,L1,10,L1,0.99904627
95adf0d1-81d0-41cc-a2ac-c39a1d510012.jpg,124/95adf0d1-81d0-41cc-a2ac-c39a1d510012.jpg,124,S-unanimous,S-unanimous,A1,A1,A1,A1,A1,0,A1,0.9999963
4d9992fc-bcbf-4ebc-b511-8c845c5d599f.jpg,124/4d9992fc-bcbf-4ebc-b511-8c845c5d599f.jpg,124,S-majority,S-majority,G1,G1,P1,G1,G1,6,G1,0.99966836
98bf45f9-a249-4018-b6bf-5dd4db7f800f.jpg,124/98bf45f9-a249-4018-b6bf-5dd4db7f800f.jpg,124,S-unanimous,S-unanimous,P1,P1,P1,P1,P1,17,P1,0.9138678
5e169e5b-c8ca-4a45-b204-6784a882ba39.jpg,124/5e169e5b-c8ca-4a45-b204-6784a882ba39.jpg,124,S-unanimous,S-unanimous,L2,L2,L2,L2,L2,11,L2,0.8128635
02bcfcc7-40ea-4649-8e41-375ca1956a0c.jpg,124/02bcfcc7-40ea-4649-8e41-375ca1956a0c.jpg,124,S-unanimous,S-unanimous,A2,A2,A2,A2,A2,2,A3,0.6883754
27af5589-7d33-4a3d-839f-8039c48a267f.jpg,124/27af5589-7d33-4a3d-839f-8039c48a267f.jpg,124,S-majority,S-majority,G2,A2,G2,G2,G2,7,G2,0.73358124
22ada208-9322-4c2d-b080-e5ac4ad61805.jpg,124/22ada208-9322-4c2d-b080-e5ac4ad61805.jpg,124,S-unanimous,S-unanimous,P2,P2,P2,P2,P2,18,P2,0.98635584
6be9aced-ca61-43ad-8cc6-f3ebc9229a33.jpg,124/6be9aced-ca61-43ad-8cc6-f3ebc9229a33.jpg,124,S-dispersed,S-no-majority,,G2,G3,L3,P3,12,L3,0.5127891
4bf879a4-2a2e-49dc-b44e-64f26e7da11a.jpg,124/4bf879a4-2a2e-49dc-b44e-64f26e7da11a.jpg,124,S-unanimous,S-unanimous,A3,A3,A3,A3,A3,2,A3,0.8425774
885cc305-191a-4b3c-8c0f-433323eb85ca.jpg,124/885cc305-191a-4b3c-8c0f-433323eb85ca.jpg,124,S-unanimous,S-unanimous,G3,G3,G3,G3,G3,2,A3,0.63328695
4a3537db-886a-4db8-a61f-4cbd1840f59b.jpg,124/4a3537db-886a-4db8-a61f-4cbd1840f59b.jpg,124,S-plurality,S-plurality,P3,L3,P3,P3,OTHERCLASS,19,P3,0.887145
b7bee728-0f9e-423a-8b73-e3d775df4062.jpg,124/b7bee728-0f9e-423a-8b73-e3d775df4062.jpg,124,S-unanimous,S-unanimous,A6,A6,A6,A6,A6,5,A6,0.9999846
15ceb556-579c-4dec-85da-9b204380a58c.jpg,124/15ceb556-579c-4dec-85da-9b204380a58c.jpg,124,S-majority,S-majority,A6,A6,A6,A6,OTHERCLASS,5,A6,0.9924891
25af0fdb-768a-4cbf-a0ff-90e51699a6ce.jpg,124/25af0fdb-768a-4cbf-a0ff-90e51699a6ce.jpg,124,S-unanimous,S-unanimous,L6,L6,L6,L6,L6,15,L6,0.9996656
3b87b649-2a57-49bb-a209-6eb5c79232e1.jpg,124/3b87b649-2a57-49bb-a209-6eb5c79232e1.jpg,124,S-unanimous,S-unanimous,P6,P6,P6,P6,P6,22,P6,0.9997452
e70955b8-45ed-4661-a78b-2fd45d97f8b8.jpg,124/e70955b8-45ed-4661-a78b-2fd45d97f8b8.jpg,124,S-unanimous,S-unanimous,P4,P4,P4,P4,P4,20,P4,0.99871635
b24a3fd6-b234-4c0a-b26b-b657a7669a7b.jpg,124/b24a3fd6-b234-4c0a-b26b-b657a7669a7b.jpg,124,S-majority,S-majority,L4,L4,L4,L4,OTHERCLASS,13,L4,0.8380411
f37eead0-794b-42d8-8427-637144ad123e.jpg,124/f37eead0-794b-42d8-8427-637144ad123e.jpg,124,S-majority,S-majority,A4,A4,A4,A4,A5,4,A5,0.58784103
b35dc933-8ec7-4c4f-a6ed-7806d21bb9d3.jpg,124/b35dc933-8ec7-4c4f-a6ed-7806d21bb9d3.jpg,124,S-unanimous,S-unanimous,G4,G4,G4,G4,G4,9,G4,0.9996269
38cc418e-a3e2-45ce-af9d-efdd0ec58ed4.jpg,124/38cc418e-a3e2-45ce-af9d-efdd0ec58ed4.jpg,124,S-majority,S-majority,L5,P5,L5,L5,L5,13,L4,0.5350644
b4f499a0-01fd-4204-922f-6e7e77650288.jpg,124/b4f499a0-01fd-4204-922f-6e7e77650288.jpg,124,S-majority,S-majority,L5,L5,L5,L5,L4,4,A5,0.44552
51462699-a6e3-4d67-8673-23ae4be231ea.jpg,124/51462699-a6e3-4d67-8673-23ae4be231ea.jpg,124,S-majority,S-majority,P5,P4,P5,P5,P5,21,P5,0.9990994
05ce4ebf-091a-4312-86ad-288067d04581.jpg,124/05ce4ebf-091a-4312-86ad-288067d04581.jpg,124,S-tied,S-no-majority,,P6,OTHERCLASS,P6,OTHERCLASS,22,P6,0.9016417
f2ac7d76-19df-4a6a-8d63-ccf92e46fe5a.jpg,126/f2ac7d76-19df-4a6a-8d63-ccf92e46fe5a.jpg,126,S-unanimous,S-unanimous,A1,A1,A1,A1,A1,0,A1,0.9989485
4eeca365-8c7f-4e22-b11e-7287e55e640c.jpg,126/4eeca365-8c7f-4e22-b11e-7287e55e640c.jpg,126,S-unanimous,S-unanimous,L1,L1,L1,L1,L1,10,L1,0.99826366
9adaba9e-282e-4be5-ab53-c732c1bf170f.jpg,126/9adaba9e-282e-4be5-ab53-c732c1bf170f.jpg,126,S-unanimous,S-unanimous,P1,P1,P1,P1,P1,17,P1,0.7855729
16b3dabc-449b-4e13-b925-6002fb64bb2e.jpg,126/16b3dabc-449b-4e13-b925-6002fb64bb2e.jpg,126,S-unanimous,S-unanimous,G1,G1,G1,G1,G1,6,G1,0.9997603
f08af514-8001-487b-a989-0a19e07fca21.jpg,126/f08af514-8001-487b-a989-0a19e07fca21.jpg,126,S-unanimous,S-unanimous,A2,A2,A2,A2,A2,1,A2,0.9971282
8d169256-f74b-452f-a2cb-fbb2d7c3e4e3.jpg,126/8d169256-f74b-452f-a2cb-fbb2d7c3e4e3.jpg,126,S-unanimous,S-unanimous,L2,L2,L2,L2,L2,11,L2,0.64200187
4d72696f-d565-4e6c-98ef-fc284931fbf2.jpg,126/4d72696f-d565-4e6c-98ef-fc284931fbf2.jpg,126,S-unanimous,S-unanimous,L2,L2,L2,L2,L2,11,L2,0.57070065
0d588709-ad5a-4f05-a450-95dd02b2ceac.jpg,126/0d588709-ad5a-4f05-a450-95dd02b2ceac.jpg,126,S-unanimous,S-unanimous,P2,P2,P2,P2,P2,11,L2,0.3400709
bc5cc998-4e24-4d63-b7ba-dc8e8b528b6e.jpg,126/bc5cc998-4e24-4d63-b7ba-dc8e8b528b6e.jpg,126,S-majority,S-majority,G3,G3,G2,G3,G3,8,G3,0.71830803
7ade7baf-d8ba-4898-bd76-36471f7f3f8b.jpg,126/7ade7baf-d8ba-4898-bd76-36471f7f3f8b.jpg,126,S-majority,S-majority,A3,A3,G3,A3,A3,2,A3,0.8405426
ada03147-7f75-4660-903e-ef63d94bdb6c.jpg,126/ada03147-7f75-4660-903e-ef63d94bdb6c.jpg,126,S-majority,S-majority,A3,L3,A3,A3,A3,12,L3,0.90913224
d311c0f9-8412-474e-9c58-3bff4bd484d5.jpg,126/d311c0f9-8412-474e-9c58-3bff4bd484d5.jpg,126,S-tied,S-no-majority,,L3,A3,L3,A3,12,L3,0.90201795
908ea70e-485f-4289-af94-6455cc586dc9.jpg,126/908ea70e-485f-4289-af94-6455cc586dc9.jpg,126,S-tied,S-no-majority,,P3,L3,P3,L3,19,P3,0.858461
98fc0083-4479-496f-8893-cc8689861d8d.jpg,126/98fc0083-4479-496f-8893-cc8689861d8d.jpg,126,S-plurality,S-plurality,G3,A3,P3,G3,G3,2,A3,0.93373346
8a6aba86-5e97-48c8-828c-9a36e25cca52.jpg,126/8a6aba86-5e97-48c8-828c-9a36e25cca52.jpg,126,S-tied,S-no-majority,,A4,G4,G4,A4,19,P3,0.48127136
51e446a3-1f15-4aaf-897e-03a33cddd6b2.jpg,126/51e446a3-1f15-4aaf-897e-03a33cddd6b2.jpg,126,S-unanimous,S-unanimous,P4,P4,P4,P4,P4,20,P4,0.9972498
61c74e99-4a3c-427e-bad9-4d5d04460030.jpg,126/61c74e99-4a3c-427e-bad9-4d5d04460030.jpg,126,S-majority,S-majority,A4,A5,A4,A4,A4,19,P3,0.7525193
1582d051-23a0-4d03-a342-b5a2e493e231.jpg,126/1582d051-23a0-4d03-a342-b5a2e493e231.jpg,126,S-majority,S-majority,L4,L5,L4,L4,L4,14,L5,0.9844183
931c60d9-f744-4cbc-a06c-1fac08b0018e.jpg,134/931c60d9-f744-4cbc-a06c-1fac08b0018e.jpg,134,S-unanimous,S-unanimous,A1,A1,A1,A1,A1,0,A1,0.99829036
88b2daa4-3ba9-4ba7-b4d8-6e07d08b4428.jpg,134/88b2daa4-3ba9-4ba7-b4d8-6e07d08b4428.jpg,134,S-unanimous,S-unanimous,L1,L1,L1,L1,L1,10,L1,0.992964
042716b1-1688-419a-9f2f-a266d3abdcb4.jpg,134/042716b1-1688-419a-9f2f-a266d3abdcb4.jpg,134,S-unanimous,S-unanimous,G1,G1,G1,G1,G1,6,G1,0.9996151
5f2a278a-427d-424d-99b1-3a52ae8c5a33.jpg,134/5f2a278a-427d-424d-99b1-3a52ae8c5a33.jpg,134,S-unanimous,S-unanimous,P1,P1,P1,P1,P1,17,P1,0.99858475
8aeb65b3-ca39-4ad7-9430-78feadf398e2.jpg,134/8aeb65b3-ca39-4ad7-9430-78feadf398e2.jpg,134,S-unanimous,S-unanimous,A6,A6,A6,A6,A6,5,A6,0.994899
93faccee-b635-4c42-a7db-8393f95ff6b1.jpg,134/93faccee-b635-4c42-a7db-8393f95ff6b1.jpg,134,S-unanimous,S-unanimous,L6,L6,L6,L6,L6,15,L6,0.99999666
22eaf18d-e700-4572-b2fe-8ecd5c1322fa.jpg,134/22eaf18d-e700-4572-b2fe-8ecd5c1322fa.jpg,134,S-unanimous,S-unanimous,P6,P6,P6,P6,P6,22,P6,0.99953043
f561026a-9ee7-4848-93e5-d737e9ff2e6c.jpg,134/f561026a-9ee7-4848-93e5-d737e9ff2e6c.jpg,134,S-unanimous,S-unanimous,G4,G4,G4,G4,G4,9,G4,0.9748754
ccf5c49c-8e8d-46a9-b7f7-0b7a728705b7.jpg,134/ccf5c49c-8e8d-46a9-b7f7-0b7a728705b7.jpg,134,S-majority,S-majority,L4,L4,L4,A4,L4,13,L4,0.6083827
59c4767a-1a33-4f97-83f6-65d54d4253fe.jpg,134/59c4767a-1a33-4f97-83f6-65d54d4253fe.jpg,134,S-unanimous,S-unanimous,A4,A4,A4,A4,A4,3,A4,0.96523386
940028a2-1f78-429d-8f82-69686d54f49d.jpg,134/940028a2-1f78-429d-8f82-69686d54f49d.jpg,134,S-unanimous,S-unanimous,G4,G4,G4,G4,G4,9,G4,0.99975914
1f9dc100-6c9d-4e7c-a896-06d5cf6c3bd8.jpg,134/1f9dc100-6c9d-4e7c-a896-06d5cf6c3bd8.jpg,134,S-plurality,S-plurality,L5,A5,L5,L4,L5,14,L5,0.9157737
496e192c-eaa0-4af7-82d4-2e42f33309bc.jpg,134/496e192c-eaa0-4af7-82d4-2e42f33309bc.jpg,134,S-majority,S-majority,A5,L5,A5,A5,A5,4,A5,0.9365729
1d537776-4f39-4650-ab4f-51a6021b0981.jpg,134/1d537776-4f39-4650-ab4f-51a6021b0981.jpg,134,S-unanimous,S-unanimous,P5,P5,P5,P5,P5,21,P5,0.9999378
167473e1-6fb9-4e5d-9887-6ccd622ce092.jpg,134/167473e1-6fb9-4e5d-9887-6ccd622ce092.jpg,134,S-unanimous,S-unanimous,A2,A2,A2,A2,A2,1,A2,0.99751943
5712a5f0-cdc6-410f-8b6f-e6da406398d3.jpg,134/5712a5f0-cdc6-410f-8b6f-e6da406398d3.jpg,134,S-unanimous,S-unanimous,G2,G2,G2,G2,G2,7,G2,0.9944186
c16c7357-5840-4a30-897b-678324d82814.jpg,134/c16c7357-5840-4a30-897b-678324d82814.jpg,134,S-unanimous,S-unanimous,P2,P2,P2,P2,P2,18,P2,0.98572713
aba9f3fe-560d-4a51-abe1-9ae83ae33b81.jpg,134/aba9f3fe-560d-4a51-abe1-9ae83ae33b81.jpg,134,S-unanimous,S-unanimous,L2,L2,L2,L2,L2,11,L2,0.9744227
b24ac634-7bd8-4d07-a8bd-4c161681db22.jpg,134/b24ac634-7bd8-4d07-a8bd-4c161681db22.jpg,134,S-unanimous,S-unanimous,G3,G3,G3,G3,G3,8,G3,0.93240905
39a4acca-f243-49ca-afb3-88ef0323da76.jpg,134/39a4acca-f243-49ca-afb3-88ef0323da76.jpg,134,S-unanimous,S-unanimous,A3,A3,A3,A3,A3,2,A3,0.83656776
cf7fc4ac-02c9-4f55-9146-7205e2808f51.jpg,134/cf7fc4ac-02c9-4f55-9146-7205e2808f51.jpg,134,S-unanimous,S-unanimous,L3,L3,L3,L3,L3,12,L3,0.7612828
f6e7fe06-b64a-4507-a8f6-b18a0a57f808.jpg,134/f6e7fe06-b64a-4507-a8f6-b18a0a57f808.jpg,134,S-unanimous,S-unanimous,P3,P3,P3,P3,P3,19,P3,0.95960504
a8b1627a-9b7b-4052-9ac0-a173ae21932f.jpg,137/a8b1627a-9b7b-4052-9ac0-a173ae21932f.jpg,137,S-unanimous,S-unanimous,P4,P4,P4,P4,P4,20,P4,0.9896344
dfa973a8-f00f-4168-95da-cb27faea768c.jpg,137/dfa973a8-f00f-4168-95da-cb27faea768c.jpg,137,S-plurality,S-plurality,A5,L4,OTHERCLASS,A5,A5,18,P2,0.7843811
25f7d39e-d820-479c-8b29-a614d35edb91.jpg,137/25f7d39e-d820-479c-8b29-a614d35edb91.jpg,137,S-unanimous,S-unanimous,A4,A4,A4,A4,A4,3,A4,0.57463
3c0df87e-1959-443f-995f-6726f8a76d68.jpg,137/3c0df87e-1959-443f-995f-6726f8a76d68.jpg,137,S-unanimous,S-unanimous,G4,G4,G4,G4,G4,9,G4,0.9491725
2c75b4ef-7d7c-4317-9825-4a35902c375a.jpg,137/2c75b4ef-7d7c-4317-9825-4a35902c375a.jpg,137,S-majority,S-majority,A5,A4,A5,A5,A5,14,L5,0.8578842
e8c7b922-ba06-4b1b-b4c7-7c825cba70ba.jpg,137/e8c7b922-ba06-4b1b-b4c7-7c825cba70ba.jpg,137,S-majority,S-majority,P5,P4,P5,P5,P5,20,P4,0.8626292
5227f4e5-d929-44b4-874c-4dd8676d7545.jpg,137/5227f4e5-d929-44b4-874c-4dd8676d7545.jpg,137,S-unanimous,S-unanimous,L6,L6,L6,L6,L6,22,P6,0.8817812
3a9d47dd-2e23-4c9b-9154-e47d3373bdfd.jpg,137/3a9d47dd-2e23-4c9b-9154-e47d3373bdfd.jpg,137,S-tied,S-no-majority,,G1,G1,L5,L5,6,G1,0.42110598
7c4cd990-ae16-4414-85fe-43843b6d5d34.jpg,137/7c4cd990-ae16-4414-85fe-43843b6d5d34.jpg,137,S-majority,S-majority,G1,G1,G1,G1,A1,6,G1,0.9905889
90dd1baa-1725-47cd-80b1-f399065ab702.jpg,137/90dd1baa-1725-47cd-80b1-f399065ab702.jpg,137,S-unanimous,S-unanimous,P6,P6,P6,P6,P6,22,P6,0.94768006
caa01b14-665f-4e49-a39b-a6d8e4219a04.jpg,137/caa01b14-665f-4e49-a39b-a6d8e4219a04.jpg,137,S-unanimous,S-unanimous,A6,A6,A6,A6,A6,5,A6,0.9976394
6969d54c-e4b9-441b-be21-241435575344.jpg,137/6969d54c-e4b9-441b-be21-241435575344.jpg,137,S-dispersed,S-no-majority,,G2,G1,P1,P2,17,P1,0.9271947
7d2735d6-d699-4db0-a125-0e21b9c19837.jpg,137/7d2735d6-d699-4db0-a125-0e21b9c19837.jpg,137,S-tied,S-no-majority,,P1,P1,G1,G1,6,G1,0.89960444
46e63534-1b93-46cb-a0a9-8f23ecc58d31.jpg,137/46e63534-1b93-46cb-a0a9-8f23ecc58d31.jpg,137,S-plurality,S-plurality,P1,G1,P1,P1,OTHERCLASS,17,P1,0.8596891
1378c94d-50ac-46c0-b95b-3f2943f2c62f.jpg,137/1378c94d-50ac-46c0-b95b-3f2943f2c62f.jpg,137,S-plurality,S-plurality,P1,P1,L1,P1,OTHERCLASS,17,P1,0.9993886
ecb34de5-5751-4e06-9ca8-95d9d3268141.jpg,137/ecb34de5-5751-4e06-9ca8-95d9d3268141.jpg,137,S-unanimous,S-unanimous,L1,L1,L1,L1,L1,17,P1,0.6181893
eb197b7f-5f20-41ba-a7f1-0ca051081b24.jpg,137/eb197b7f-5f20-41ba-a7f1-0ca051081b24.jpg,137,S-unanimous,S-unanimous,P1,P1,P1,P1,P1,17,P1,0.9999932
68ad53d0-d6ff-4f12-b913-6baa29013727.jpg,137/68ad53d0-d6ff-4f12-b913-6baa29013727.jpg,137,S-majority,S-majority,L2,L2,L2,L2,A2,11,L2,0.83111054
a5e0a408-2eab-4efd-a1d1-f709c4b1d702.jpg,137/a5e0a408-2eab-4efd-a1d1-f709c4b1d702.jpg,137,S-majority,S-majority,A2,A2,A2,A2,OTHERCLASS,1,A2,0.9873261
076ef18f-a7d1-4dea-a543-76c46d524a74.jpg,137/076ef18f-a7d1-4dea-a543-76c46d524a74.jpg,137,S-unanimous,S-unanimous,P3,P3,P3,P3,P3,19,P3,0.9563804
f0b36e82-cd28-4d03-af4e-304968f7d845.jpg,137/f0b36e82-cd28-4d03-af4e-304968f7d845.jpg,137,S-majority,S-majority,A1,A1,A1,A1,OTHERCLASS,6,G1,0.6466344
d8940048-d660-40bd-947d-4100823bbb49.jpg,137/d8940048-d660-40bd-947d-4100823bbb49.jpg,137,S-majority,S-majority,P2,P2,P2,P2,L2,19,P3,0.50253814
e7604dbb-46f7-4951-a279-cd21c04c7aad.jpg,137/e7604dbb-46f7-4951-a279-cd21c04c7aad.jpg,137,S-plurality,S-plurality,L3,P2,L3,P3,L3,12,L3,0.9391257
d7146dae-a06d-4f63-82e3-b83e8a47f0c4.jpg,137/d7146dae-a06d-4f63-82e3-b83e8a47f0c4.jpg,137,S-majority,S-majority,A3,A2,A3,A3,A3,2,A3,0.48528767
58ad0c6e-94f4-4a50-a9d1-29c06dd7ca51.jpg,137/58ad0c6e-94f4-4a50-a9d1-29c06dd7ca51.jpg,137,S-unanimous,S-unanimous,G3,G3,G3,G3,G3,8,G3,0.7870101
0a3fac9b-2150-432d-b6b3-b85ff8d6c169.jpg,137/0a3fac9b-2150-432d-b6b3-b85ff8d6c169.jpg,137,S-unanimous,S-unanimous,G2,G2,G2,G2,G2,19,P3,0.78013104
2e6066fb-b508-496d-8599-55e1e0c7b918.jpg,143/2e6066fb-b508-496d-8599-55e1e0c7b918.jpg,143,S-unanimous,S-unanimous,A1,A1,A1,A1,A1,0,A1,0.7700296
9f720099-d90e-4def-8a38-ad62515380f2.jpg,143/9f720099-d90e-4def-8a38-ad62515380f2.jpg,143,S-unanimous,S-unanimous,L1,L1,L1,L1,L1,10,L1,0.9414148
d76aed26-d3dd-40a9-bdfe-b5771f68fd7d.jpg,143/d76aed26-d3dd-40a9-bdfe-b5771f68fd7d.jpg,143,S-unanimous,S-unanimous,P1,P1,P1,P1,P1,18,P2,0.51935405
43b4358f-5f4a-4543-89d8-ad6ccae36725.jpg,143/43b4358f-5f4a-4543-89d8-ad6ccae36725.jpg,143,S-unanimous,S-unanimous,G1,G1,G1,G1,G1,6,G1,0.9990157
029d591e-41ab-4a52-824c-e060d8bdeec4.jpg,143/029d591e-41ab-4a52-824c-e060d8bdeec4.jpg,143,S-majority,S-majority,P4,P4,P4,P4,G4,9,G4,0.79129535
914fec85-5b03-4542-a6da-cca5cf82f504.jpg,143/914fec85-5b03-4542-a6da-cca5cf82f504.jpg,143,S-unanimous,S-unanimous,G4,G4,G4,G4,G4,9,G4,0.8400473
f6e8bdd3-0311-458c-a87b-6ba2bd8f92cb.jpg,143/f6e8bdd3-0311-458c-a87b-6ba2bd8f92cb.jpg,143,S-tied,S-no-majority,,L4,L4,P4,P4,20,P4,0.88975376
58d7252e-eacd-4980-b0f7-b6d6bc4717ae.jpg,143/58d7252e-eacd-4980-b0f7-b6d6bc4717ae.jpg,143,S-majority,S-majority,L4,L4,A4,L4,L4,13,L4,0.9986852
21e91eef-e5a1-4700-8ee6-b34a4a223eb4.jpg,143/21e91eef-e5a1-4700-8ee6-b34a4a223eb4.jpg,143,S-majority,S-majority,A4,A4,G4,A4,A4,3,A4,0.9716967
ad71a5ec-b561-4c13-8df8-72e04d823a9d.jpg,143/ad71a5ec-b561-4c13-8df8-72e04d823a9d.jpg,143,S-unanimous,S-unanimous,A5,A5,A5,A5,A5,4,A5,0.79432255
91177c3e-1e5f-4758-bacd-f31811ad5752.jpg,143/91177c3e-1e5f-4758-bacd-f31811ad5752.jpg,143,S-unanimous,S-unanimous,L5,L5,L5,L5,L5,14,L5,0.5887543
a1e78cf0-f9f1-44f1-bb01-e4586e39b772.jpg,143/a1e78cf0-f9f1-44f1-bb01-e4586e39b772.jpg,143,S-majority,S-majority,P5,P5,A5,P5,P5,4,A5,0.98127365
545c04aa-53f2-457d-bf5e-1d94a50ae72a.jpg,143/545c04aa-53f2-457d-bf5e-1d94a50ae72a.jpg,143,S-unanimous,S-unanimous,P5,P5,P5,P5,P5,9,G4,0.45872197
39d18552-cb76-4f70-835f-d8e6462df48c.jpg,143/39d18552-cb76-4f70-835f-d8e6462df48c.jpg,143,S-unanimous,S-unanimous,A6,A6,A6,A6,A6,5,A6,0.99936825
e4b0147b-1caa-4647-8240-bf3b24ba99da.jpg,143/e4b0147b-1caa-4647-8240-bf3b24ba99da.jpg,143,S-unanimous,S-unanimous,L6,L6,L6,L6,L6,15,L6,0.9826538
e9200837-3b26-4816-adab-55a5ebfff3cc.jpg,143/e9200837-3b26-4816-adab-55a5ebfff3cc.jpg,143,S-unanimous,S-unanimous,P6,P6,P6,P6,P6,22,P6,0.9998282
14fc70a5-6684-4de1-995e-95726c71737a.jpg,143/14fc70a5-6684-4de1-995e-95726c71737a.jpg,143,S-majority,S-majority,G2,G2,G2,G3,G2,7,G2,0.99873227
46ee6672-4d3d-4077-8dfb-32a9db2bdec1.jpg,143/46ee6672-4d3d-4077-8dfb-32a9db2bdec1.jpg,143,S-majority,S-majority,A2,A2,A2,A3,A2,1,A2,0.95692104
3386fa44-b702-4d1b-9a1b-c2cff7d335cc.jpg,143/3386fa44-b702-4d1b-9a1b-c2cff7d335cc.jpg,143,S-majority,S-majority,L2,L2,L2,L3,L2,11,L2,0.99678457
d0d750a0-c3fe-4bd4-bd37-9229f345ac53.jpg,143/d0d750a0-c3fe-4bd4-bd37-9229f345ac53.jpg,143,S-majority,S-majority,P2,P2,P2,P3,P2,12,L3,0.679247
13a9c90a-43b1-456e-9da0-ca9a6ef2f21e.jpg,143/13a9c90a-43b1-456e-9da0-ca9a6ef2f21e.jpg,143,S-majority,S-majority,G3,G3,G3,G2,G3,8,G3,0.9755204
5513fe9e-9a79-4efa-9bea-5a555fe54efe.jpg,143/5513fe9e-9a79-4efa-9bea-5a555fe54efe.jpg,143,S-plurality,S-plurality,A3,A3,A3,A2,OTHERCLASS,2,A3,0.9218536
6fefe048-74b7-4d51-95eb-539a0b15b110.jpg,143/6fefe048-74b7-4d51-95eb-539a0b15b110.jpg,143,S-plurality,S-plurality,L3,L3,L3,L2,A3,12,L3,0.8427957
991dd4d5-f4a4-4b20-92c6-a6ccf4e72574.jpg,143/991dd4d5-f4a4-4b20-92c6-a6ccf4e72574.jpg,143,S-majority,S-majority,L3,L3,L3,P2,L3,12,L3,0.6285733
23605d9a-d162-40f6-b2e4-03014e8527c9.jpg,143/23605d9a-d162-40f6-b2e4-03014e8527c9.jpg,143,S-majority,S-majority,P3,P3,P3,P2,P3,19,P3,0.9877581
faa794a4-6e32-4a35-ab44-344f9a9c86c8.jpg,143/faa794a4-6e32-4a35-ab44-344f9a9c86c8.jpg,143,S-plurality,S-plurality,G3,G3,G3,A2,OTHERCLASS,8,G3,0.5933858
d7260b5c-c5d3-4691-a738-dc82f6feb32f.jpg,170/d7260b5c-c5d3-4691-a738-dc82f6feb32f.jpg,170,S-majority,S-majority,A1,L1,A1,A1,A1,10,L1,0.76345015
931308b7-a44a-4484-af3d-f4a08e7973ff.jpg,170/931308b7-a44a-4484-af3d-f4a08e7973ff.jpg,170,S-tied,S-no-majority,,G1,L1,G1,L1,10,L1,0.93280137
11db6801-e0c5-423e-b418-cd2d87fc15e8.jpg,170/11db6801-e0c5-423e-b418-cd2d87fc15e8.jpg,170,S-unanimous,S-unanimous,P1,P1,P1,P1,P1,17,P1,0.9844445
23380644-8b23-490e-aeb6-eceea5c6d58e.jpg,170/23380644-8b23-490e-aeb6-eceea5c6d58e.jpg,170,S-unanimous,S-unanimous,G1,G1,G1,G1,G1,0,A1,0.8378953
237640aa-1ad7-40de-9839-c0de7a0e431c.jpg,170/237640aa-1ad7-40de-9839-c0de7a0e431c.jpg,170,S-plurality,S-plurality,A2,A1,G1,A2,A2,0,A1,0.72943956
77808515-5531-4ba7-8752-43dcf639a577.jpg,170/77808515-5531-4ba7-8752-43dcf639a577.jpg,170,S-plurality,S-plurality,L2,L2,G1,L2,OTHERCLASS,11,L2,0.28046843
37b227ec-81b1-4e7e-9dca-db0172ac205d.jpg,170/37b227ec-81b1-4e7e-9dca-db0172ac205d.jpg,170,S-majority,S-majority,OTHERCLASS,G1,OTHERCLASS,OTHERCLASS,OTHERCLASS,16,OTHERCLASS,0.985816
32d4fff8-4806-46e8-a0bc-2eede7a4fbde.jpg,170/32d4fff8-4806-46e8-a0bc-2eede7a4fbde.jpg,170,S-unanimous,S-unanimous,G1,G1,G1,G1,G1,6,G1,0.9791541
bf063f0b-5a45-4eed-80d6-ded035decd80.jpg,170/bf063f0b-5a45-4eed-80d6-ded035decd80.jpg,170,S-majority,S-majority,G2,G2,G2,A3,G2,7,G2,0.557693
e85817e2-9a69-45b0-8214-955a61765ae1.jpg,170/e85817e2-9a69-45b0-8214-955a61765ae1.jpg,170,S-majority,S-majority,L2,L2,L2,L3,L2,11,L2,0.98059034
bace4811-34fd-480b-8fb1-cbfe0815267f.jpg,170/bace4811-34fd-480b-8fb1-cbfe0815267f.jpg,170,S-majority,S-majority,P2,P2,P2,P3,P2,18,P2,0.997442
3c7ff6d0-a034-4d64-821b-43941193c705.jpg,170/3c7ff6d0-a034-4d64-821b-43941193c705.jpg,170,S-tied,S-no-majority,,G2,G3,G3,G2,7,G2,0.97946256
b2a974a9-9cb7-4362-a174-d46900ca5dcc.jpg,170/b2a974a9-9cb7-4362-a174-d46900ca5dcc.jpg,170,S-tied,S-no-majority,,A4,OTHERCLASS,A4,OTHERCLASS,16,OTHERCLASS,0.8173501
b85b0032-7b0f-48dc-8326-3fa424f0cff0.jpg,170/b85b0032-7b0f-48dc-8326-3fa424f0cff0.jpg,170,S-unanimous,S-unanimous,L4,L4,L4,L4,L4,13,L4,0.9989139
92233ead-e33d-4076-b2ec-43725463eb12.jpg,170/92233ead-e33d-4076-b2ec-43725463eb12.jpg,170,S-unanimous,S-unanimous,P4,P4,P4,P4,P4,20,P4,0.99980086
fec6a04a-08a0-4a66-8c63-1f64dd4f0f73.jpg,170/fec6a04a-08a0-4a66-8c63-1f64dd4f0f73.jpg,170,S-unanimous,S-unanimous,G4,G4,G4,G4,G4,9,G4,0.99994254
0a2e6e60-d502-4ee9-8960-c2d713dda362.jpg,170/0a2e6e60-d502-4ee9-8960-c2d713dda362.jpg,170,S-majority,S-majority,L4,L4,L4,L4,A4,13,L4,0.9984174
f0a1eee9-4fc2-425d-8414-a11265732fda.jpg,170/f0a1eee9-4fc2-425d-8414-a11265732fda.jpg,170,S-majority,S-majority,A5,A5,A5,A4,A5,4,A5,0.96408826
ff6a24ac-d153-4291-b343-12b8e13b2075.jpg,170/ff6a24ac-d153-4291-b343-12b8e13b2075.jpg,170,S-tied,S-no-majority,,L5,L5,A5,A5,4,A5,0.99320227
4eb5fcc5-4766-43a7-bd21-69a2efed9c20.jpg,170/4eb5fcc5-4766-43a7-bd21-69a2efed9c20.jpg,170,S-majority,S-majority,L5,P5,L5,L5,L5,14,L5,0.9153635
63694bba-2791-48af-8535-e6777ba52482.jpg,170/63694bba-2791-48af-8535-e6777ba52482.jpg,170,S-majority,S-majority,P5,P5,P5,P5,L5,14,L5,0.8132837
b4bab060-ed33-4c94-85e0-e090c6b3ba88.jpg,170/b4bab060-ed33-4c94-85e0-e090c6b3ba88.jpg,170,S-majority,S-majority,A5,A5,A5,A5,P5,4,A5,0.9812082
1027dc04-7545-44aa-a8f9-411f04a9fc32.jpg,170/1027dc04-7545-44aa-a8f9-411f04a9fc32.jpg,170,S-unanimous,S-unanimous,A6,A6,A6,A6,A6,15,L6,0.86814356
7ad4c6a8-43dd-4fa3-b3bf-bb827e534d8d.jpg,170/7ad4c6a8-43dd-4fa3-b3bf-bb827e534d8d.jpg,170,S-unanimous,S-unanimous,L6,L6,L6,L6,L6,15,L6,0.99980253
af0339b5-d914-4812-8d80-b30ffa3dabf8.jpg,170/af0339b5-d914-4812-8d80-b30ffa3dabf8.jpg,170,S-unanimous,S-unanimous,P6,P6,P6,P6,P6,22,P6,0.99999154
fe38e753-497e-4c53-93bb-81498c7c4693.jpg,170/fe38e753-497e-4c53-93bb-81498c7c4693.jpg,170,S-tied,S-no-majority,,G3,G3,A3,A3,8,G3,0.9707327
7d76f04e-a2b6-425b-9c90-ea08dd2ad84d.jpg,170/7d76f04e-a2b6-425b-9c90-ea08dd2ad84d.jpg,170,S-unanimous,S-unanimous,L3,L3,L3,L3,L3,12,L3,0.86409247
86391e3c-960c-4e66-bdd0-fa82c5089b21.jpg,170/86391e3c-960c-4e66-bdd0-fa82c5089b21.jpg,170,S-unanimous,S-unanimous,P3,P3,P3,P3,P3,19,P3,0.9995202
d2f6ee1c-bbe7-4d25-ac86-a4ca22af86d1.jpg,170/d2f6ee1c-bbe7-4d25-ac86-a4ca22af86d1.jpg,170,S-plurality,S-plurality,G3,A3,OTHERCLASS,G3,G3,8,G3,0.886903
77486ac2-2747-4dbe-910e-441e32f8fffc.jpg,182/77486ac2-2747-4dbe-910e-441e32f8fffc.jpg,182,S-unanimous,S-unanimous,A4,A4,A4,A4,A4,3,A4,0.90219045
14ee70a5-9d9b-4837-a0e0-7a757c25224c.jpg,182/14ee70a5-9d9b-4837-a0e0-7a757c25224c.jpg,182,S-unanimous,S-unanimous,L4,L4,L4,L4,L4,13,L4,0.99977034
bb69dee3-86fa-454f-b1df-7e2328f8c5f4.jpg,182/bb69dee3-86fa-454f-b1df-7e2328f8c5f4.jpg,182,S-unanimous,S-unanimous,P5,P5,P5,P5,P5,21,P5,0.9994325
8f0772fd-7ff5-40d3-b471-463464ea3a84.jpg,182/8f0772fd-7ff5-40d3-b471-463464ea3a84.jpg,182,S-unanimous,S-unanimous,L5,L5,L5,L5,L5,14,L5,0.9987748
386a1739-e84b-49e1-901a-5913ef8e17ac.jpg,182/386a1739-e84b-49e1-901a-5913ef8e17ac.jpg,182,S-unanimous,S-unanimous,A5,A5,A5,A5,A5,3,A4,0.8715503
e04a881a-e56a-41e1-b042-4ed749ac5df1.jpg,182/e04a881a-e56a-41e1-b042-4ed749ac5df1.jpg,182,S-unanimous,S-unanimous,G4,G4,G4,G4,G4,9,G4,0.9968364
6f7b64d9-6390-4c22-aa4f-533cf6efafde.jpg,182/6f7b64d9-6390-4c22-aa4f-533cf6efafde.jpg,182,S-unanimous,S-unanimous,P6,P6,P6,P6,P6,22,P6,0.9972205
e2548eaf-8c7f-4588-98da-7f496fbd81a7.jpg,182/e2548eaf-8c7f-4588-98da-7f496fbd81a7.jpg,182,S-unanimous,S-unanimous,L6,L6,L6,L6,L6,15,L6,0.7432639
69adf1a9-dddd-4f17-92ce-3eb4bab1e63c.jpg,182/69adf1a9-dddd-4f17-92ce-3eb4bab1e63c.jpg,182,S-unanimous,S-unanimous,A6,A6,A6,A6,A6,5,A6,0.9981477
6eca59e2-96c6-45eb-9536-b8db9ee26935.jpg,182/6eca59e2-96c6-45eb-9536-b8db9ee26935.jpg,182,S-unanimous,S-unanimous,A3,A3,A3,A3,A3,2,A3,0.9868421
fe3f0a3d-7de8-469a-aef1-0838c3faf572.jpg,182/fe3f0a3d-7de8-469a-aef1-0838c3faf572.jpg,182,S-unanimous,S-unanimous,P4,P4,P4,P4,P4,9,G4,0.8698204
538bd0e5-cde3-46a5-9cf1-5aaa43165ca5.jpg,182/538bd0e5-cde3-46a5-9cf1-5aaa43165ca5.jpg,182,S-unanimous,S-unanimous,P3,P3,P3,P3,P3,19,P3,0.99895346
6eb09d91-e70a-4027-bdc0-0ca6187d3ac3.jpg,182/6eb09d91-e70a-4027-bdc0-0ca6187d3ac3.jpg,182,S-unanimous,S-unanimous,P1,P1,P1,P1,P1,17,P1,0.9981559
2e987589-ada5-4232-8448-71913e7808b0.jpg,182/2e987589-ada5-4232-8448-71913e7808b0.jpg,182,S-unanimous,S-unanimous,L1,L1,L1,L1,L1,10,L1,0.9999509
3c72dd26-2571-4b24-8a46-2b5507a46ebe.jpg,182/3c72dd26-2571-4b24-8a46-2b5507a46ebe.jpg,182,S-unanimous,S-unanimous,A2,A2,A2,A2,A2,1,A2,0.99860555
c724f91a-9caf-4b77-9bff-e3b44f1bea60.jpg,182/c724f91a-9caf-4b77-9bff-e3b44f1bea60.jpg,182,S-unanimous,S-unanimous,A1,A1,A1,A1,A1,0,A1,0.99963963
a2256a32-9b08-4b34-970b-2dbf3bc66831.jpg,182/a2256a32-9b08-4b34-970b-2dbf3bc66831.jpg,182,S-unanimous,S-unanimous,G1,G1,G1,G1,G1,6,G1,0.99828064
e64d3842-0366-4d5d-ba02-0d4145f3728d.jpg,182/e64d3842-0366-4d5d-ba02-0d4145f3728d.jpg,182,S-unanimous,S-unanimous,P2,P2,P2,P2,P2,18,P2,0.98216516
c2d5d21c-18ec-43d7-8a18-344962437f27.jpg,182/c2d5d21c-18ec-43d7-8a18-344962437f27.jpg,182,S-unanimous,S-unanimous,L2,L2,L2,L2,L2,12,L3,0.94778234
3c86cbfc-e033-47ad-8aa3-87f28e15d74d.jpg,182/3c86cbfc-e033-47ad-8aa3-87f28e15d74d.jpg,182,S-unanimous,S-unanimous,G3,G3,G3,G3,G3,8,G3,0.9553161
6f422315-b499-40f7-8fed-cf7d87dfd6fe.jpg,182/6f422315-b499-40f7-8fed-cf7d87dfd6fe.jpg,182,S-unanimous,S-unanimous,G2,G2,G2,G2,G2,7,G2,0.9994823
4f67da0a-055f-48a5-94cd-394afa531b7a.jpg,182/4f67da0a-055f-48a5-94cd-394afa531b7a.jpg,182,S-unanimous,S-unanimous,L3,L3,L3,L3,L3,12,L3,0.9941586
7daacb04-e934-41c8-8d54-3dabecaa7ae7.jpg,190/7daacb04-e934-41c8-8d54-3dabecaa7ae7.jpg,190,S-unanimous,S-unanimous,G1,G1,G1,G1,G1,6,G1,0.99928445
1ed54871-d817-4a4d-8dfc-68efecf52008.jpg,190/1ed54871-d817-4a4d-8dfc-68efecf52008.jpg,190,S-unanimous,S-unanimous,A1,A1,A1,A1,A1,0,A1,0.99544626
3ea0f505-9d6b-40ba-97a7-5386eb5b870f.jpg,190/3ea0f505-9d6b-40ba-97a7-5386eb5b870f.jpg,190,S-unanimous,S-unanimous,L1,L1,L1,L1,L1,11,L2,0.85175043
db459495-0234-4b10-8a1f-bf05c007897a.jpg,190/db459495-0234-4b10-8a1f-bf05c007897a.jpg,190,S-unanimous,S-unanimous,P1,P1,P1,P1,P1,18,P2,0.68002343
7fc3d3e0-8647-457e-9226-2a271f1ac90b.jpg,190/7fc3d3e0-8647-457e-9226-2a271f1ac90b.jpg,190,S-unanimous,S-unanimous,G2,G2,G2,G2,G2,7,G2,0.8711485
ea43500c-30a2-4f65-bdaf-0c035fa7741e.jpg,190/ea43500c-30a2-4f65-bdaf-0c035fa7741e.jpg,190,S-unanimous,S-unanimous,L2,L2,L2,L2,L2,1,A2,0.78690684
0002e380-bfc0-43c7-b76b-187d6d97c226.jpg,190/0002e380-bfc0-43c7-b76b-187d6d97c226.jpg,190,S-unanimous,S-unanimous,A2,A2,A2,A2,A2,1,A2,0.9953945
d985720f-5588-40c3-848f-2da113bbe1df.jpg,190/d985720f-5588-40c3-848f-2da113bbe1df.jpg,190,S-tied,S-no-majority,,P2,L2,L2,P2,11,L2,0.9985942
9c119d7b-58ab-420c-a701-5499041ff5ab.jpg,190/9c119d7b-58ab-420c-a701-5499041ff5ab.jpg,190,S-tied,S-no-majority,,P3,P2,P2,P3,18,P2,0.9929006
01aad436-0524-4eee-bf7f-976862d7eb32.jpg,190/01aad436-0524-4eee-bf7f-976862d7eb32.jpg,190,S-majority,S-majority,G3,G3,G3,G2,G3,2,A3,0.57747513
86bb6646-8e02-4db3-84af-572eee1e9287.jpg,190/86bb6646-8e02-4db3-84af-572eee1e9287.jpg,190,S-majority,S-majority,A3,A3,A3,A2,A3,2,A3,0.9991416
d4e1de0c-ebea-4284-bbf7-0d686c12e5ad.jpg,190/d4e1de0c-ebea-4284-bbf7-0d686c12e5ad.jpg,190,S-unanimous,S-unanimous,L3,L3,L3,L3,L3,12,L3,0.99399537
3a51e02c-9f09-4261-85af-43016e80dbb5.jpg,190/3a51e02c-9f09-4261-85af-43016e80dbb5.jpg,190,S-majority,S-majority,P3,G3,P3,P3,P3,19,P3,0.9668005
12c7c49d-37e0-4a9c-83c0-df2587cb3646.jpg,190/12c7c49d-37e0-4a9c-83c0-df2587cb3646.jpg,190,S-unanimous,S-unanimous,G4,G4,G4,G4,G4,9,G4,0.9998989
5a10c427-b17e-424b-bb13-3896e5cf1204.jpg,190/5a10c427-b17e-424b-bb13-3896e5cf1204.jpg,190,S-unanimous,S-unanimous,P4,P4,P4,P4,P4,20,P4,0.99938583
6060e341-1d82-4b51-8b05-7c92d21ae16a.jpg,190/6060e341-1d82-4b51-8b05-7c92d21ae16a.jpg,190,S-unanimous,S-unanimous,L4,L4,L4,L4,L4,13,L4,0.97716016
c99fdd06-b404-4787-a412-d612394227a5.jpg,190/c99fdd06-b404-4787-a412-d612394227a5.jpg,190,S-unanimous,S-unanimous,A4,A4,A4,A4,A4,3,A4,0.60757995
af761515-d54c-4e8c-aeaf-93246d12a085.jpg,190/af761515-d54c-4e8c-aeaf-93246d12a085.jpg,190,S-unanimous,S-unanimous,A5,A5,A5,A5,A5,4,A5,0.9951751
5ad38637-8241-4b98-8dca-2368a4cb370e.jpg,190/5ad38637-8241-4b98-8dca-2368a4cb370e.jpg,190,S-unanimous,S-unanimous,L5,L5,L5,L5,L5,14,L5,0.97268134
09091d8f-fded-454f-a7e3-3c3e5203611b.jpg,190/09091d8f-fded-454f-a7e3-3c3e5203611b.jpg,190,S-unanimous,S-unanimous,P5,P5,P5,P5,P5,21,P5,0.9981425
3c871b49-f3bf-42bc-a984-4ea5f889f6c0.jpg,190/3c871b49-f3bf-42bc-a984-4ea5f889f6c0.jpg,190,S-unanimous,S-unanimous,A6,A6,A6,A6,A6,5,A6,0.6420177
e69a21af-3ed7-4cbd-826f-67c21b442c9a.jpg,190/e69a21af-3ed7-4cbd-826f-67c21b442c9a.jpg,190,S-unanimous,S-unanimous,L6,L6,L6,L6,L6,15,L6,0.8705416
d7379bab-a2ca-4b89-b7bb-2eaf78efe3be.jpg,190/d7379bab-a2ca-4b89-b7bb-2eaf78efe3be.jpg,190,S-unanimous,S-unanimous,P6,P6,P6,P6,P6,22,P6,0.9998901
3d2033e2-629c-4fe1-b63a-208c116c07c5.jpg,205/3d2033e2-629c-4fe1-b63a-208c116c07c5.jpg,205,S-majority,S-majority,L1,L1,OTHERCLASS,L1,L1,10,L1,0.74349046
e7d04b1c-631c-4c66-93e2-af085a1b4852.jpg,205/e7d04b1c-631c-4c66-93e2-af085a1b4852.jpg,205,S-unanimous,S-unanimous,A1,A1,A1,A1,A1,0,A1,0.6368002
8d7a61b3-6be6-4505-b398-ae310b510376.jpg,205/8d7a61b3-6be6-4505-b398-ae310b510376.jpg,205,S-unanimous,S-unanimous,P1,P1,P1,P1,P1,17,P1,0.62393403
5594ddd8-703a-4590-9f94-bc8c228b3818.jpg,205/5594ddd8-703a-4590-9f94-bc8c228b3818.jpg,205,S-unanimous,S-unanimous,G1,G1,G1,G1,G1,6,G1,0.9998196
e5d22288-ff43-49f5-8cd0-c597426bab73.jpg,205/e5d22288-ff43-49f5-8cd0-c597426bab73.jpg,205,S-majority,S-majority,G2,G2,G2,G2,L2,7,G2,0.6888865
fd4178ed-1633-4c3d-9f22-9f1d013ae287.jpg,205/fd4178ed-1633-4c3d-9f22-9f1d013ae287.jpg,205,S-unanimous,S-unanimous,A2,A2,A2,A2,A2,1,A2,0.99548703
2ec92709-9d4a-4485-9fa1-d0e1d58dbc37.jpg,205/2ec92709-9d4a-4485-9fa1-d0e1d58dbc37.jpg,205,S-unanimous,S-unanimous,P2,P2,P2,P2,P2,18,P2,0.9996246
04735c77-9364-49d9-a01d-f8a1fc7b6628.jpg,205/04735c77-9364-49d9-a01d-f8a1fc7b6628.jpg,205,S-plurality,S-plurality,L2,L2,G3,L2,G2,18,P2,0.81731147
7a2752da-12bd-4c0a-a019-346dc7537bc4.jpg,205/7a2752da-12bd-4c0a-a019-346dc7537bc4.jpg,205,S-plurality,S-plurality,L3,P3,L2,L3,L3,12,L3,0.7797101
bd3aba6b-8b96-4ef5-af89-c2399ad046cc.jpg,205/bd3aba6b-8b96-4ef5-af89-c2399ad046cc.jpg,205,S-tied,S-no-majority,,L3,L3,A3,A3,2,A3,0.794782
56311c75-5222-4b4c-877d-fcb98afb1788.jpg,205/56311c75-5222-4b4c-877d-fcb98afb1788.jpg,205,S-majority,S-majority,G3,G3,A3,G3,G3,8,G3,0.95875263
5529e0d0-08cb-4f44-a4c0-89b4665db21b.jpg,205/5529e0d0-08cb-4f44-a4c0-89b4665db21b.jpg,205,S-unanimous,S-unanimous,P3,P3,P3,P3,P3,19,P3,0.9990895
b06d929f-995c-4a94-abe9-1bef9b905992.jpg,205/b06d929f-995c-4a94-abe9-1bef9b905992.jpg,205,S-unanimous,S-unanimous,L4,L4,L4,L4,L4,13,L4,0.99727434
ca21fc01-3782-4c11-b0ce-8664841fd964.jpg,205/ca21fc01-3782-4c11-b0ce-8664841fd964.jpg,205,S-unanimous,S-unanimous,A4,A4,A4,A4,A4,3,A4,0.99794334
308cc1d5-05cc-46f0-a5ae-983a7d6ff337.jpg,205/308cc1d5-05cc-46f0-a5ae-983a7d6ff337.jpg,205,S-unanimous,S-unanimous,G4,G4,G4,G4,G4,9,G4,0.9994898
42e40c9d-7f19-4de5-9272-93676a0e20c0.jpg,205/42e40c9d-7f19-4de5-9272-93676a0e20c0.jpg,205,S-unanimous,S-unanimous,P4,P4,P4,P4,P4,20,P4,0.9979278
2a616f5d-589e-40cb-8f0a-6da0c9ea7a62.jpg,205/2a616f5d-589e-40cb-8f0a-6da0c9ea7a62.jpg,205,S-unanimous,S-unanimous,A5,A5,A5,A5,A5,4,A5,0.99887425
7481e7e0-2645-4afa-ac46-c8e1b1d583d4.jpg,205/7481e7e0-2645-4afa-ac46-c8e1b1d583d4.jpg,205,S-unanimous,S-unanimous,L5,L5,L5,L5,L5,14,L5,0.73231226
fecf1187-cce4-4f11-9e42-a17785e2c399.jpg,205/fecf1187-cce4-4f11-9e42-a17785e2c399.jpg,205,S-unanimous,S-unanimous,P5,P5,P5,P5,P5,21,P5,0.9885549
4d781f89-fc9f-43ba-b62b-6a02f873688d.jpg,205/4d781f89-fc9f-43ba-b62b-6a02f873688d.jpg,205,S-unanimous,S-unanimous,L6,L6,L6,L6,L6,15,L6,0.9885079
e12aaaa7-9198-4a35-ab66-6ec7bbb43404.jpg,205/e12aaaa7-9198-4a35-ab66-6ec7bbb43404.jpg,205,S-unanimous,S-unanimous,P6,P6,P6,P6,P6,22,P6,0.9987207
6f3fd282-d66b-4893-8661-97ce78daeca6.jpg,205/6f3fd282-d66b-4893-8661-97ce78daeca6.jpg,205,S-unanimous,S-unanimous,A6,A6,A6,A6,A6,5,A6,0.9620856
88cc174e-dc04-4eda-b077-94c2f48523ff.jpg,216/88cc174e-dc04-4eda-b077-94c2f48523ff.jpg,216,S-majority,S-majority,G1,P1,G1,G1,G1,6,G1,0.97558445
0ad39932-d45a-434e-9c08-014eed4dfea7.jpg,216/0ad39932-d45a-434e-9c08-014eed4dfea7.jpg,216,S-tied,S-no-majority,,A1,OTHERCLASS,A1,OTHERCLASS,16,OTHERCLASS,0.96933997
2a130599-404d-449b-a814-a1a1bc6fa282.jpg,216/2a130599-404d-449b-a814-a1a1bc6fa282.jpg,216,S-majority,S-majority,A1,L1,A1,A1,A1,0,A1,0.966241
84e322c6-d66a-44b8-b970-00c8e2afe1ef.jpg,216/84e322c6-d66a-44b8-b970-00c8e2afe1ef.jpg,216,S-majority,S-majority,L1,A1,L1,L1,L1,10,L1,0.67203224
15da0ccf-5668-4c70-b829-54d6fcd4198f.jpg,216/15da0ccf-5668-4c70-b829-54d6fcd4198f.jpg,216,S-plurality,S-plurality,OTHERCLASS,G1,OTHERCLASS,P1,OTHERCLASS,16,OTHERCLASS,0.97062725
1e7df140-2b9f-41ac-9338-1da2573c7797.jpg,216/1e7df140-2b9f-41ac-9338-1da2573c7797.jpg,216,S-unanimous,S-unanimous,P1,P1,P1,P1,P1,17,P1,0.91708416
085f0605-2a3e-40c6-a61a-12e607d32f6a.jpg,216/085f0605-2a3e-40c6-a61a-12e607d32f6a.jpg,216,S-unanimous,S-unanimous,G2,G2,G2,G2,G2,6,G1,0.91327965
9117c8b6-132f-454a-9a2c-de85cf49d8e0.jpg,216/9117c8b6-132f-454a-9a2c-de85cf49d8e0.jpg,216,S-unanimous,S-unanimous,A2,A2,A2,A2,A2,1,A2,0.5550276
6877c68a-231e-4b35-a255-0485d4d85acf.jpg,216/6877c68a-231e-4b35-a255-0485d4d85acf.jpg,216,S-unanimous,S-unanimous,L2,L2,L2,L2,L2,11,L2,0.97458774
1672da09-61e5-4d19-ba9f-294c8241195b.jpg,216/1672da09-61e5-4d19-ba9f-294c8241195b.jpg,216,S-unanimous,S-unanimous,P2,P2,P2,P2,P2,18,P2,0.9859278
f1dd043f-bd0e-45c5-af2c-067e7001a721.jpg,216/f1dd043f-bd0e-45c5-af2c-067e7001a721.jpg,216,S-unanimous,S-unanimous,G3,G3,G3,G3,G3,8,G3,0.9027099
c98db674-5e37-4a63-8b97-58bf624bb8fb.jpg,216/c98db674-5e37-4a63-8b97-58bf624bb8fb.jpg,216,S-unanimous,S-unanimous,A3,A3,A3,A3,A3,2,A3,0.7607537
18144c3f-562b-4362-90f4-08d37f516a78.jpg,216/18144c3f-562b-4362-90f4-08d37f516a78.jpg,216,S-unanimous,S-unanimous,L3,L3,L3,L3,L3,11,L2,0.81640464
721af052-d4a3-4cb6-83ee-01cece9603e0.jpg,216/721af052-d4a3-4cb6-83ee-01cece9603e0.jpg,216,S-unanimous,S-unanimous,P3,P3,P3,P3,P3,19,P3,0.9295115
0af1e1be-95c3-4ee0-b5bc-ec9285a92d9c.jpg,216/0af1e1be-95c3-4ee0-b5bc-ec9285a92d9c.jpg,216,S-plurality,S-plurality,G3,P3,OTHERCLASS,G3,G3,8,G3,0.83827084
ac02a013-0a22-48e5-b6c4-f028dcc4b74d.jpg,216/ac02a013-0a22-48e5-b6c4-f028dcc4b74d.jpg,216,S-unanimous,S-unanimous,A3,A3,A3,A3,A3,2,A3,0.90060365
bed132b9-162c-4132-920b-86c82d438c04.jpg,216/bed132b9-162c-4132-920b-86c82d438c04.jpg,216,S-unanimous,S-unanimous,L3,L3,L3,L3,L3,12,L3,0.94750035
69965a2c-39df-4fbc-be70-8c9307a4de55.jpg,216/69965a2c-39df-4fbc-be70-8c9307a4de55.jpg,216,S-majority,S-majority,P3,L3,P3,P3,P3,19,P3,0.97048426
4fab2201-7f5c-452b-a909-7c2972c761c7.jpg,216/4fab2201-7f5c-452b-a909-7c2972c761c7.jpg,216,S-unanimous,S-unanimous,G4,G4,G4,G4,G4,9,G4,0.99944514
8d168c75-5f6e-4722-a61b-73dd66ab7e66.jpg,216/8d168c75-5f6e-4722-a61b-73dd66ab7e66.jpg,216,S-unanimous,S-unanimous,P4,P4,P4,P4,P4,20,P4,0.96366763
73fa726a-33b0-47dc-8d16-47ded19f3d93.jpg,216/73fa726a-33b0-47dc-8d16-47ded19f3d93.jpg,216,S-unanimous,S-unanimous,L4,L4,L4,L4,L4,13,L4,0.9944137
9a248e96-209f-483b-8dad-e70725069c90.jpg,216/9a248e96-209f-483b-8dad-e70725069c90.jpg,216,S-unanimous,S-unanimous,A4,A4,A4,A4,A4,3,A4,0.534158
3c9166f9-ec1c-4247-a219-d72e106e5058.jpg,216/3c9166f9-ec1c-4247-a219-d72e106e5058.jpg,216,S-majority,S-majority,A5,A5,A5,P5,A5,4,A5,0.88735
f82cad2c-fa3b-48c7-987b-aad75bf8281a.jpg,216/f82cad2c-fa3b-48c7-987b-aad75bf8281a.jpg,216,S-majority,S-majority,L5,L5,L5,A5,L5,4,A5,0.8773506
8f4352c8-5f28-4966-8338-a5f9b4f3df23.jpg,216/8f4352c8-5f28-4966-8338-a5f9b4f3df23.jpg,216,S-majority,S-majority,P5,P5,P5,L5,P5,21,P5,0.58232474
d35c8d01-ef1f-402a-8c0e-9cfd7a818736.jpg,216/d35c8d01-ef1f-402a-8c0e-9cfd7a818736.jpg,216,S-tied,S-no-majority,,A6,OTHERCLASS,A6,OTHERCLASS,16,OTHERCLASS,0.8733194
f1712546-2d48-42d9-af7b-387303f7b23a.jpg,216/f1712546-2d48-42d9-af7b-387303f7b23a.jpg,216,S-unanimous,S-unanimous,L6,L6,L6,L6,L6,15,L6,0.6190084
670a6aa7-b5d2-4805-a497-c3d19e93056b.jpg,216/670a6aa7-b5d2-4805-a497-c3d19e93056b.jpg,216,S-majority,S-majority,OTHERCLASS,P6,OTHERCLASS,OTHERCLASS,OTHERCLASS,16,OTHERCLASS,0.91807294
d116164c-0546-4499-b36a-2e3898b019a4.jpg,218/d116164c-0546-4499-b36a-2e3898b019a4.jpg,218,S-unanimous,S-unanimous,A1,A1,A1,A1,A1,6,G1,0.56657743
6c82a11b-5335-43f7-9959-5d747f659634.jpg,218/6c82a11b-5335-43f7-9959-5d747f659634.jpg,218,S-unanimous,S-unanimous,L1,L1,L1,L1,L1,10,L1,0.9998512
702d399e-4808-49a5-bf3f-4450913c7ed9.jpg,218/702d399e-4808-49a5-bf3f-4450913c7ed9.jpg,218,S-unanimous,S-unanimous,P1,P1,P1,P1,P1,17,P1,0.9986247
70d7e0c7-a2e5-4aac-b61b-7a064406c613.jpg,218/70d7e0c7-a2e5-4aac-b61b-7a064406c613.jpg,218,S-unanimous,S-unanimous,G1,G1,G1,G1,G1,6,G1,0.9178705
fdd6562e-fa8f-4ab8-95cd-dcf616a778af.jpg,218/fdd6562e-fa8f-4ab8-95cd-dcf616a778af.jpg,218,S-unanimous,S-unanimous,G2,G2,G2,G2,G2,7,G2,0.98934513
7457e1c4-d343-4aac-b0b4-9bfaa5e1eee5.jpg,218/7457e1c4-d343-4aac-b0b4-9bfaa5e1eee5.jpg,218,S-unanimous,S-unanimous,A2,A2,A2,A2,A2,1,A2,0.9987502
7de8195f-ff2a-4e33-8a2d-1861c7cf6abd.jpg,218/7de8195f-ff2a-4e33-8a2d-1861c7cf6abd.jpg,218,S-unanimous,S-unanimous,L2,L2,L2,L2,L2,11,L2,0.99450994
01f2902a-bdd4-45c3-b34d-a10297ac2268.jpg,218/01f2902a-bdd4-45c3-b34d-a10297ac2268.jpg,218,S-unanimous,S-unanimous,P2,P2,P2,P2,P2,18,P2,0.9733915
2b00dcbd-58b6-4bff-8805-73c3c013c877.jpg,218/2b00dcbd-58b6-4bff-8805-73c3c013c877.jpg,218,S-majority,S-majority,G3,G3,G3,A3,G3,8,G3,0.9587308
82aed5a1-3d67-4d0e-847e-0bb2b2e999c3.jpg,218/82aed5a1-3d67-4d0e-847e-0bb2b2e999c3.jpg,218,S-majority,S-majority,A3,A3,A3,G3,A3,8,G3,0.72469753
1be08b9c-c48b-42c2-9472-8a1cd7e583d2.jpg,218/1be08b9c-c48b-42c2-9472-8a1cd7e583d2.jpg,218,S-unanimous,S-unanimous,L3,L3,L3,L3,L3,12,L3,0.866796
6023f595-9614-43e6-bfb8-67eacc754da4.jpg,218/6023f595-9614-43e6-bfb8-67eacc754da4.jpg,218,S-unanimous,S-unanimous,P3,P3,P3,P3,P3,19,P3,0.60003316
9a06992c-3f3a-4ded-b810-77fe5017c74c.jpg,218/9a06992c-3f3a-4ded-b810-77fe5017c74c.jpg,218,S-unanimous,S-unanimous,G4,G4,G4,G4,G4,9,G4,0.9354153
12f0cb3d-bdc5-452b-8d6e-7146d9aba0d4.jpg,218/12f0cb3d-bdc5-452b-8d6e-7146d9aba0d4.jpg,218,S-unanimous,S-unanimous,P4,P4,P4,P4,P4,20,P4,0.9627124
ed11c26b-e8f0-46d3-b178-d1a7842e0359.jpg,218/ed11c26b-e8f0-46d3-b178-d1a7842e0359.jpg,218,S-unanimous,S-unanimous,L4,L4,L4,L4,L4,13,L4,0.80313325
4d3aaf5e-8e17-4a16-8b6d-11e7d30cb4f5.jpg,218/4d3aaf5e-8e17-4a16-8b6d-11e7d30cb4f5.jpg,218,S-unanimous,S-unanimous,A4,A4,A4,A4,A4,3,A4,0.99674606
aed1fed3-a142-4967-a542-e17f8f3f3499.jpg,218/aed1fed3-a142-4967-a542-e17f8f3f3499.jpg,218,S-unanimous,S-unanimous,A5,A5,A5,A5,A5,3,A4,0.9595038
741870db-559d-49ee-a758-8026654d7465.jpg,218/741870db-559d-49ee-a758-8026654d7465.jpg,218,S-unanimous,S-unanimous,L5,L5,L5,L5,L5,14,L5,0.93842095
4c611b0b-9cd4-4783-836a-b751bfcbe55b.jpg,218/4c611b0b-9cd4-4783-836a-b751bfcbe55b.jpg,218,S-unanimous,S-unanimous,P5,P5,P5,P5,P5,21,P5,0.568152
5f74b1fc-fb2e-45be-afab-dee55480ad2e.jpg,218/5f74b1fc-fb2e-45be-afab-dee55480ad2e.jpg,218,S-unanimous,S-unanimous,A6,A6,A6,A6,A6,5,A6,0.9965538
98a4d277-1508-4149-ab0d-97fe47e2119d.jpg,218/98a4d277-1508-4149-ab0d-97fe47e2119d.jpg,218,S-unanimous,S-unanimous,L6,L6,L6,L6,L6,15,L6,0.9947403
326f1113-1326-4285-9bc3-d97493005866.jpg,218/326f1113-1326-4285-9bc3-d97493005866.jpg,218,S-unanimous,S-unanimous,P6,P6,P6,P6,P6,22,P6,0.9999578
f2f13f29-f842-4b2d-921e-99e173bf8363.jpg,235/f2f13f29-f842-4b2d-921e-99e173bf8363.jpg,235,S-majority,S-majority,L1,A1,L1,L1,L1,10,L1,0.97395337
3489d906-17ca-46e3-b886-483bd0f56944.jpg,235/3489d906-17ca-46e3-b886-483bd0f56944.jpg,235,S-majority,S-majority,A1,L1,A1,A1,A1,0,A1,0.95053273
6226ae36-0af0-4114-a9e6-fcdebfe33f27.jpg,235/6226ae36-0af0-4114-a9e6-fcdebfe33f27.jpg,235,S-plurality,S-plurality,P1,P1,OTHERCLASS,P1,G2,17,P1,0.44053772
96556812-fb39-44de-adb7-c4cd03f51653.jpg,235/96556812-fb39-44de-adb7-c4cd03f51653.jpg,235,S-unanimous,S-unanimous,G1,G1,G1,G1,G1,6,G1,0.9997532
92f7835b-bdb9-4d16-97cd-3bbeba758efd.jpg,235/92f7835b-bdb9-4d16-97cd-3bbeba758efd.jpg,235,S-plurality,S-plurality,L2,L2,G2,L2,P2,18,P2,0.53587997
e53dcc83-7af2-4dab-890a-ece94638d8c7.jpg,235/e53dcc83-7af2-4dab-890a-ece94638d8c7.jpg,235,S-majority,S-majority,A2,A2,A2,A2,L2,11,L2,0.81470525
f68bb0b2-a1cf-48d0-a809-7c90f3f88174.jpg,235/f68bb0b2-a1cf-48d0-a809-7c90f3f88174.jpg,235,S-tied,S-no-majority,,G2,A2,G2,A2,1,A2,0.47958428
6ac6d801-97e3-4d78-900b-a7e56ad29883.jpg,235/6ac6d801-97e3-4d78-900b-a7e56ad29883.jpg,235,S-plurality,S-plurality,P2,P2,L2,P2,L3,18,P2,0.9857598
9142e1ed-b460-4de6-b188-76db737dce1e.jpg,235/9142e1ed-b460-4de6-b188-76db737dce1e.jpg,235,S-plurality,S-plurality,P3,P3,P2,L3,P3,17,P1,0.42422178
63e50757-3964-4c40-8148-6c8892887cd8.jpg,235/63e50757-3964-4c40-8148-6c8892887cd8.jpg,235,S-plurality,S-plurality,A3,L3,OTHERCLASS,A3,A3,10,L1,0.8074803
1d4540c9-d497-4455-a49e-a975411703e4.jpg,235/1d4540c9-d497-4455-a49e-a975411703e4.jpg,235,S-plurality,S-plurality,P3,P3,OTHERCLASS,P3,G3,16,OTHERCLASS,0.4481358
0d0f9af1-5e81-4ddf-820c-809075c95053.jpg,235/0d0f9af1-5e81-4ddf-820c-809075c95053.jpg,235,S-tied,S-no-majority,,G3,OTHERCLASS,G3,OTHERCLASS,10,L1,0.68270737
594a7a21-1832-4a0d-8e67-b905412997b2.jpg,235/594a7a21-1832-4a0d-8e67-b905412997b2.jpg,235,S-majority,S-majority,A4,A4,G4,A4,A4,9,G4,0.67470735
3afd3f88-890d-499d-90ba-0bf986b0c0d0.jpg,235/3afd3f88-890d-499d-90ba-0bf986b0c0d0.jpg,235,S-majority,S-majority,P4,P4,P4,G4,P4,9,G4,0.81833875
aefb3078-1609-483f-8a84-1eaa623788f5.jpg,235/aefb3078-1609-483f-8a84-1eaa623788f5.jpg,235,S-majority,S-majority,P4,P4,P4,P4,G4,20,P4,0.9730787
85bef7a8-6b21-4a60-abfc-06b97fb3d6eb.jpg,235/85bef7a8-6b21-4a60-abfc-06b97fb3d6eb.jpg,235,S-unanimous,S-unanimous,L4,L4,L4,L4,L4,13,L4,0.95877707
c641beb2-1a74-4aa6-b874-0fb49ad86d69.jpg,235/c641beb2-1a74-4aa6-b874-0fb49ad86d69.jpg,235,S-majority,S-majority,A5,A5,A4,A5,A5,14,L5,0.35635698
a4a9f11a-3fe4-411e-a0e2-40f50d826892.jpg,235/a4a9f11a-3fe4-411e-a0e2-40f50d826892.jpg,235,S-plurality,S-plurality,L5,P5,OTHERCLASS,L5,L5,14,L5,0.3627166
2017ba37-3e53-4675-b569-5d4c688355ce.jpg,235/2017ba37-3e53-4675-b569-5d4c688355ce.jpg,235,S-majority,S-majority,P5,A5,P5,P5,P5,20,P4,0.97661394
923c613a-97c6-4de7-b368-8d0246dcddf9.jpg,235/923c613a-97c6-4de7-b368-8d0246dcddf9.jpg,235,S-majority,S-majority,A6,A6,OTHERCLASS,A6,A6,14,L5,0.4015834
26fbda2d-ce40-42b7-b963-201849905581.jpg,235/26fbda2d-ce40-42b7-b963-201849905581.jpg,235,S-plurality,S-plurality,L6,L6,OTHERCLASS,L6,P6,16,OTHERCLASS,0.70516676
aec1195c-aec9-4493-a8eb-07fc6261752e.jpg,235/aec1195c-aec9-4493-a8eb-07fc6261752e.jpg,235,S-plurality,S-plurality,P6,P6,OTHERCLASS,P6,L6,22,P6,0.3791021
8076cf77-37a0-4ab2-8625-93d9922e6e04.jpg,238/8076cf77-37a0-4ab2-8625-93d9922e6e04.jpg,238,S-majority,S-majority,A1,A1,G1,A1,A1,0,A1,0.5371256
b6bebdea-6fcc-4822-9388-fab1c71895e8.jpg,238/b6bebdea-6fcc-4822-9388-fab1c71895e8.jpg,238,S-majority,S-majority,G1,G1,G1,G1,P1,6,G1,0.6592287
78986d76-2de5-4b75-893e-c9bac889b3ba.jpg,238/78986d76-2de5-4b75-893e-c9bac889b3ba.jpg,238,S-plurality,S-plurality,G2,G2,OTHERCLASS,G1,G2,7,G2,0.77622527
6ed7a3fa-229d-40d0-ad6c-3f241b35e3e4.jpg,238/6ed7a3fa-229d-40d0-ad6c-3f241b35e3e4.jpg,238,S-majority,S-majority,A2,A2,A2,A1,A2,1,A2,0.9753852
e8e54897-721c-4bb4-ae29-1cc669caa1ba.jpg,238/e8e54897-721c-4bb4-ae29-1cc669caa1ba.jpg,238,S-tied,S-no-majority,,P2,L2,P2,L2,12,L3,0.5744202
ab1fefbf-ef5f-49b0-a33c-856cada3fe01.jpg,238/ab1fefbf-ef5f-49b0-a33c-856cada3fe01.jpg,238,S-plurality,S-plurality,L2,L2,OTHERCLASS,L2,A2,2,A3,0.43450955
0dc2ddd6-bf53-40d6-90cb-6f3b95c4843d.jpg,238/0dc2ddd6-bf53-40d6-90cb-6f3b95c4843d.jpg,238,S-plurality,S-plurality,G2,G2,G2,A2,G3,8,G3,0.7801553
d324dc38-e0f7-4cf4-bdee-9feeeef244c8.jpg,238/d324dc38-e0f7-4cf4-bdee-9feeeef244c8.jpg,238,S-majority,S-majority,P2,P2,P2,G2,P2,19,P3,0.8546758
df662f9b-98df-4d5b-935c-a316b7a370f4.jpg,238/df662f9b-98df-4d5b-935c-a316b7a370f4.jpg,238,S-plurality,S-plurality,L3,L3,OTHERCLASS,L3,A3,12,L3,0.7981358
2f13298b-328c-40cf-b6d5-c5455b9d0c5f.jpg,238/2f13298b-328c-40cf-b6d5-c5455b9d0c5f.jpg,238,S-plurality,S-plurality,P3,P3,OTHERCLASS,P3,L3,12,L3,0.63543725
ff8ca37c-e545-46a1-afff-bac6dae22f51.jpg,238/ff8ca37c-e545-46a1-afff-bac6dae22f51.jpg,238,S-plurality,S-plurality,G3,G3,OTHERCLASS,G3,P3,19,P3,0.9061099
b09630c1-e58d-4881-935b-d9580cf9fcba.jpg,238/b09630c1-e58d-4881-935b-d9580cf9fcba.jpg,238,S-majority,S-majority,A3,A3,A3,A3,G3,8,G3,0.7808984
70634b4c-55de-4286-b504-73d7e90e2296.jpg,238/70634b4c-55de-4286-b504-73d7e90e2296.jpg,238,S-unanimous,S-unanimous,P4,P4,P4,P4,P4,20,P4,0.99450433
5b498013-1711-48b3-8d09-b9ff9a625fcf.jpg,238/5b498013-1711-48b3-8d09-b9ff9a625fcf.jpg,238,S-unanimous,S-unanimous,L4,L4,L4,L4,L4,13,L4,0.96629065
a113e919-4ebb-44b2-854d-596f1bb5ee1e.jpg,238/a113e919-4ebb-44b2-854d-596f1bb5ee1e.jpg,238,S-unanimous,S-unanimous,A4,A4,A4,A4,A4,3,A4,0.9978981
791365f2-c157-40c3-98a7-5aef7cea01bf.jpg,238/791365f2-c157-40c3-98a7-5aef7cea01bf.jpg,238,S-unanimous,S-unanimous,G4,G4,G4,G4,G4,9,G4,0.9998344
c8c20b78-dace-4295-9eb8-450c06032bfc.jpg,238/c8c20b78-dace-4295-9eb8-450c06032bfc.jpg,238,S-majority,S-majority,A5,A5,L5,A5,A5,4,A5,0.9963167
1da42d61-2ac1-43b6-8e48-a223d486b1c7.jpg,238/1da42d61-2ac1-43b6-8e48-a223d486b1c7.jpg,238,S-majority,S-majority,P5,L5,P5,P5,P5,21,P5,0.9998454
06d627a3-dc3b-4fc3-9e44-6227614800a4.jpg,238/06d627a3-dc3b-4fc3-9e44-6227614800a4.jpg,238,S-majority,S-majority,L5,P5,L5,L5,L5,21,P5,0.49148288
dc7553a3-8174-487b-a2fd-85978bb7102c.jpg,238/dc7553a3-8174-487b-a2fd-85978bb7102c.jpg,238,S-unanimous,S-unanimous,P6,P6,P6,P6,P6,22,P6,0.99983764
62b3e62c-3f95-4fdc-b02b-6d94c9fb858c.jpg,238/62b3e62c-3f95-4fdc-b02b-6d94c9fb858c.jpg,238,S-unanimous,S-unanimous,L6,L6,L6,L6,L6,15,L6,0.97886837
ffc2dd05-9c36-44e0-8348-4be3f427abf6.jpg,238/ffc2dd05-9c36-44e0-8348-4be3f427abf6.jpg,238,S-unanimous,S-unanimous,A6,A6,A6,A6,A6,5,A6,0.99498075
d3b4b32f-4b1b-400a-bf05-0de14472389e.jpg,243/d3b4b32f-4b1b-400a-bf05-0de14472389e.jpg,243,S-unanimous,S-unanimous,G1,G1,G1,G1,G1,6,G1,0.99295676
f37c84f3-0543-4662-be86-83eba82c54f8.jpg,243/f37c84f3-0543-4662-be86-83eba82c54f8.jpg,243,S-unanimous,S-unanimous,A1,A1,A1,A1,A1,0,A1,0.990384
07fcafd4-d6ca-4118-878e-c7239aba6643.jpg,243/07fcafd4-d6ca-4118-878e-c7239aba6643.jpg,243,S-unanimous,S-unanimous,L1,L1,L1,L1,L1,10,L1,0.99942076
5cf029f6-324e-4443-ae21-de0167bc2264.jpg,243/5cf029f6-324e-4443-ae21-de0167bc2264.jpg,243,S-unanimous,S-unanimous,P1,P1,P1,P1,P1,17,P1,0.999907
71747ce3-5756-4397-a7e8-fb73f22247f0.jpg,243/71747ce3-5756-4397-a7e8-fb73f22247f0.jpg,243,S-unanimous,S-unanimous,G2,G2,G2,G2,G2,7,G2,0.9957223
216f548d-2dd9-4788-ac1b-c48d2757164f.jpg,243/216f548d-2dd9-4788-ac1b-c48d2757164f.jpg,243,S-unanimous,S-unanimous,A2,A2,A2,A2,A2,1,A2,0.9750171
9b8506a7-d1a7-4419-90d8-70e3b1d8005f.jpg,243/9b8506a7-d1a7-4419-90d8-70e3b1d8005f.jpg,243,S-unanimous,S-unanimous,L2,L2,L2,L2,L2,11,L2,0.98556954
905f9901-62b3-4367-85f9-306f874a2899.jpg,243/905f9901-62b3-4367-85f9-306f874a2899.jpg,243,S-unanimous,S-unanimous,P2,P2,P2,P2,P2,18,P2,0.95765054
e10ddd06-c210-41bd-bb0d-38f9f85baf62.jpg,243/e10ddd06-c210-41bd-bb0d-38f9f85baf62.jpg,243,S-plurality,S-plurality,G3,L3,G3,G3,A3,2,A3,0.542972
03a4f58c-ba57-40b4-a53c-532d5bef3329.jpg,243/03a4f58c-ba57-40b4-a53c-532d5bef3329.jpg,243,S-tied,S-no-majority,,G3,A3,A3,G3,8,G3,0.6715965
12e050e6-006c-4bb6-ae15-ddb6a721cf3f.jpg,243/12e050e6-006c-4bb6-ae15-ddb6a721cf3f.jpg,243,S-majority,S-majority,L3,A3,L3,L3,L3,12,L3,0.64140564
8c5dbce3-8173-4624-8c93-04b085b8b673.jpg,243/8c5dbce3-8173-4624-8c93-04b085b8b673.jpg,243,S-unanimous,S-unanimous,P3,P3,P3,P3,P3,18,P2,0.9502014
767f62d7-ccc3-47a3-8819-de06e4df6641.jpg,243/767f62d7-ccc3-47a3-8819-de06e4df6641.jpg,243,S-unanimous,S-unanimous,G4,G4,G4,G4,G4,9,G4,0.996469
c5fab738-da76-4e8e-941d-3c5ac521f7e5.jpg,243/c5fab738-da76-4e8e-941d-3c5ac521f7e5.jpg,243,S-majority,S-majority,P4,P4,P4,P4,G4,20,P4,0.9726094
97929ee8-ef99-48e0-ad61-5bb4b30ab08f.jpg,243/97929ee8-ef99-48e0-ad61-5bb4b30ab08f.jpg,243,S-unanimous,S-unanimous,L4,L4,L4,L4,L4,13,L4,0.997074
c0a7ed5d-55cf-41b4-8840-bcdaac1b87fe.jpg,243/c0a7ed5d-55cf-41b4-8840-bcdaac1b87fe.jpg,243,S-unanimous,S-unanimous,A4,A4,A4,A4,A4,3,A4,0.47118127
5ca16eaa-4dfd-4b0d-8829-09a745f202e7.jpg,243/5ca16eaa-4dfd-4b0d-8829-09a745f202e7.jpg,243,S-majority,S-majority,A5,A5,A5,A5,L5,4,A5,0.98649013
b81e38ff-ccbe-4c72-8800-3fbd5a26bd17.jpg,243/b81e38ff-ccbe-4c72-8800-3fbd5a26bd17.jpg,243,S-majority,S-majority,L5,L5,L5,L5,A5,14,L5,0.97499895
492c0343-1b08-49ff-8771-d782921edcc0.jpg,243/492c0343-1b08-49ff-8771-d782921edcc0.jpg,243,S-unanimous,S-unanimous,P5,P5,P5,P5,P5,21,P5,0.99762577
90bc44d6-d70c-4d39-b21a-362c8f485178.jpg,243/90bc44d6-d70c-4d39-b21a-362c8f485178.jpg,243,S-unanimous,S-unanimous,A6,A6,A6,A6,A6,5,A6,0.99569774
c4038620-a735-4ae9-9ffe-0fb31b6079b6.jpg,243/c4038620-a735-4ae9-9ffe-0fb31b6079b6.jpg,243,S-unanimous,S-unanimous,L6,L6,L6,L6,L6,15,L6,0.9994174
52181d06-929f-4ed6-bf0b-312d42ca809b.jpg,243/52181d06-929f-4ed6-bf0b-312d42ca809b.jpg,243,S-unanimous,S-unanimous,P6,P6,P6,P6,P6,22,P6,0.99333644
d80ba4e7-5071-4e41-95d7-a2562f608dd7.jpg,246/d80ba4e7-5071-4e41-95d7-a2562f608dd7.jpg,246,S-unanimous,S-unanimous,G1,G1,G1,G1,G1,6,G1,0.96396595
c78d64d3-a5f3-40ad-9f5e-b9bc94a2fc2d.jpg,246/c78d64d3-a5f3-40ad-9f5e-b9bc94a2fc2d.jpg,246,S-unanimous,S-unanimous,A1,A1,A1,A1,A1,0,A1,0.7310521
6e048f29-f692-4948-b509-ee98a0a0f87c.jpg,246/6e048f29-f692-4948-b509-ee98a0a0f87c.jpg,246,S-unanimous,S-unanimous,L1,L1,L1,L1,L1,11,L2,0.99533916
717ed9b0-432c-4e4e-8153-c6066063b0a6.jpg,246/717ed9b0-432c-4e4e-8153-c6066063b0a6.jpg,246,S-unanimous,S-unanimous,P1,P1,P1,P1,P1,17,P1,0.9920264
26b77112-93aa-4172-addd-d17c14c57f18.jpg,246/26b77112-93aa-4172-addd-d17c14c57f18.jpg,246,S-unanimous,S-unanimous,G2,G2,G2,G2,G2,1,A2,0.5288658
9d93c994-9469-40d9-a5d8-d81fd138ae60.jpg,246/9d93c994-9469-40d9-a5d8-d81fd138ae60.jpg,246,S-unanimous,S-unanimous,A2,A2,A2,A2,A2,0,A1,0.55673444
20d84552-211b-4b24-9ebf-7f0c7d376685.jpg,246/20d84552-211b-4b24-9ebf-7f0c7d376685.jpg,246,S-unanimous,S-unanimous,L2,L2,L2,L2,L2,11,L2,0.98524666
36689059-a6b9-4a2a-8aed-1e618c142712.jpg,246/36689059-a6b9-4a2a-8aed-1e618c142712.jpg,246,S-unanimous,S-unanimous,P2,P2,P2,P2,P2,18,P2,0.98516023
ea325932-7f76-47fd-b05d-185df236c7de.jpg,246/ea325932-7f76-47fd-b05d-185df236c7de.jpg,246,S-unanimous,S-unanimous,G3,G3,G3,G3,G3,8,G3,0.97662044
47d8f5cc-5ba8-42c3-a4de-1b5d0c554a27.jpg,246/47d8f5cc-5ba8-42c3-a4de-1b5d0c554a27.jpg,246,S-unanimous,S-unanimous,A3,A3,A3,A3,A3,2,A3,0.99555296
9211bcd2-f443-4f00-a6b5-c9bd8e9123b4.jpg,246/9211bcd2-f443-4f00-a6b5-c9bd8e9123b4.jpg,246,S-unanimous,S-unanimous,L3,L3,L3,L3,L3,11,L2,0.80585223
d4ee2ed3-8f18-429d-a78c-29dbfcb3a9e7.jpg,246/d4ee2ed3-8f18-429d-a78c-29dbfcb3a9e7.jpg,246,S-unanimous,S-unanimous,P3,P3,P3,P3,P3,19,P3,0.734718
448a6bf8-3a76-42fc-8454-f7f7b940c5aa.jpg,246/448a6bf8-3a76-42fc-8454-f7f7b940c5aa.jpg,246,S-plurality,S-plurality,P4,P4,OTHERCLASS,G4,P4,20,P4,0.79028976
04bcc040-c167-4092-bb4a-f2b7b4f2ee78.jpg,246/04bcc040-c167-4092-bb4a-f2b7b4f2ee78.jpg,246,S-plurality,S-plurality,L4,L4,A5,P4,L4,21,P5,0.9867185
4132dcf3-c9ea-457c-b5aa-06511b6a563a.jpg,246/4132dcf3-c9ea-457c-b5aa-06511b6a563a.jpg,246,S-plurality,S-plurality,A4,L4,L5,A4,A4,14,L5,0.6872881
ab91bf48-639e-4c24-8b68-270b3bf7deb3.jpg,246/ab91bf48-639e-4c24-8b68-270b3bf7deb3.jpg,246,S-plurality,S-plurality,P5,P4,P5,G4,P5,20,P4,0.7838967
5f548b6d-1e82-49d7-842d-72b3a9b6a870.jpg,246/5f548b6d-1e82-49d7-842d-72b3a9b6a870.jpg,246,S-majority,S-majority,A5,A5,OTHERCLASS,A5,A5,4,A5,0.90070987
658fc2a1-5921-4ef1-b86b-39ae6808e4c1.jpg,246/658fc2a1-5921-4ef1-b86b-39ae6808e4c1.jpg,246,S-majority,S-majority,L5,L5,OTHERCLASS,L5,L5,14,L5,0.56202114
58433d64-6cbb-4aeb-9b7b-b4ac123960ff.jpg,246/58433d64-6cbb-4aeb-9b7b-b4ac123960ff.jpg,246,S-unanimous,S-unanimous,P5,P5,P5,P5,P5,21,P5,0.94395965
1fc5cc1a-2268-4e37-af46-ce5d634bd38a.jpg,246/1fc5cc1a-2268-4e37-af46-ce5d634bd38a.jpg,246,S-unanimous,S-unanimous,A6,A6,A6,A6,A6,5,A6,0.99872726
27bae7c3-15ed-4b64-a6a8-178718cdf307.jpg,246/27bae7c3-15ed-4b64-a6a8-178718cdf307.jpg,246,S-unanimous,S-unanimous,L6,L6,L6,L6,L6,15,L6,0.9989748
e0725c6d-078e-4277-a511-733c53006134.jpg,246/e0725c6d-078e-4277-a511-733c53006134.jpg,246,S-unanimous,S-unanimous,P6,P6,P6,P6,P6,22,P6,0.9988643
c8b8b31f-7035-4975-a42e-7e18c6c75975.jpg,251/c8b8b31f-7035-4975-a42e-7e18c6c75975.jpg,251,S-unanimous,S-unanimous,L1,L1,L1,L1,L1,0,A1,0.7731064
a6fa91ae-01c7-4e16-b835-8330b799a306.jpg,251/a6fa91ae-01c7-4e16-b835-8330b799a306.jpg,251,S-unanimous,S-unanimous,P1,P1,P1,P1,P1,17,P1,0.99998844
f87c354e-831e-409d-8abd-da1256d7e29a.jpg,251/f87c354e-831e-409d-8abd-da1256d7e29a.jpg,251,S-unanimous,S-unanimous,G1,G1,G1,G1,G1,6,G1,0.88027453
ec21d4cb-e2ae-4347-a6b3-cb2db81891a4.jpg,251/ec21d4cb-e2ae-4347-a6b3-cb2db81891a4.jpg,251,S-unanimous,S-unanimous,A1,A1,A1,A1,A1,0,A1,0.99227846
09e84b56-56b7-48c6-97a8-35aaa0d48bc2.jpg,251/09e84b56-56b7-48c6-97a8-35aaa0d48bc2.jpg,251,S-majority,S-majority,L2,A2,L2,L2,L2,11,L2,0.9848831
1c508777-4a2b-4c6a-af10-52374d8c6ed0.jpg,251/1c508777-4a2b-4c6a-af10-52374d8c6ed0.jpg,251,S-majority,S-majority,A2,L2,A2,A2,A2,1,A2,0.8265609
894360fd-3aa9-48e0-b9a5-5e6ce6cec10a.jpg,251/894360fd-3aa9-48e0-b9a5-5e6ce6cec10a.jpg,251,S-plurality,S-plurality,G2,P1,G2,G2,P2,7,G2,0.7379356
b9b9d3ad-a80f-4901-bac4-a6b2c9f3d94c.jpg,251/b9b9d3ad-a80f-4901-bac4-a6b2c9f3d94c.jpg,251,S-plurality,S-plurality,G2,G1,OTHERCLASS,G2,G2,16,OTHERCLASS,0.3093383
615e15c3-bd4c-4816-8868-ca65d9626b22.jpg,251/615e15c3-bd4c-4816-8868-ca65d9626b22.jpg,251,S-plurality,S-plurality,L3,G3,OTHERCLASS,L3,L3,12,L3,0.77388877
cfb36c6e-3c25-49be-b6f2-0606714c7034.jpg,251/cfb36c6e-3c25-49be-b6f2-0606714c7034.jpg,251,S-majority,S-majority,P3,P3,P2,P3,P3,19,P3,0.9864912
3f7a0928-a92d-41f8-8a71-5b1d9da94d8f.jpg,251/3f7a0928-a92d-41f8-8a71-5b1d9da94d8f.jpg,251,S-unanimous,S-unanimous,G3,G3,G3,G3,G3,2,A3,0.78652406
681f16e5-64ee-4328-9577-6ee805a3ed05.jpg,251/681f16e5-64ee-4328-9577-6ee805a3ed05.jpg,251,S-majority,S-majority,A3,A3,L3,A3,A3,2,A3,0.5424485
f182d6b1-d898-4797-8e1e-3d652666d156.jpg,251/f182d6b1-d898-4797-8e1e-3d652666d156.jpg,251,S-unanimous,S-unanimous,G4,G4,G4,G4,G4,9,G4,0.99838495
fcecf113-2af9-4fb8-94d9-ab6316116214.jpg,251/fcecf113-2af9-4fb8-94d9-ab6316116214.jpg,251,S-unanimous,S-unanimous,A4,A4,A4,A4,A4,3,A4,0.9675043
3532298c-ab79-47e5-a2f6-fcc00ad1228f.jpg,251/3532298c-ab79-47e5-a2f6-fcc00ad1228f.jpg,251,S-unanimous,S-unanimous,P4,P4,P4,P4,P4,20,P4,0.9655777
ce4d80b6-4f58-4201-ab23-06253d6b1240.jpg,251/ce4d80b6-4f58-4201-ab23-06253d6b1240.jpg,251,S-majority,S-majority,L4,L4,OTHERCLASS,L4,L4,13,L4,0.3621055
08652e3f-72af-4e7b-84fa-6f42075d2cd1.jpg,251/08652e3f-72af-4e7b-84fa-6f42075d2cd1.jpg,251,S-majority,S-majority,A5,A5,L4,A5,A5,4,A5,0.9420896
188f8f42-985b-49e7-b5fe-d410b7c66f58.jpg,251/188f8f42-985b-49e7-b5fe-d410b7c66f58.jpg,251,S-majority,S-majority,L5,L5,OTHERCLASS,L5,L5,5,A6,0.5429631
a3074793-7c31-4c9b-a436-a4343ab38439.jpg,251/a3074793-7c31-4c9b-a436-a4343ab38439.jpg,251,S-unanimous,S-unanimous,P5,P5,P5,P5,P5,21,P5,0.75933254
68e00426-ffe8-43db-9f6a-8ff1e4443b1d.jpg,251/68e00426-ffe8-43db-9f6a-8ff1e4443b1d.jpg,251,S-majority,S-majority,OTHERCLASS,A6,OTHERCLASS,OTHERCLASS,OTHERCLASS,16,OTHERCLASS,0.83930683
9b1b33d3-1572-4699-8e02-d0f6d1a05643.jpg,251/9b1b33d3-1572-4699-8e02-d0f6d1a05643.jpg,251,S-majority,S-majority,OTHERCLASS,L6,OTHERCLASS,OTHERCLASS,OTHERCLASS,16,OTHERCLASS,0.94375896
0cb844f3-16f1-4fda-8c35-32b2ddfcb091.jpg,251/0cb844f3-16f1-4fda-8c35-32b2ddfcb091.jpg,251,S-plurality,S-plurality,P6,P6,OTHERCLASS,P6,L6,16,OTHERCLASS,0.71950054
24ffaa71-fd55-4037-a190-c89509404968.jpg,256/24ffaa71-fd55-4037-a190-c89509404968.jpg,256,S-unanimous,S-unanimous,L1,L1,L1,L1,L1,10,L1,0.9875309
bdb4545a-0bb4-481e-9045-cb028d874d2d.jpg,256/bdb4545a-0bb4-481e-9045-cb028d874d2d.jpg,256,S-unanimous,S-unanimous,P1,P1,P1,P1,P1,17,P1,0.996958
7b501138-4899-4d14-b58c-ad7dbb2366f0.jpg,256/7b501138-4899-4d14-b58c-ad7dbb2366f0.jpg,256,S-unanimous,S-unanimous,G1,G1,G1,G1,G1,6,G1,0.9942274
fae16b4e-1b46-4d26-9fba-d41198e741ee.jpg,256/fae16b4e-1b46-4d26-9fba-d41198e741ee.jpg,256,S-unanimous,S-unanimous,A1,A1,A1,A1,A1,0,A1,0.52969795
b9f7088d-a131-4342-bc8b-54c27ebacb6f.jpg,256/b9f7088d-a131-4342-bc8b-54c27ebacb6f.jpg,256,S-unanimous,S-unanimous,L2,L2,L2,L2,L2,11,L2,0.9890028
975e44cd-0e53-47f4-a982-a306668caf7b.jpg,256/975e44cd-0e53-47f4-a982-a306668caf7b.jpg,256,S-unanimous,S-unanimous,P2,P2,P2,P2,P2,18,P2,0.9740248
f98c58ec-2f13-4002-a435-5a2e849f8af6.jpg,256/f98c58ec-2f13-4002-a435-5a2e849f8af6.jpg,256,S-unanimous,S-unanimous,G2,G2,G2,G2,G2,7,G2,0.9329751
d2d0889f-5e01-4d7e-aa25-77f62ec0c1c3.jpg,256/d2d0889f-5e01-4d7e-aa25-77f62ec0c1c3.jpg,256,S-unanimous,S-unanimous,A2,A2,A2,A2,A2,1,A2,0.9908217
ae0bb88f-aeeb-43b8-a2ca-b843651d12c1.jpg,256/ae0bb88f-aeeb-43b8-a2ca-b843651d12c1.jpg,256,S-unanimous,S-unanimous,L3,L3,L3,L3,L3,12,L3,0.81584454
6bac845d-d88f-4d30-9f19-266ce4137075.jpg,256/6bac845d-d88f-4d30-9f19-266ce4137075.jpg,256,S-unanimous,S-unanimous,P3,P3,P3,P3,P3,19,P3,0.9982469
e6732033-f86a-4f9b-9150-1baadc26f55c.jpg,256/e6732033-f86a-4f9b-9150-1baadc26f55c.jpg,256,S-unanimous,S-unanimous,G3,G3,G3,G3,G3,8,G3,0.9929166
2d4fa4ce-272e-4c8e-8fd1-16b8ccba930f.jpg,256/2d4fa4ce-272e-4c8e-8fd1-16b8ccba930f.jpg,256,S-unanimous,S-unanimous,A3,A3,A3,A3,A3,2,A3,0.84791774
fab327cb-5f22-4eaa-9e29-3c0a54a91c28.jpg,256/fab327cb-5f22-4eaa-9e29-3c0a54a91c28.jpg,256,S-majority,S-majority,G4,A4,G4,G4,G4,9,G4,0.9914027
ad608881-281a-4ff2-9ac9-d58d0089900b.jpg,256/ad608881-281a-4ff2-9ac9-d58d0089900b.jpg,256,S-majority,S-majority,A4,G4,A4,A4,A4,3,A4,0.9697873
f7e88fea-cadf-437e-bb69-46a3ab276955.jpg,256/f7e88fea-cadf-437e-bb69-46a3ab276955.jpg,256,S-unanimous,S-unanimous,P4,P4,P4,P4,P4,21,P5,0.7160267
a1ae47f8-b7aa-4ee3-80b3-d40f53c5cc98.jpg,256/a1ae47f8-b7aa-4ee3-80b3-d40f53c5cc98.jpg,256,S-unanimous,S-unanimous,A5,A5,A5,A5,A5,4,A5,0.84340346
49829bba-4b78-4547-a7ce-81687edaf639.jpg,256/49829bba-4b78-4547-a7ce-81687edaf639.jpg,256,S-unanimous,S-unanimous,L5,L5,L5,L5,L5,14,L5,0.92203236
6bd3a3e9-e0f9-43f8-a25a-ef528410ca48.jpg,256/6bd3a3e9-e0f9-43f8-a25a-ef528410ca48.jpg,256,S-unanimous,S-unanimous,P5,P5,P5,P5,P5,20,P4,0.38501552
a3228970-3f8a-4d06-b769-a608ee4ee788.jpg,256/a3228970-3f8a-4d06-b769-a608ee4ee788.jpg,256,S-unanimous,S-unanimous,A6,A6,A6,A6,A6,5,A6,0.9990466
0ce80b0a-dbb2-47eb-af1c-8000ec4f736d.jpg,256/0ce80b0a-dbb2-47eb-af1c-8000ec4f736d.jpg,256,S-unanimous,S-unanimous,L6,L6,L6,L6,L6,15,L6,0.997021
64b514e4-1a2d-4003-b237-b2109f5273d6.jpg,256/64b514e4-1a2d-4003-b237-b2109f5273d6.jpg,256,S-unanimous,S-unanimous,P6,P6,P6,P6,P6,22,P6,0.9954716
fa4b8d8d-2321-4e5b-823a-1114099120c8.jpg,261/fa4b8d8d-2321-4e5b-823a-1114099120c8.jpg,261,S-tied,S-no-majority,,P1,P1,G1,G1,6,G1,0.96716166
43999a17-7a2b-4250-b0fe-ee15fe43af0b.jpg,261/43999a17-7a2b-4250-b0fe-ee15fe43af0b.jpg,261,S-unanimous,S-unanimous,A1,A1,A1,A1,A1,0,A1,0.99671644
3d4d868f-b185-447b-9f70-bf43d7b2641e.jpg,261/3d4d868f-b185-447b-9f70-bf43d7b2641e.jpg,261,S-unanimous,S-unanimous,L1,L1,L1,L1,L1,10,L1,0.99331564
068f3bc9-3de2-430c-8f32-58a99bd02c4f.jpg,261/068f3bc9-3de2-430c-8f32-58a99bd02c4f.jpg,261,S-unanimous,S-unanimous,P1,P1,P1,P1,P1,17,P1,0.99990904
11250d64-9ed5-40a2-b811-0c209dcf5de5.jpg,261/11250d64-9ed5-40a2-b811-0c209dcf5de5.jpg,261,S-tied,S-no-majority,,G1,G1,G2,G2,6,G1,0.8839168
6ffc1ed3-e8b6-4919-b737-8e63c8ec0907.jpg,261/6ffc1ed3-e8b6-4919-b737-8e63c8ec0907.jpg,261,S-majority,S-majority,A2,A2,G2,A2,A2,1,A2,0.8748107
446268bd-639e-4cf9-906c-6ba92454b590.jpg,261/446268bd-639e-4cf9-906c-6ba92454b590.jpg,261,S-unanimous,S-unanimous,L2,L2,L2,L2,L2,11,L2,0.9242754
99150ef8-c467-4a7f-8ac2-b61f85a593d3.jpg,261/99150ef8-c467-4a7f-8ac2-b61f85a593d3.jpg,261,S-unanimous,S-unanimous,P2,P2,P2,P2,P2,18,P2,0.9010139
bcefbbb9-dec8-4b55-a47b-9979ef070008.jpg,261/bcefbbb9-dec8-4b55-a47b-9979ef070008.jpg,261,S-plurality,S-plurality,G3,G2,A2,G3,G3,8,G3,0.59544307
43ff33f5-1489-44c5-8e7e-8ab2a3e59e55.jpg,261/43ff33f5-1489-44c5-8e7e-8ab2a3e59e55.jpg,261,S-unanimous,S-unanimous,A3,A3,A3,A3,A3,1,A2,0.81894976
239b6069-1030-4153-a1f9-5910620533d3.jpg,261/239b6069-1030-4153-a1f9-5910620533d3.jpg,261,S-unanimous,S-unanimous,L3,L3,L3,L3,L3,11,L2,0.88579905
58958f84-4b33-44be-9b01-ef935cbba2f7.jpg,261/58958f84-4b33-44be-9b01-ef935cbba2f7.jpg,261,S-unanimous,S-unanimous,P3,P3,P3,P3,P3,18,P2,0.93437237
10daf8b3-0c38-4756-bd2e-e75a5f0ba172.jpg,261/10daf8b3-0c38-4756-bd2e-e75a5f0ba172.jpg,261,S-majority,S-majority,G4,A4,G4,G4,G4,9,G4,0.61010194
d0e001be-d4c0-4639-bfb2-3832fcaac04b.jpg,261/d0e001be-d4c0-4639-bfb2-3832fcaac04b.jpg,261,S-unanimous,S-unanimous,P4,P4,P4,P4,P4,20,P4,0.97535807
76b77216-bbb8-4be6-ab71-feb4f03c3d30.jpg,261/76b77216-bbb8-4be6-ab71-feb4f03c3d30.jpg,261,S-unanimous,S-unanimous,L4,L4,L4,L4,L4,13,L4,0.98507744
d66cfae8-bfbe-41a0-8f62-0ba983bd2f82.jpg,261/d66cfae8-bfbe-41a0-8f62-0ba983bd2f82.jpg,261,S-majority,S-majority,A4,A5,A4,A4,A4,3,A4,0.98945844
a7909dfb-f8ec-4baf-b388-8f7ea066a14a.jpg,261/a7909dfb-f8ec-4baf-b388-8f7ea066a14a.jpg,261,S-majority,S-majority,L5,L5,L5,A5,L5,14,L5,0.8744783
c311baaa-ee4d-4468-aeef-04a9b0889aa4.jpg,261/c311baaa-ee4d-4468-aeef-04a9b0889aa4.jpg,261,S-unanimous,S-unanimous,P5,P5,P5,P5,P5,21,P5,0.9497595
9bfa692e-8ec3-466f-8ed9-9b6951e96412.jpg,261/9bfa692e-8ec3-466f-8ed9-9b6951e96412.jpg,261,S-unanimous,S-unanimous,A6,A6,A6,A6,A6,5,A6,0.9995846
6991e196-b29c-4618-9996-776abdb8b0f0.jpg,261/6991e196-b29c-4618-9996-776abdb8b0f0.jpg,261,S-majority,S-majority,L6,L6,P6,L6,L6,22,P6,0.9394373
ae13c7c2-dad0-4b79-aea0-7848ab3b5ed1.jpg,261/ae13c7c2-dad0-4b79-aea0-7848ab3b5ed1.jpg,261,S-majority,S-majority,P6,P6,L6,P6,P6,22,P6,0.94609135
35bae832-d3e6-469c-84bc-74338d8c9b59.jpg,266/35bae832-d3e6-469c-84bc-74338d8c9b59.jpg,266,S-majority,S-majority,G1,G1,P1,G1,G1,17,P1,0.9573402
aeb23d75-1897-4d66-b456-7058c66bb771.jpg,266/aeb23d75-1897-4d66-b456-7058c66bb771.jpg,266,S-unanimous,S-unanimous,A1,A1,A1,A1,A1,0,A1,0.9839669
e7280846-5dc6-4b02-8b8a-db25fe0b5752.jpg,266/e7280846-5dc6-4b02-8b8a-db25fe0b5752.jpg,266,S-unanimous,S-unanimous,L1,L1,L1,L1,L1,10,L1,0.8418279
dac5a28b-cbfb-43cd-a223-88c51ea60562.jpg,266/dac5a28b-cbfb-43cd-a223-88c51ea60562.jpg,266,S-unanimous,S-unanimous,P1,P1,P1,P1,P1,17,P1,0.9967919
4e3f0413-0316-4b29-b447-1c1e915a6cad.jpg,266/4e3f0413-0316-4b29-b447-1c1e915a6cad.jpg,266,S-unanimous,S-unanimous,G2,G2,G2,G2,G2,6,G1,0.99659795
dbe414ea-30db-4ef9-8cb8-fcac323b71ab.jpg,266/dbe414ea-30db-4ef9-8cb8-fcac323b71ab.jpg,266,S-majority,S-majority,A2,A2,G1,A2,A2,6,G1,0.66986406
0d443bef-8ff2-4b70-ab93-dd05b82e9a4f.jpg,266/0d443bef-8ff2-4b70-ab93-dd05b82e9a4f.jpg,266,S-majority,S-majority,L2,L2,G1,L2,L2,10,L1,0.4767746
9ea37cc0-cba1-4367-a345-26a21c4cf40a.jpg,266/9ea37cc0-cba1-4367-a345-26a21c4cf40a.jpg,266,S-majority,S-majority,P2,P2,P1,P2,P2,17,P1,0.5814502
26f9003b-a309-4daa-9954-1d7407622db5.jpg,266/26f9003b-a309-4daa-9954-1d7407622db5.jpg,266,S-majority,S-majority,G3,G3,G2,G3,G3,7,G2,0.88311464
a2896ab4-2f18-41b4-a24b-29bdddc31ab6.jpg,266/a2896ab4-2f18-41b4-a24b-29bdddc31ab6.jpg,266,S-majority,S-majority,A3,A3,A2,A3,A3,1,A2,0.992857
25a9cfe2-74ae-4b61-9271-8495153fc13c.jpg,266/25a9cfe2-74ae-4b61-9271-8495153fc13c.jpg,266,S-majority,S-majority,L3,L3,L2,L3,L3,11,L2,0.9989784
fd299561-66ff-44ca-bfb6-b063f9d34f52.jpg,266/fd299561-66ff-44ca-bfb6-b063f9d34f52.jpg,266,S-majority,S-majority,P3,P3,P2,P3,P3,18,P2,0.9491745
624e6402-0b34-4da0-b0ce-3cb3812c86ef.jpg,266/624e6402-0b34-4da0-b0ce-3cb3812c86ef.jpg,266,S-unanimous,S-unanimous,G4,G4,G4,G4,G4,9,G4,0.9993812
322b0922-2518-49b9-8471-093dd282cfca.jpg,266/322b0922-2518-49b9-8471-093dd282cfca.jpg,266,S-unanimous,S-unanimous,P4,P4,P4,P4,P4,20,P4,0.99730384
ff589524-4dd4-4a0b-81aa-3c6dc83c6446.jpg,266/ff589524-4dd4-4a0b-81aa-3c6dc83c6446.jpg,266,S-unanimous,S-unanimous,L4,L4,L4,L4,L4,13,L4,0.8964234
8efdf8c9-ccc8-41b0-b50e-ba725b635f2c.jpg,266/8efdf8c9-ccc8-41b0-b50e-ba725b635f2c.jpg,266,S-unanimous,S-unanimous,A4,A4,A4,A4,A4,3,A4,0.9535604
c28c1f53-db17-42dc-a46e-d97f541e1a6d.jpg,266/c28c1f53-db17-42dc-a46e-d97f541e1a6d.jpg,266,S-unanimous,S-unanimous,A5,A5,A5,A5,A5,4,A5,0.974626
9baf7918-7e11-44d8-b0e2-234dfee9e9b1.jpg,266/9baf7918-7e11-44d8-b0e2-234dfee9e9b1.jpg,266,S-unanimous,S-unanimous,L5,L5,L5,L5,L5,13,L4,0.38641375
779efe9f-3b1e-441a-8f1c-f045ed92186a.jpg,266/779efe9f-3b1e-441a-8f1c-f045ed92186a.jpg,266,S-unanimous,S-unanimous,P5,P5,P5,P5,P5,21,P5,0.9994487
d09dcdb1-9dec-4f1d-9b3b-ce01b7cc57ad.jpg,266/d09dcdb1-9dec-4f1d-9b3b-ce01b7cc57ad.jpg,266,S-unanimous,S-unanimous,A6,A6,A6,A6,A6,5,A6,0.999348
a62cd2da-1765-4865-a48f-68f7725fac86.jpg,266/a62cd2da-1765-4865-a48f-68f7725fac86.jpg,266,S-unanimous,S-unanimous,L6,L6,L6,L6,L6,15,L6,0.9990578
7fa0b823-08b4-4590-b7e2-990627532f46.jpg,266/7fa0b823-08b4-4590-b7e2-990627532f46.jpg,266,S-unanimous,S-unanimous,P6,P6,P6,P6,P6,22,P6,0.99996924
871300d4-75ee-4259-b024-67f55e901895.jpg,270/871300d4-75ee-4259-b024-67f55e901895.jpg,270,S-unanimous,S-unanimous,L1,L1,L1,L1,L1,10,L1,0.54944444
9e96ec1d-e64d-467f-9684-7de0fbb4a8c7.jpg,270/9e96ec1d-e64d-467f-9684-7de0fbb4a8c7.jpg,270,S-unanimous,S-unanimous,P1,P1,P1,P1,P1,17,P1,0.99970156
e8df4db7-2997-4ab0-b757-388f42a5ecfd.jpg,270/e8df4db7-2997-4ab0-b757-388f42a5ecfd.jpg,270,S-unanimous,S-unanimous,G1,G1,G1,G1,G1,6,G1,0.8250108
02b54f40-2f86-4b13-8b55-870711454f5d.jpg,270/02b54f40-2f86-4b13-8b55-870711454f5d.jpg,270,S-unanimous,S-unanimous,A1,A1,A1,A1,A1,16,OTHERCLASS,0.8526404
9dbe37c0-f237-449a-8577-562235c282a3.jpg,270/9dbe37c0-f237-449a-8577-562235c282a3.jpg,270,S-plurality,S-plurality,G2,G2,G1,G2,L2,11,L2,0.7641476
8101b015-e32b-4dbb-a4a9-3fc5d4ee50f4.jpg,270/8101b015-e32b-4dbb-a4a9-3fc5d4ee50f4.jpg,270,S-majority,S-majority,P2,P2,OTHERCLASS,P2,P2,18,P2,0.9889311
c1a3de5b-5372-4d6d-abce-1e312d8943b7.jpg,270/c1a3de5b-5372-4d6d-abce-1e312d8943b7.jpg,270,S-majority,S-majority,G2,A2,G2,G2,G2,7,G2,0.9781701
2c309114-9414-4ec8-98e9-fbd4a3ea897c.jpg,270/2c309114-9414-4ec8-98e9-fbd4a3ea897c.jpg,270,S-majority,S-majority,A2,L2,A2,A2,A2,1,A2,0.9498685
6ecc27a4-352e-4d2a-8135-8e75069237e1.jpg,270/6ecc27a4-352e-4d2a-8135-8e75069237e1.jpg,270,S-tied,S-no-majority,,L3,L2,L2,L3,12,L3,0.6239185
5a6509d1-9ba6-47c9-9d14-ea454d4db9e0.jpg,270/5a6509d1-9ba6-47c9-9d14-ea454d4db9e0.jpg,270,S-majority,S-majority,P3,P3,P2,P3,P3,19,P3,0.8905398
843dabb2-2e20-4c65-89a2-78670db65e23.jpg,270/843dabb2-2e20-4c65-89a2-78670db65e23.jpg,270,S-tied,S-no-majority,,G3,G3,A3,A3,8,G3,0.81387645
c7aa7268-e666-4f00-9369-7bf834edc8f4.jpg,270/c7aa7268-e666-4f00-9369-7bf834edc8f4.jpg,270,S-majority,S-majority,L3,L3,L3,L3,OTHERCLASS,12,L3,0.80653894
28b9441f-5b2d-4707-a33c-bc4ad8f168fb.jpg,270/28b9441f-5b2d-4707-a33c-bc4ad8f168fb.jpg,270,S-majority,S-majority,G3,G3,P4,G3,G3,6,G1,0.38189277
691ea6f2-8fce-4d95-80a6-156f7ead6975.jpg,270/691ea6f2-8fce-4d95-80a6-156f7ead6975.jpg,270,S-unanimous,S-unanimous,L4,L4,L4,L4,L4,13,L4,0.9969753
998c68f6-d5d2-4d14-8c54-ffc8b3c73c29.jpg,270/998c68f6-d5d2-4d14-8c54-ffc8b3c73c29.jpg,270,S-unanimous,S-unanimous,A4,A4,A4,A4,A4,3,A4,0.9328581
e0a3489c-1a08-4dc6-8e8f-5772e66654b4.jpg,270/e0a3489c-1a08-4dc6-8e8f-5772e66654b4.jpg,270,S-unanimous,S-unanimous,G4,G4,G4,G4,G4,9,G4,0.570345
95d90c48-ae1b-4d56-98a2-00485cd8b3a5.jpg,270/95d90c48-ae1b-4d56-98a2-00485cd8b3a5.jpg,270,S-tied,S-no-majority,,L5,L5,A5,A5,14,L5,0.8322993
6693a0a3-fa32-488b-a51a-f26928df33a9.jpg,270/6693a0a3-fa32-488b-a51a-f26928df33a9.jpg,270,S-majority,S-majority,OTHERCLASS,P5,OTHERCLASS,OTHERCLASS,OTHERCLASS,16,OTHERCLASS,0.9055641
79fbefb1-098e-4a1a-b8a0-795cd3e370f2.jpg,270/79fbefb1-098e-4a1a-b8a0-795cd3e370f2.jpg,270,S-plurality,S-plurality,L5,A5,L5,L5,P5,20,P4,0.91719633
8ade0e40-2da8-4d0b-bed3-89977cec6fe7.jpg,270/8ade0e40-2da8-4d0b-bed3-89977cec6fe7.jpg,270,S-majority,S-majority,OTHERCLASS,A5,OTHERCLASS,OTHERCLASS,OTHERCLASS,16,OTHERCLASS,0.88519335
f20c0c9d-914a-4c28-964c-ac39de04f2a5.jpg,270/f20c0c9d-914a-4c28-964c-ac39de04f2a5.jpg,270,S-unanimous,S-unanimous,A6,A6,A6,A6,A6,5,A6,0.31558385
448dc7bf-3e51-49a3-a0b3-c89fd19dd53e.jpg,270/448dc7bf-3e51-49a3-a0b3-c89fd19dd53e.jpg,270,S-unanimous,S-unanimous,L6,L6,L6,L6,L6,15,L6,0.9186858
9254f777-fe38-47d0-b1af-e36109103687.jpg,270/9254f777-fe38-47d0-b1af-e36109103687.jpg,270,S-unanimous,S-unanimous,P6,P6,P6,P6,P6,15,L6,0.8169786
6edbfa1e-fa4e-4c0f-813b-e9443b77967d.jpg,286/6edbfa1e-fa4e-4c0f-813b-e9443b77967d.jpg,286,S-majority,S-majority,A1,A1,G1,A1,A1,0,A1,0.69403654
ad9bcecd-11a7-4bb8-a72d-21d117ec55b8.jpg,286/ad9bcecd-11a7-4bb8-a72d-21d117ec55b8.jpg,286,S-unanimous,S-unanimous,G1,G1,G1,G1,G1,6,G1,0.94154704
5a440c5b-798d-4d4a-9e58-72b0b6a98e45.jpg,286/5a440c5b-798d-4d4a-9e58-72b0b6a98e45.jpg,286,S-unanimous,S-unanimous,L1,L1,L1,L1,L1,10,L1,0.9869006
40088d51-5bad-4e9f-95cc-a112b760e608.jpg,286/40088d51-5bad-4e9f-95cc-a112b760e608.jpg,286,S-unanimous,S-unanimous,P1,P1,P1,P1,P1,17,P1,0.85569036
0bf99ef1-0385-47b7-bf81-479d83004184.jpg,286/0bf99ef1-0385-47b7-bf81-479d83004184.jpg,286,S-majority,S-majority,G2,G2,G2,G2,A2,7,G2,0.75725
e777b202-5259-4a6b-ae1b-2e857984302d.jpg,286/e777b202-5259-4a6b-ae1b-2e857984302d.jpg,286,S-majority,S-majority,A2,A2,A2,A2,G2,7,G2,0.37615454
62fa7b47-e18d-4ff0-906a-45e8284e6259.jpg,286/62fa7b47-e18d-4ff0-906a-45e8284e6259.jpg,286,S-unanimous,S-unanimous,L2,L2,L2,L2,L2,12,L3,0.51900786
a73c8236-1986-425f-bb69-e57590576a3e.jpg,286/a73c8236-1986-425f-bb69-e57590576a3e.jpg,286,S-unanimous,S-unanimous,P2,P2,P2,P2,P2,18,P2,0.90761685
902b4664-f70e-4eac-9888-c0cf3a5c5e6e.jpg,286/902b4664-f70e-4eac-9888-c0cf3a5c5e6e.jpg,286,S-unanimous,S-unanimous,G3,G3,G3,G3,G3,8,G3,0.90608376
cb4ceea9-9a6c-496f-b34f-357b2b18620a.jpg,286/cb4ceea9-9a6c-496f-b34f-357b2b18620a.jpg,286,S-unanimous,S-unanimous,A3,A3,A3,A3,A3,2,A3,0.97033936
3c174a56-d2ce-4b59-ad34-91c349ce9a5d.jpg,286/3c174a56-d2ce-4b59-ad34-91c349ce9a5d.jpg,286,S-unanimous,S-unanimous,L3,L3,L3,L3,L3,12,L3,0.9976331
8d53a15e-162b-4012-bdb7-4ceb9a78ce1d.jpg,286/8d53a15e-162b-4012-bdb7-4ceb9a78ce1d.jpg,286,S-unanimous,S-unanimous,P3,P3,P3,P3,P3,19,P3,0.98883945
6d2e441a-e791-4025-8140-07cd1b39a177.jpg,286/6d2e441a-e791-4025-8140-07cd1b39a177.jpg,286,S-unanimous,S-unanimous,G4,G4,G4,G4,G4,9,G4,0.99928963
74e644ee-e4c5-4939-976a-e105d989d4e2.jpg,286/74e644ee-e4c5-4939-976a-e105d989d4e2.jpg,286,S-unanimous,S-unanimous,P4,P4,P4,P4,P4,20,P4,0.99977905
f3f23d3b-badb-4bbd-b834-652daa15c67f.jpg,286/f3f23d3b-badb-4bbd-b834-652daa15c67f.jpg,286,S-plurality,S-plurality,A5,A4,A5,L4,A5,3,A4,0.5409409
f24660f0-ab90-4064-901d-73a35f94d1f8.jpg,286/f24660f0-ab90-4064-901d-73a35f94d1f8.jpg,286,S-majority,S-majority,L4,L4,L4,L4,P4,13,L4,0.99320036
9cfdeb8f-cabe-421d-af6c-a16042c6898a.jpg,286/9cfdeb8f-cabe-421d-af6c-a16042c6898a.jpg,286,S-unanimous,S-unanimous,A6,A6,A6,A6,A6,7,G2,0.7567752
990f973b-490e-480e-9062-a2eab07aa49d.jpg,286/990f973b-490e-480e-9062-a2eab07aa49d.jpg,286,S-unanimous,S-unanimous,L6,L6,L6,L6,L6,15,L6,0.98585814
46905b8c-2531-4e22-b987-c197e7c1dab6.jpg,286/46905b8c-2531-4e22-b987-c197e7c1dab6.jpg,286,S-unanimous,S-unanimous,P6,P6,P6,P6,P6,22,P6,0.99671245
e37b2800-aa00-4a76-8e5f-b757d2a4994a.jpg,286/e37b2800-aa00-4a76-8e5f-b757d2a4994a.jpg,286,S-plurality,S-plurality,A5,A5,L5,A5,L4,14,L5,0.9122351
d6bdb9a0-1c51-40ab-9701-221d38cb8bd9.jpg,286/d6bdb9a0-1c51-40ab-9701-221d38cb8bd9.jpg,286,S-majority,S-majority,L5,L5,A5,L5,L5,14,L5,0.90912145
6763a266-fec5-4475-a001-ab700d1ad114.jpg,286/6763a266-fec5-4475-a001-ab700d1ad114.jpg,286,S-unanimous,S-unanimous,P5,P5,P5,P5,P5,21,P5,0.95660347
56402eb7-fdda-4f06-9201-1e335b1dd246.jpg,304/56402eb7-fdda-4f06-9201-1e335b1dd246.jpg,304,S-unanimous,S-unanimous,L1,L1,L1,L1,L1,10,L1,0.9423275
d56157bb-e260-4731-bc5c-e4865d64c96a.jpg,304/d56157bb-e260-4731-bc5c-e4865d64c96a.jpg,304,S-unanimous,S-unanimous,A1,A1,A1,A1,A1,0,A1,0.9984744
5344bda4-cd13-4706-9040-ab030db6113f.jpg,304/5344bda4-cd13-4706-9040-ab030db6113f.jpg,304,S-unanimous,S-unanimous,G1,G1,G1,G1,G1,6,G1,0.9973131
cf442764-a22e-41dd-9e6b-e5afebfc6c13.jpg,304/cf442764-a22e-41dd-9e6b-e5afebfc6c13.jpg,304,S-unanimous,S-unanimous,P1,P1,P1,P1,P1,17,P1,0.9085297
4ff8ec75-e70d-4118-a3fd-d7c363653e9f.jpg,304/4ff8ec75-e70d-4118-a3fd-d7c363653e9f.jpg,304,S-unanimous,S-unanimous,L6,L6,L6,L6,L6,15,L6,0.9994356
a09ef2df-b64f-443e-81f6-c837a46a90ed.jpg,304/a09ef2df-b64f-443e-81f6-c837a46a90ed.jpg,304,S-unanimous,S-unanimous,P6,P6,P6,P6,P6,22,P6,0.99746776
8238f57a-2ad3-4fac-b7f5-33e2f1817841.jpg,304/8238f57a-2ad3-4fac-b7f5-33e2f1817841.jpg,304,S-unanimous,S-unanimous,P4,P4,P4,P4,P4,20,P4,0.99468684
51011ff1-8f10-428b-96f1-a4db6bcf2467.jpg,304/51011ff1-8f10-428b-96f1-a4db6bcf2467.jpg,304,S-unanimous,S-unanimous,L4,L4,L4,L4,L4,13,L4,0.9460981
48d20d75-b791-421d-803c-61c3d3d41a16.jpg,304/48d20d75-b791-421d-803c-61c3d3d41a16.jpg,304,S-unanimous,S-unanimous,A4,A4,A4,A4,A4,3,A4,0.99807113
b87f32ed-3232-4eef-b680-bef8e002439f.jpg,304/b87f32ed-3232-4eef-b680-bef8e002439f.jpg,304,S-unanimous,S-unanimous,G4,G4,G4,G4,G4,9,G4,0.97924316
3b461319-3a1d-4a29-bf7d-5df5de2c5ea1.jpg,304/3b461319-3a1d-4a29-bf7d-5df5de2c5ea1.jpg,304,S-tied,S-no-majority,,A5,A5,L5,L5,14,L5,0.9318437
ccfaa76a-a467-4968-8576-b7c7ca7dbec9.jpg,304/ccfaa76a-a467-4968-8576-b7c7ca7dbec9.jpg,304,S-unanimous,S-unanimous,L5,L5,L5,L5,L5,14,L5,0.9897119
b24c2320-ccc9-4859-a803-bbac4fd04fea.jpg,307/b24c2320-ccc9-4859-a803-bbac4fd04fea.jpg,307,S-unanimous,S-unanimous,OTHERCLASS,OTHERCLASS,OTHERCLASS,OTHERCLASS,OTHERCLASS,16,OTHERCLASS,0.9336692
f39142de-1867-4517-b1ce-9f6f16243198.jpg,307/f39142de-1867-4517-b1ce-9f6f16243198.jpg,307,S-unanimous,S-unanimous,L1,L1,L1,L1,L1,10,L1,0.8185332
30eff1ba-78ac-480b-9c52-feb69c14c1ef.jpg,307/30eff1ba-78ac-480b-9c52-feb69c14c1ef.jpg,307,S-majority,S-majority,G1,G1,P1,G1,G1,6,G1,0.93671167
9090df90-c36c-4d7e-862d-b1333f43d7e7.jpg,307/9090df90-c36c-4d7e-862d-b1333f43d7e7.jpg,307,S-unanimous,S-unanimous,P1,P1,P1,P1,P1,17,P1,0.99998724
b7c711b6-d6ff-4681-8a52-c10dfde42176.jpg,307/b7c711b6-d6ff-4681-8a52-c10dfde42176.jpg,307,S-unanimous,S-unanimous,A1,A1,A1,A1,A1,0,A1,0.9996871
ae646719-8938-4ad3-a291-459d8ce62a29.jpg,307/ae646719-8938-4ad3-a291-459d8ce62a29.jpg,307,S-dispersed,S-no-majority,,L2,G1,P1,P2,10,L1,0.8877842
c6e820b1-2a70-4c08-a706-f62b1f192ab2.jpg,307/c6e820b1-2a70-4c08-a706-f62b1f192ab2.jpg,307,S-plurality,S-plurality,A2,A2,G2,A3,A2,1,A2,0.9964896
7ed6e8a7-42bc-4953-b12a-b1d40f64f8c9.jpg,307/7ed6e8a7-42bc-4953-b12a-b1d40f64f8c9.jpg,307,S-majority,S-majority,L2,L2,OTHERCLASS,L2,L2,10,L1,0.8778957
f0b35a3e-a651-4f0f-9604-7178c539fd73.jpg,307/f0b35a3e-a651-4f0f-9604-7178c539fd73.jpg,307,S-majority,S-majority,G2,G2,OTHERCLASS,G2,G2,6,G1,0.6152658
740539f9-aa23-4343-96c3-888891e18734.jpg,307/740539f9-aa23-4343-96c3-888891e18734.jpg,307,S-plurality,S-plurality,P2,P2,P2,P1,OTHERCLASS,17,P1,0.6295192
16ab98ab-31e0-4dc3-831b-25e8dc3dbcb1.jpg,307/16ab98ab-31e0-4dc3-831b-25e8dc3dbcb1.jpg,307,S-unanimous,S-unanimous,G3,G3,G3,G3,G3,1,A2,0.40566278
22a1bd36-89a3-488e-8fed-4204fb7bc597.jpg,307/22a1bd36-89a3-488e-8fed-4204fb7bc597.jpg,307,S-plurality,S-plurality,A2,L3,A2,A2,A3,1,A2,0.9745439
73b3a51d-b1f6-4d37-92c5-d872f055df64.jpg,307/73b3a51d-b1f6-4d37-92c5-d872f055df64.jpg,307,S-majority,S-majority,L3,L3,L2,L3,L3,11,L2,0.9978478
71a0cc79-a9d8-404c-87e2-37685c67bdcc.jpg,307/71a0cc79-a9d8-404c-87e2-37685c67bdcc.jpg,307,S-tied,S-no-majority,,P3,P2,P2,P3,18,P2,0.99801147
a20c9418-bcba-44a5-ab64-8d36e64c9068.jpg,307/a20c9418-bcba-44a5-ab64-8d36e64c9068.jpg,307,S-unanimous,S-unanimous,G4,G4,G4,G4,G4,9,G4,0.96980876
ec034ce9-e836-4cff-88ad-886623a345a6.jpg,307/ec034ce9-e836-4cff-88ad-886623a345a6.jpg,307,S-majority,S-majority,A4,A4,OTHERCLASS,A4,A4,3,A4,0.8846294
a84ef19a-08d9-4789-ac20-f5519e94fd95.jpg,307/a84ef19a-08d9-4789-ac20-f5519e94fd95.jpg,307,S-majority,S-majority,P4,P4,OTHERCLASS,P4,P4,20,P4,0.96653396
febc9fb3-ce8b-449f-a35a-6af938188988.jpg,307/febc9fb3-ce8b-449f-a35a-6af938188988.jpg,307,S-majority,S-majority,P4,L4,P4,P4,P4,20,P4,0.9919076
5221cc13-dd73-4a93-91e2-18341cf3704e.jpg,307/5221cc13-dd73-4a93-91e2-18341cf3704e.jpg,307,S-majority,S-majority,L5,L5,A5,L5,L5,14,L5,0.56452644
4d3e80a3-67ae-4e1b-8eff-4d0a67f46da9.jpg,307/4d3e80a3-67ae-4e1b-8eff-4d0a67f46da9.jpg,307,S-majority,S-majority,A5,A5,L5,A5,A5,21,P5,0.5543416
6c032cdd-9a91-4826-b40a-b1ad33f210ba.jpg,307/6c032cdd-9a91-4826-b40a-b1ad33f210ba.jpg,307,S-plurality,S-plurality,OTHERCLASS,P5,OTHERCLASS,A5,OTHERCLASS,14,L5,0.93028367
6b749789-b248-40af-b1b9-e8a314ddb550.jpg,307/6b749789-b248-40af-b1b9-e8a314ddb550.jpg,307,S-unanimous,S-unanimous,A6,A6,A6,A6,A6,5,A6,0.98407125
eba88bff-e937-481b-bfe7-7e16d604446a.jpg,307/eba88bff-e937-481b-bfe7-7e16d604446a.jpg,307,S-unanimous,S-unanimous,L6,L6,L6,L6,L6,15,L6,0.99283457
9a257752-3f47-458e-bc1b-d744c3edb5bf.jpg,307/9a257752-3f47-458e-bc1b-d744c3edb5bf.jpg,307,S-unanimous,S-unanimous,P6,P6,P6,P6,P6,22,P6,0.99962795
6fd11eed-c5bf-4f39-84aa-e9f11f5aacb0.jpg,316/6fd11eed-c5bf-4f39-84aa-e9f11f5aacb0.jpg,316,S-unanimous,S-unanimous,L1,L1,L1,L1,L1,10,L1,0.99935776
f11ec90f-60c7-42ac-884f-349893f9d8d7.jpg,316/f11ec90f-60c7-42ac-884f-349893f9d8d7.jpg,316,S-unanimous,S-unanimous,G1,G1,G1,G1,G1,6,G1,0.99445385
4dfc74b0-dcdb-46d2-a15e-77965e2ae8d0.jpg,316/4dfc74b0-dcdb-46d2-a15e-77965e2ae8d0.jpg,316,S-unanimous,S-unanimous,A1,A1,A1,A1,A1,0,A1,0.99948275
0bc883fc-5af2-4c59-83be-619fdbecabc0.jpg,316/0bc883fc-5af2-4c59-83be-619fdbecabc0.jpg,316,S-unanimous,S-unanimous,P1,P1,P1,P1,P1,17,P1,0.99915624
a36f62b8-cca3-4806-b1c1-362cf3601b81.jpg,316/a36f62b8-cca3-4806-b1c1-362cf3601b81.jpg,316,S-unanimous,S-unanimous,G2,G2,G2,G2,G2,1,A2,0.5799112
038ea3e3-9f92-4bc1-83cb-34cbb2578ca4.jpg,316/038ea3e3-9f92-4bc1-83cb-34cbb2578ca4.jpg,316,S-unanimous,S-unanimous,A2,A2,A2,A2,A2,12,L3,0.3066135
bfbd09a1-34fa-4c9d-a66a-d7914a2fcdc6.jpg,316/bfbd09a1-34fa-4c9d-a66a-d7914a2fcdc6.jpg,316,S-unanimous,S-unanimous,L2,L2,L2,L2,L2,11,L2,0.9675482
fdb34888-4a13-4536-a214-56d1edc4a40c.jpg,316/fdb34888-4a13-4536-a214-56d1edc4a40c.jpg,316,S-unanimous,S-unanimous,P2,P2,P2,P2,P2,18,P2,0.52142495
3fd7dd3a-c0d7-4fd1-b24e-6f585e02ceef.jpg,316/3fd7dd3a-c0d7-4fd1-b24e-6f585e02ceef.jpg,316,S-unanimous,S-unanimous,G3,G3,G3,G3,G3,2,A3,0.8683319
1c997acc-476a-4921-9829-9b922a79ffec.jpg,316/1c997acc-476a-4921-9829-9b922a79ffec.jpg,316,S-unanimous,S-unanimous,A3,A3,A3,A3,A3,2,A3,0.56045276
e833f378-5c8f-4244-bbe8-5b12d615f818.jpg,316/e833f378-5c8f-4244-bbe8-5b12d615f818.jpg,316,S-unanimous,S-unanimous,L3,L3,L3,L3,L3,12,L3,0.9883365
ab821f14-8a25-4bce-bdc8-f4d3b6f8a1ef.jpg,316/ab821f14-8a25-4bce-bdc8-f4d3b6f8a1ef.jpg,316,S-unanimous,S-unanimous,P3,P3,P3,P3,P3,19,P3,0.9863694
525df7e7-22d4-4fe6-a4fb-f79687f3a8f6.jpg,316/525df7e7-22d4-4fe6-a4fb-f79687f3a8f6.jpg,316,S-unanimous,S-unanimous,G4,G4,G4,G4,G4,9,G4,0.99890125
b6a34cfe-3e0e-4158-a43b-3dc7666632b1.jpg,316/b6a34cfe-3e0e-4158-a43b-3dc7666632b1.jpg,316,S-unanimous,S-unanimous,A4,A4,A4,A4,A4,3,A4,0.9954071
031a040b-66f1-461d-bcfb-18f84af96feb.jpg,316/031a040b-66f1-461d-bcfb-18f84af96feb.jpg,316,S-unanimous,S-unanimous,L4,L4,L4,L4,L4,13,L4,0.68705004
8b03fc3f-610a-461a-8223-eb5fed4fa4cf.jpg,316/8b03fc3f-610a-461a-8223-eb5fed4fa4cf.jpg,316,S-unanimous,S-unanimous,P4,P4,P4,P4,P4,20,P4,0.99096125
6bd571cc-8c76-4d8a-b04e-ec70de670d5e.jpg,316/6bd571cc-8c76-4d8a-b04e-ec70de670d5e.jpg,316,S-majority,S-majority,A5,A5,L5,A5,A5,16,OTHERCLASS,0.43791437
9a433c9f-bfc9-40c6-8074-5710dbd7df3e.jpg,316/9a433c9f-bfc9-40c6-8074-5710dbd7df3e.jpg,316,S-majority,S-majority,L5,L5,A5,L5,L5,13,L4,0.8377745
9b8a6bd8-2059-450e-9748-014b8ac6561a.jpg,316/9b8a6bd8-2059-450e-9748-014b8ac6561a.jpg,316,S-unanimous,S-unanimous,P5,P5,P5,P5,P5,20,P4,0.6463792
30ca3cc0-4ecd-455a-a75b-9e64fd47939a.jpg,316/30ca3cc0-4ecd-455a-a75b-9e64fd47939a.jpg,316,S-unanimous,S-unanimous,A6,A6,A6,A6,A6,5,A6,0.99999833
a9247872-2003-418f-a4b5-3b69553a1099.jpg,316/a9247872-2003-418f-a4b5-3b69553a1099.jpg,316,S-unanimous,S-unanimous,L6,L6,L6,L6,L6,15,L6,0.98419636
6c859340-0afb-4908-94aa-bb740d2dba3a.jpg,316/6c859340-0afb-4908-94aa-bb740d2dba3a.jpg,316,S-unanimous,S-unanimous,P6,P6,P6,P6,P6,22,P6,0.99999
578b1337-9fad-4d56-8aa6-6a93006fae88.jpg,327/578b1337-9fad-4d56-8aa6-6a93006fae88.jpg,327,S-unanimous,S-unanimous,A1,A1,A1,A1,A1,0,A1,0.80273855
ce84b64c-a7c8-477e-900f-a05a354d540b.jpg,327/ce84b64c-a7c8-477e-900f-a05a354d540b.jpg,327,S-unanimous,S-unanimous,L1,L1,L1,L1,L1,10,L1,0.99931264
262c32d7-40e6-4908-930c-72aa45a63b99.jpg,327/262c32d7-40e6-4908-930c-72aa45a63b99.jpg,327,S-unanimous,S-unanimous,P1,P1,P1,P1,P1,17,P1,0.99731964
2fc820ef-33be-4fd7-87f1-e8b820fdf81a.jpg,327/2fc820ef-33be-4fd7-87f1-e8b820fdf81a.jpg,327,S-unanimous,S-unanimous,G1,G1,G1,G1,G1,7,G2,0.9533472
d8321761-bb80-4f09-b413-253aaffc4cf2.jpg,327/d8321761-bb80-4f09-b413-253aaffc4cf2.jpg,327,S-unanimous,S-unanimous,A1,A1,A1,A1,A1,0,A1,0.8726298
ad0e4e5e-33ed-4610-bb64-ae00968a6b14.jpg,327/ad0e4e5e-33ed-4610-bb64-ae00968a6b14.jpg,327,S-plurality,S-plurality,L2,L2,L1,L2,L3,10,L1,0.95657575
a716aa78-64fa-464e-b55a-3d222779eb17.jpg,327/a716aa78-64fa-464e-b55a-3d222779eb17.jpg,327,S-unanimous,S-unanimous,P2,P2,P2,P2,P2,18,P2,0.89903194
1d7a8180-27e5-4d19-99b8-8c0c610968a5.jpg,327/1d7a8180-27e5-4d19-99b8-8c0c610968a5.jpg,327,S-plurality,S-plurality,G2,G2,G2,A2,OTHERCLASS,5,A6,0.32257998
462ab673-ed91-4eed-bac5-624e9e59642e.jpg,327/462ab673-ed91-4eed-bac5-624e9e59642e.jpg,327,S-majority,S-majority,G2,G2,G2,G2,G3,7,G2,0.9795405
5f03829e-f0b5-4489-8bb7-9eff3598536b.jpg,327/5f03829e-f0b5-4489-8bb7-9eff3598536b.jpg,327,S-majority,S-majority,A2,A2,A2,A3,A2,1,A2,0.9991677
1ef568bc-c50a-4224-836e-6b4b2cb39518.jpg,327/1ef568bc-c50a-4224-836e-6b4b2cb39518.jpg,327,S-tied,S-no-majority,,L2,L2,L3,L3,11,L2,0.77363884
a78c5fb8-6eba-4e8c-bc00-5c566e9f1f33.jpg,327/a78c5fb8-6eba-4e8c-bc00-5c566e9f1f33.jpg,327,S-majority,S-majority,P3,P3,P2,P3,P3,18,P2,0.8429593
1b03c681-0e56-41b9-b031-412d0304ca8b.jpg,327/1b03c681-0e56-41b9-b031-412d0304ca8b.jpg,327,S-plurality,S-plurality,A4,A4,A5,G4,A4,4,A5,0.75796926
878ad74c-80c8-412a-bc4c-99a6ce81df27.jpg,327/878ad74c-80c8-412a-bc4c-99a6ce81df27.jpg,327,S-plurality,S-plurality,A4,L4,L5,A4,A4,3,A4,0.9285114
f6ce193c-040d-43c0-8e22-6a452b4e667e.jpg,327/f6ce193c-040d-43c0-8e22-6a452b4e667e.jpg,327,S-plurality,S-plurality,L4,P4,L4,L4,P5,14,L5,0.84450287
4f7c38d8-6441-456c-a672-191977d0a3a6.jpg,327/4f7c38d8-6441-456c-a672-191977d0a3a6.jpg,327,S-plurality,S-plurality,A5,A5,L5,A5,L4,4,A5,0.9717817
ba51c33b-e2fa-46f2-89ba-104e565561d0.jpg,327/ba51c33b-e2fa-46f2-89ba-104e565561d0.jpg,327,S-plurality,S-plurality,A5,L5,A5,P5,A5,4,A5,0.6436727
dc4b5f07-198a-4007-bbef-5f44e212e24f.jpg,327/dc4b5f07-198a-4007-bbef-5f44e212e24f.jpg,327,S-plurality,S-plurality,L5,P5,A5,L5,L5,14,L5,0.9681497
139f75de-dbdc-428e-9db4-3bb11894ce74.jpg,327/139f75de-dbdc-428e-9db4-3bb11894ce74.jpg,327,S-majority,S-majority,A2,A6,A2,A2,A2,0,A1,0.56527936
fb916c23-a9b0-4e24-b412-309568052c60.jpg,327/fb916c23-a9b0-4e24-b412-309568052c60.jpg,327,S-plurality,S-plurality,L2,P6,L2,L6,L2,11,L2,0.994816
2990cf61-f043-42ce-8dff-98ef9bb6ffd8.jpg,327/2990cf61-f043-42ce-8dff-98ef9bb6ffd8.jpg,327,S-unanimous,S-unanimous,P6,P6,P6,P6,P6,22,P6,0.99767226
49ef9659-50f0-495b-bad8-ab61c5e8b31b.jpg,327/49ef9659-50f0-495b-bad8-ab61c5e8b31b.jpg,327,S-unanimous,S-unanimous,L6,L6,L6,L6,L6,15,L6,0.9903742
8aa6f28c-e4ce-4eb3-bf92-b0f968b53426.jpg,327/8aa6f28c-e4ce-4eb3-bf92-b0f968b53426.jpg,327,S-unanimous,S-unanimous,A6,A6,A6,A6,A6,5,A6,0.99844825
8e99a149-001a-4625-aa23-9adc5acdbe34.jpg,329/8e99a149-001a-4625-aa23-9adc5acdbe34.jpg,329,S-unanimous,S-unanimous,A1,A1,A1,A1,A1,10,L1,0.8936906
e20901b8-8c33-438f-addf-a901d3afb8ca.jpg,329/e20901b8-8c33-438f-addf-a901d3afb8ca.jpg,329,S-unanimous,S-unanimous,L1,L1,L1,L1,L1,10,L1,0.9742364
7387d7a7-b914-4e42-ad72-35f467586c22.jpg,329/7387d7a7-b914-4e42-ad72-35f467586c22.jpg,329,S-unanimous,S-unanimous,P1,P1,P1,P1,P1,17,P1,0.99984765
28caa47d-7ec5-4eb7-b7d2-e53006f49691.jpg,329/28caa47d-7ec5-4eb7-b7d2-e53006f49691.jpg,329,S-unanimous,S-unanimous,G1,G1,G1,G1,G1,6,G1,0.8496935
90f1aad6-8181-4331-b1f5-5f339013c59a.jpg,329/90f1aad6-8181-4331-b1f5-5f339013c59a.jpg,329,S-majority,S-majority,A2,A2,G2,A2,A2,1,A2,0.6191753
e42cb4af-14cb-44bf-bce8-6e905b983f99.jpg,329/e42cb4af-14cb-44bf-bce8-6e905b983f99.jpg,329,S-unanimous,S-unanimous,L2,L2,L2,L2,L2,11,L2,0.48885238
5a58fd43-80ef-471a-8fbc-3c28ea81f5cd.jpg,329/5a58fd43-80ef-471a-8fbc-3c28ea81f5cd.jpg,329,S-unanimous,S-unanimous,P2,P2,P2,P2,P2,17,P1,0.6219487
8537478e-2a49-4ab2-b246-4ddc3ce65527.jpg,329/8537478e-2a49-4ab2-b246-4ddc3ce65527.jpg,329,S-unanimous,S-unanimous,G2,G2,G2,G2,G2,7,G2,0.98799986
11e4ea9a-61ae-4d04-a73f-7d2274bc9c0b.jpg,329/11e4ea9a-61ae-4d04-a73f-7d2274bc9c0b.jpg,329,S-majority,S-majority,A3,A3,A2,A3,A3,8,G3,0.7411982
46c87a30-f6cb-4c75-bfd9-7989d73d39a6.jpg,329/46c87a30-f6cb-4c75-bfd9-7989d73d39a6.jpg,329,S-unanimous,S-unanimous,L3,L3,L3,L3,L3,11,L2,0.592688
10feca98-f8f7-436c-a1e9-d4c2e3d47e9e.jpg,329/10feca98-f8f7-436c-a1e9-d4c2e3d47e9e.jpg,329,S-unanimous,S-unanimous,P3,P3,P3,P3,P3,12,L3,0.6016374
e83f763b-da24-4b36-a3e9-210db1cd8f01.jpg,329/e83f763b-da24-4b36-a3e9-210db1cd8f01.jpg,329,S-unanimous,S-unanimous,G3,G3,G3,G3,G3,8,G3,0.8733172
e0893811-1c8c-4c42-a403-4bf35d502c8f.jpg,334/e0893811-1c8c-4c42-a403-4bf35d502c8f.jpg,334,S-unanimous,S-unanimous,A1,A1,A1,A1,A1,0,A1,0.99841964
eba67103-1576-4930-b15e-28cb61990b6a.jpg,334/eba67103-1576-4930-b15e-28cb61990b6a.jpg,334,S-unanimous,S-unanimous,L1,L1,L1,L1,L1,10,L1,0.9823486
36cca2d6-d119-4744-966e-75ec3bf498a0.jpg,334/36cca2d6-d119-4744-966e-75ec3bf498a0.jpg,334,S-unanimous,S-unanimous,P1,P1,P1,P1,P1,17,P1,0.99989164
74e8ff8f-bd37-4415-9420-7d7edb683eba.jpg,334/74e8ff8f-bd37-4415-9420-7d7edb683eba.jpg,334,S-unanimous,S-unanimous,G1,G1,G1,G1,G1,6,G1,0.99257034
d542a923-cb2c-43ad-b5e5-09c0dab5f612.jpg,334/d542a923-cb2c-43ad-b5e5-09c0dab5f612.jpg,334,S-majority,S-majority,A2,A2,OTHERCLASS,A2,A2,0,A1,0.6099753
73e8163a-8d6a-4d99-83bc-81c192d0f160.jpg,334/73e8163a-8d6a-4d99-83bc-81c192d0f160.jpg,334,S-majority,S-majority,L2,L2,OTHERCLASS,L2,L2,10,L1,0.94087666
d2d59961-fc05-41e9-bd0c-18c17e783fbc.jpg,334/d2d59961-fc05-41e9-bd0c-18c17e783fbc.jpg,334,S-unanimous,S-unanimous,P2,P2,P2,P2,P2,18,P2,0.9988201
82de62d3-7fb0-4534-8997-99c60aa3169e.jpg,334/82de62d3-7fb0-4534-8997-99c60aa3169e.jpg,334,S-unanimous,S-unanimous,G2,G2,G2,G2,G2,7,G2,0.9202727
b4d38ad1-3fd8-4f34-842c-00d5b7e0d850.jpg,334/b4d38ad1-3fd8-4f34-842c-00d5b7e0d850.jpg,334,S-majority,S-majority,A3,A3,A2,A3,A3,1,A2,0.96593505
8cb56324-80f2-46c2-a8ac-af91c202cde5.jpg,334/8cb56324-80f2-46c2-a8ac-af91c202cde5.jpg,334,S-majority,S-majority,L3,L3,L2,L3,L3,11,L2,0.8687071
d787ae23-79f9-454a-805b-3e1fc844019e.jpg,334/d787ae23-79f9-454a-805b-3e1fc844019e.jpg,334,S-unanimous,S-unanimous,P3,P3,P3,P3,P3,18,P2,0.96137
c7ab83a0-d2c0-45de-aa2a-fd3d2a26d26b.jpg,334/c7ab83a0-d2c0-45de-aa2a-fd3d2a26d26b.jpg,334,S-unanimous,S-unanimous,G3,G3,G3,G3,G3,8,G3,0.94274294
1e95ec2c-8485-4534-86f9-f5447afe04c0.jpg,334/1e95ec2c-8485-4534-86f9-f5447afe04c0.jpg,334,S-unanimous,S-unanimous,G4,G4,G4,G4,G4,9,G4,0.9961511
fe0348f4-cee9-481a-bfd6-d8c6b8cbd2c3.jpg,334/fe0348f4-cee9-481a-bfd6-d8c6b8cbd2c3.jpg,334,S-unanimous,S-unanimous,P4,P4,P4,P4,P4,20,P4,0.9802256
5c51663d-7026-4cfa-9838-86d8ac3d560b.jpg,334/5c51663d-7026-4cfa-9838-86d8ac3d560b.jpg,334,S-tied,S-no-majority,,A4,A4,L4,L4,3,A4,0.82690436
27ddd922-604e-445b-b136-caba6fb6e668.jpg,334/27ddd922-604e-445b-b136-caba6fb6e668.jpg,334,S-majority,S-majority,A4,L4,A4,A4,A4,3,A4,0.92442155
4c074955-16d7-40e5-b7f7-ab8723ea859d.jpg,334/4c074955-16d7-40e5-b7f7-ab8723ea859d.jpg,334,S-unanimous,S-unanimous,A5,A5,A5,A5,A5,4,A5,0.9950004
fb0a5d62-d684-4f51-989f-62e31ec9cddc.jpg,334/fb0a5d62-d684-4f51-989f-62e31ec9cddc.jpg,334,S-unanimous,S-unanimous,L5,L5,L5,L5,L5,14,L5,0.9972609
2765c95f-1287-4901-ac17-97928410cbba.jpg,334/2765c95f-1287-4901-ac17-97928410cbba.jpg,334,S-majority,S-majority,P5,P5,L5,P5,P5,21,P5,0.35517576
c0fb030e-a4cc-4dd7-8769-724e51adeff3.jpg,334/c0fb030e-a4cc-4dd7-8769-724e51adeff3.jpg,334,S-unanimous,S-unanimous,A6,A6,A6,A6,A6,5,A6,0.9999902
86249db3-f4c7-4ce7-9941-997f30904ce0.jpg,334/86249db3-f4c7-4ce7-9941-997f30904ce0.jpg,334,S-unanimous,S-unanimous,L6,L6,L6,L6,L6,15,L6,0.987135
09820a78-3247-4857-9312-44dc1a537402.jpg,334/09820a78-3247-4857-9312-44dc1a537402.jpg,334,S-unanimous,S-unanimous,P6,P6,P6,P6,P6,22,P6,0.75880617
858d9cf3-5c05-41b9-967f-a77917e73b2a.jpg,337/858d9cf3-5c05-41b9-967f-a77917e73b2a.jpg,337,S-unanimous,S-unanimous,OTHERCLASS,OTHERCLASS,OTHERCLASS,OTHERCLASS,OTHERCLASS,16,OTHERCLASS,0.9998462
980aaf7c-f913-4566-8895-7351ee251f14.jpg,337/980aaf7c-f913-4566-8895-7351ee251f14.jpg,337,S-unanimous,S-unanimous,A1,A1,A1,A1,A1,6,G1,0.9976659
807b5791-af1f-40b1-b63a-60b8bb6d23f9.jpg,337/807b5791-af1f-40b1-b63a-60b8bb6d23f9.jpg,337,S-majority,S-majority,L1,L1,A1,L1,L1,10,L1,0.61129636
6ba24e5a-5b5c-496f-8b54-b450eb47bc49.jpg,337/6ba24e5a-5b5c-496f-8b54-b450eb47bc49.jpg,337,S-unanimous,S-unanimous,P1,P1,P1,P1,P1,17,P1,0.9994803
13f6fa58-c564-4fd0-bb9c-eb75535a2b9b.jpg,337/13f6fa58-c564-4fd0-bb9c-eb75535a2b9b.jpg,337,S-unanimous,S-unanimous,G1,G1,G1,G1,G1,6,G1,0.9999337
802878ba-1b70-4491-9624-cdac0658094c.jpg,337/802878ba-1b70-4491-9624-cdac0658094c.jpg,337,S-majority,S-majority,G2,G2,G2,A2,G2,7,G2,0.98184294
f5427171-12d7-47b1-ac95-fb2d6f9ee804.jpg,337/f5427171-12d7-47b1-ac95-fb2d6f9ee804.jpg,337,S-plurality,S-plurality,OTHERCLASS,L1,OTHERCLASS,L2,OTHERCLASS,10,L1,0.5088619
53fe344b-f0f1-408c-a266-4a4519697ef1.jpg,337/53fe344b-f0f1-408c-a266-4a4519697ef1.jpg,337,S-tied,S-no-majority,,P1,P1,P2,P2,17,P1,0.61429334
0bbec53c-a66e-4ab1-aac9-791465831240.jpg,337/0bbec53c-a66e-4ab1-aac9-791465831240.jpg,337,S-majority,S-majority,G2,G2,G1,G2,G2,7,G2,0.9977552
9173437e-9b4a-47d5-a310-393e5864ae0d.jpg,337/9173437e-9b4a-47d5-a310-393e5864ae0d.jpg,337,S-plurality,S-plurality,A2,G2,A2,A3,A2,7,G2,0.9860708
d1a0e37b-859e-44f5-b9a3-daffa1d235a7.jpg,337/d1a0e37b-859e-44f5-b9a3-daffa1d235a7.jpg,337,S-majority,S-majority,L2,L2,L2,L3,L2,11,L2,0.9931318
3c49458e-ccb9-472b-a357-d8bce6d68fd6.jpg,337/3c49458e-ccb9-472b-a357-d8bce6d68fd6.jpg,337,S-majority,S-majority,P2,P2,P2,P3,P2,18,P2,0.9446747
286156a9-e858-4870-9006-b82e733ee3d3.jpg,337/286156a9-e858-4870-9006-b82e733ee3d3.jpg,337,S-unanimous,S-unanimous,G3,G3,G3,G3,G3,8,G3,0.9518409
e93ebbc0-641c-4a89-9931-b557f99b3c40.jpg,337/e93ebbc0-641c-4a89-9931-b557f99b3c40.jpg,337,S-tied,S-no-majority,,A3,A3,G3,G3,8,G3,0.9933559
4e972547-6825-4615-a72b-bfe4835b850f.jpg,337/4e972547-6825-4615-a72b-bfe4835b850f.jpg,337,S-majority,S-majority,L3,L3,L3,L3,A3,12,L3,0.7143098
0404c0d8-6075-46a9-b304-2193fe4ad477.jpg,337/0404c0d8-6075-46a9-b304-2193fe4ad477.jpg,337,S-unanimous,S-unanimous,P3,P3,P3,P3,P3,8,G3,0.9690507
cff8703a-53ff-4aa3-b6fa-6a6902627917.jpg,337/cff8703a-53ff-4aa3-b6fa-6a6902627917.jpg,337,S-majority,S-majority,G3,G3,OTHERCLASS,G3,G3,9,G4,0.46571186
07a25d0a-c251-494f-9314-8402f1516e72.jpg,337/07a25d0a-c251-494f-9314-8402f1516e72.jpg,337,S-majority,S-majority,G4,A4,G4,G4,G4,9,G4,0.9988914
9b8a79c7-a968-4b17-96e2-bdcbc7cf476a.jpg,337/9b8a79c7-a968-4b17-96e2-bdcbc7cf476a.jpg,337,S-majority,S-majority,P4,P4,L4,P4,P4,16,OTHERCLASS,0.6980328
d450341e-8bfb-4f29-98e5-8d8cfaa9387b.jpg,337/d450341e-8bfb-4f29-98e5-8d8cfaa9387b.jpg,337,S-unanimous,S-unanimous,L4,L4,L4,L4,L4,13,L4,0.82952654
5d97f7c9-3452-46ce-b821-250ea226577b.jpg,337/5d97f7c9-3452-46ce-b821-250ea226577b.jpg,337,S-unanimous,S-unanimous,A4,A4,A4,A4,A4,3,A4,0.99843806
3ae86240-3149-4a57-82c3-4511bb38b566.jpg,337/3ae86240-3149-4a57-82c3-4511bb38b566.jpg,337,S-majority,S-majority,A5,A5,A5,A5,L4,4,A5,0.8767352
31a9000e-3278-4ecb-bd1a-207b17dd39c7.jpg,337/31a9000e-3278-4ecb-bd1a-207b17dd39c7.jpg,337,S-unanimous,S-unanimous,L5,L5,L5,L5,L5,14,L5,0.99929893
1193b60d-ae6b-4c26-a38b-214d30b7d384.jpg,337/1193b60d-ae6b-4c26-a38b-214d30b7d384.jpg,337,S-majority,S-majority,L5,P5,L5,L5,L5,14,L5,0.9986382
a305e662-2c0c-4a86-abc0-ab244b2b6f65.jpg,337/a305e662-2c0c-4a86-abc0-ab244b2b6f65.jpg,337,S-unanimous,S-unanimous,A6,A6,A6,A6,A6,5,A6,0.99871576
4bb9cf73-5a64-4d70-92b9-17389c717255.jpg,337/4bb9cf73-5a64-4d70-92b9-17389c717255.jpg,337,S-unanimous,S-unanimous,L6,L6,L6,L6,L6,15,L6,0.98135227
619afaa4-3c91-443a-844c-276c660950d6.jpg,337/619afaa4-3c91-443a-844c-276c660950d6.jpg,337,S-unanimous,S-unanimous,P6,P6,P6,P6,P6,22,P6,0.9965934
18e3fc5a-d156-462a-bbc6-65fa3505ad28.jpg,337/18e3fc5a-d156-462a-bbc6-65fa3505ad28.jpg,337,S-unanimous,S-unanimous,OTHERCLASS,OTHERCLASS,OTHERCLASS,OTHERCLASS,OTHERCLASS,16,OTHERCLASS,0.9975356
3b150a26-133c-499e-8030-e45aac6814d9.jpg,337/3b150a26-133c-499e-8030-e45aac6814d9.jpg,337,S-unanimous,S-unanimous,OTHERCLASS,OTHERCLASS,OTHERCLASS,OTHERCLASS,OTHERCLASS,16,OTHERCLASS,0.9995165
58b88276-7a23-42dc-985a-9ab1e826d470.jpg,354/58b88276-7a23-42dc-985a-9ab1e826d470.jpg,354,S-unanimous,S-unanimous,A1,A1,A1,A1,A1,0,A1,0.8499904
d0a59668-1bc7-40d1-9707-444f73ce8bab.jpg,354/d0a59668-1bc7-40d1-9707-444f73ce8bab.jpg,354,S-majority,S-majority,L1,L1,L2,L1,L1,10,L1,0.9592246
4c2691f4-ba78-46bc-8aa5-595399446d26.jpg,354/4c2691f4-ba78-46bc-8aa5-595399446d26.jpg,354,S-unanimous,S-unanimous,P1,P1,P1,P1,P1,17,P1,0.9998739
572227e4-fa66-4a38-9848-ef3ae28ef40b.jpg,354/572227e4-fa66-4a38-9848-ef3ae28ef40b.jpg,354,S-unanimous,S-unanimous,G1,G1,G1,G1,G1,6,G1,0.93050444
3941c1f6-c959-4250-88ed-ac2de16e3277.jpg,354/3941c1f6-c959-4250-88ed-ac2de16e3277.jpg,354,S-plurality,S-plurality,A2,A2,OTHERCLASS,A2,A3,1,A2,0.8363894
727b0ea7-fc87-457e-bffd-99da95ccc23d.jpg,354/727b0ea7-fc87-457e-bffd-99da95ccc23d.jpg,354,S-plurality,S-plurality,L2,L2,OTHERCLASS,L2,A2,11,L2,0.6122682
979773af-91be-4c01-b297-e48b9e92df61.jpg,354/979773af-91be-4c01-b297-e48b9e92df61.jpg,354,S-plurality,S-plurality,P2,P2,G2,P2,L2,18,P2,0.7124227
6cc3d3b5-c5e2-4e1f-8010-3c1b635cc7bd.jpg,354/6cc3d3b5-c5e2-4e1f-8010-3c1b635cc7bd.jpg,354,S-majority,S-majority,G2,G2,G2,G2,G3,7,G2,0.9985669
812ab754-0fa3-4f54-9c41-2223762f6ca9.jpg,354/812ab754-0fa3-4f54-9c41-2223762f6ca9.jpg,354,S-plurality,S-plurality,G3,G3,A2,G3,A3,1,A2,0.738406
8b3efbe2-ebdb-46dd-a1ca-ffc344fe0d82.jpg,354/8b3efbe2-ebdb-46dd-a1ca-ffc344fe0d82.jpg,354,S-plurality,S-plurality,OTHERCLASS,G3,OTHERCLASS,A3,OTHERCLASS,7,G2,0.3846966
fbec3eaa-86e9-437f-b31c-3e349bd8f96c.jpg,354/fbec3eaa-86e9-437f-b31c-3e349bd8f96c.jpg,354,S-plurality,S-plurality,A2,A3,A2,L3,A2,1,A2,0.990871
c30d41c0-da18-4089-b829-ed40cf11490f.jpg,354/c30d41c0-da18-4089-b829-ed40cf11490f.jpg,354,S-majority,S-majority,G2,G2,G2,P3,G2,7,G2,0.9918019
0f59ab5e-fd4f-41fe-a058-27403376527b.jpg,354/0f59ab5e-fd4f-41fe-a058-27403376527b.jpg,354,S-dispersed,S-no-majority,,P4,L5,P5,L4,13,L4,0.83283657
91eac409-c937-4ba6-a288-16a4f1b4bca8.jpg,354/91eac409-c937-4ba6-a288-16a4f1b4bca8.jpg,354,S-tied,S-no-majority,,G4,P4,P4,G4,20,P4,0.9685231
29fd9e70-6225-4ffa-9a65-220d85c7c915.jpg,354/29fd9e70-6225-4ffa-9a65-220d85c7c915.jpg,354,S-tied,S-no-majority,,L4,A5,L4,A5,13,L4,0.74958533
c820482d-576a-4a79-bc70-7414c2998618.jpg,354/c820482d-576a-4a79-bc70-7414c2998618.jpg,354,S-majority,S-majority,A4,A5,A4,A4,A4,3,A4,0.6833993
bbb102a1-952f-4616-84b7-c43fbb6e17a4.jpg,354/bbb102a1-952f-4616-84b7-c43fbb6e17a4.jpg,354,S-tied,S-no-majority,,L5,A5,A5,L5,4,A5,0.9654845
eceec97b-b4e2-4064-999c-a69b9bb89bca.jpg,354/eceec97b-b4e2-4064-999c-a69b9bb89bca.jpg,354,S-dispersed,S-no-majority,,P5,OTHERCLASS,L5,A5,22,P6,0.90940183
6d2aaad2-6ea4-4c8e-82f9-9b9910696e53.jpg,354/6d2aaad2-6ea4-4c8e-82f9-9b9910696e53.jpg,354,S-plurality,S-plurality,P5,P5,L4,P5,L5,21,P5,0.8713659
1a106966-db2e-458c-b86a-20d65e45fd72.jpg,354/1a106966-db2e-458c-b86a-20d65e45fd72.jpg,354,S-unanimous,S-unanimous,A6,A6,A6,A6,A6,5,A6,0.99973685
51ac7299-6cf4-421c-a994-3d8899cc9263.jpg,354/51ac7299-6cf4-421c-a994-3d8899cc9263.jpg,354,S-unanimous,S-unanimous,L6,L6,L6,L6,L6,15,L6,0.9934028
2d087f84-3313-4d32-a270-57677ec5eb27.jpg,354/2d087f84-3313-4d32-a270-57677ec5eb27.jpg,354,S-unanimous,S-unanimous,P6,P6,P6,P6,P6,22,P6,0.8093662
bee8bc4b-0fb6-4f04-9849-68ac48c2af3d.jpg,360/bee8bc4b-0fb6-4f04-9849-68ac48c2af3d.jpg,360,S-unanimous,S-unanimous,A1,A1,A1,A1,A1,0,A1,0.999156
58d5be2a-fa16-4c5c-b1d5-ece1a3fb4c56.jpg,360/58d5be2a-fa16-4c5c-b1d5-ece1a3fb4c56.jpg,360,S-majority,S-majority,L1,L1,G1,L1,L1,6,G1,0.37931463
af1dba3a-7afd-49a2-837e-24ca4a7b3047.jpg,360/af1dba3a-7afd-49a2-837e-24ca4a7b3047.jpg,360,S-unanimous,S-unanimous,P1,P1,P1,P1,P1,17,P1,0.9997081
a7cce218-be05-461c-844c-6d4ea25569c5.jpg,360/a7cce218-be05-461c-844c-6d4ea25569c5.jpg,360,S-unanimous,S-unanimous,G1,G1,G1,G1,G1,6,G1,0.59711653
bef596a0-c853-49f0-91a6-060a1741fe31.jpg,360/bef596a0-c853-49f0-91a6-060a1741fe31.jpg,360,S-unanimous,S-unanimous,A2,A2,A2,A2,A2,1,A2,0.9074114
0e55d3d2-9de9-47e3-a4dd-e4ab38d1baec.jpg,360/0e55d3d2-9de9-47e3-a4dd-e4ab38d1baec.jpg,360,S-plurality,S-plurality,G2,L2,G2,G2,A2,1,A2,0.7515046
e51ec40b-df8f-425f-8bc1-a50891e1128a.jpg,360/e51ec40b-df8f-425f-8bc1-a50891e1128a.jpg,360,S-unanimous,S-unanimous,P2,P2,P2,P2,P2,18,P2,0.8963999
d76d62bc-13ee-4d2f-8ae9-cc83cd61ee2b.jpg,360/d76d62bc-13ee-4d2f-8ae9-cc83cd61ee2b.jpg,360,S-majority,S-majority,G2,G2,G3,G2,G2,7,G2,0.99869484
1a41874b-2bb1-4ddc-bf35-e5d53dbe7a6b.jpg,360/1a41874b-2bb1-4ddc-bf35-e5d53dbe7a6b.jpg,360,S-plurality,S-plurality,A3,A3,OTHERCLASS,A6,A3,16,OTHERCLASS,0.76804113
25e1a6c1-fce7-41a6-a352-6c11aec6188f.jpg,360/25e1a6c1-fce7-41a6-a352-6c11aec6188f.jpg,360,S-plurality,S-plurality,L3,L3,P3,L3,L2,11,L2,0.9540042
c6c89084-670f-4fdd-93f8-b4f0dd373943.jpg,360/c6c89084-670f-4fdd-93f8-b4f0dd373943.jpg,360,S-majority,S-majority,OTHERCLASS,P3,OTHERCLASS,OTHERCLASS,OTHERCLASS,16,OTHERCLASS,0.967912
d1c2c94e-534f-4e63-8668-125ebf04296e.jpg,360/d1c2c94e-534f-4e63-8668-125ebf04296e.jpg,360,S-plurality,S-plurality,G3,G3,OTHERCLASS,G3,P3,19,P3,0.6633976
c5b08159-ff1b-412b-9eda-34b38517ab78.jpg,360/c5b08159-ff1b-412b-9eda-34b38517ab78.jpg,360,S-majority,S-majority,G3,G3,G3,P3,G3,8,G3,0.9733893
85e302ad-607a-4a4a-aeeb-75df149e8bd5.jpg,360/85e302ad-607a-4a4a-aeeb-75df149e8bd5.jpg,360,S-tied,S-no-majority,,A4,OTHERCLASS,A4,OTHERCLASS,16,OTHERCLASS,0.57037437
706e04fe-0931-4653-ae4b-9fd5e95488c0.jpg,360/706e04fe-0931-4653-ae4b-9fd5e95488c0.jpg,360,S-majority,S-majority,A4,A4,OTHERCLASS,A4,A4,3,A4,0.93309367
bf19d8ea-c34f-4681-9aa2-76164b5ca101.jpg,360/bf19d8ea-c34f-4681-9aa2-76164b5ca101.jpg,360,S-majority,S-majority,G4,G4,OTHERCLASS,G4,G4,9,G4,0.6852267
acef344d-c095-477c-9425-540b8fe73302.jpg,360/acef344d-c095-477c-9425-540b8fe73302.jpg,360,S-majority,S-majority,P4,P4,P5,P4,P4,21,P5,0.9860036
544bedc0-5f40-4477-a58f-712700486b94.jpg,360/544bedc0-5f40-4477-a58f-712700486b94.jpg,360,S-majority,S-majority,P4,P4,P5,P4,P4,21,P5,0.93791777
62285027-b524-4f56-9b17-600789657f67.jpg,360/62285027-b524-4f56-9b17-600789657f67.jpg,360,S-majority,S-majority,A5,P5,A5,A5,A5,14,L5,0.66369325
b3f49025-0469-477d-8fc6-9f45ad707ee9.jpg,360/b3f49025-0469-477d-8fc6-9f45ad707ee9.jpg,360,S-majority,S-majority,L5,L5,L5,L5,P5,14,L5,0.80209786
10b15445-10ec-4506-840f-0e1163661451.jpg,360/10b15445-10ec-4506-840f-0e1163661451.jpg,360,S-majority,S-majority,P5,A5,P5,P5,P5,21,P5,0.93151104
c672320f-be32-41d0-8c57-0b95299e13bf.jpg,360/c672320f-be32-41d0-8c57-0b95299e13bf.jpg,360,S-unanimous,S-unanimous,A6,A6,A6,A6,A6,5,A6,0.99785966
6230563e-b0b3-40a3-954b-528cf6cd1bd4.jpg,360/6230563e-b0b3-40a3-954b-528cf6cd1bd4.jpg,360,S-plurality,S-plurality,L6,A6,L1,L6,L6,15,L6,0.8335637
939319e4-d731-4231-9849-0da24128d155.jpg,360/939319e4-d731-4231-9849-0da24128d155.jpg,360,S-unanimous,S-unanimous,L6,L6,L6,L6,L6,15,L6,0.9994999
53d5916b-5d39-474c-8747-2cb9c4a32897.jpg,360/53d5916b-5d39-474c-8747-2cb9c4a32897.jpg,360,S-unanimous,S-unanimous,P6,P6,P6,P6,P6,22,P6,0.9999827
29832908-a430-47de-80f8-cef8ed400eff.jpg,367/29832908-a430-47de-80f8-cef8ed400eff.jpg,367,S-tied,S-no-majority,,A1,L1,L1,A1,10,L1,0.99722654
8008512e-cdd2-4a5b-b05a-ad4711610b96.jpg,367/8008512e-cdd2-4a5b-b05a-ad4711610b96.jpg,367,S-tied,S-no-majority,,L1,P1,P1,L1,22,P6,0.6215734
ae26c0f7-9105-4f9b-9385-33fb7a5692f8.jpg,367/ae26c0f7-9105-4f9b-9385-33fb7a5692f8.jpg,367,S-unanimous,S-unanimous,P1,P1,P1,P1,P1,22,P6,0.9801563
154cabb9-c2a1-449f-8416-95249b45e35c.jpg,367/154cabb9-c2a1-449f-8416-95249b45e35c.jpg,367,S-unanimous,S-unanimous,G1,G1,G1,G1,G1,6,G1,0.5072163
8696f1c7-28d9-4e12-a25f-12d4515c83a9.jpg,367/8696f1c7-28d9-4e12-a25f-12d4515c83a9.jpg,367,S-majority,S-majority,A2,A2,A2,A2,G2,1,A2,0.75428367
4573096b-933b-4c45-a423-daa6fa5e5c17.jpg,367/4573096b-933b-4c45-a423-daa6fa5e5c17.jpg,367,S-unanimous,S-unanimous,L2,L2,L2,L2,L2,11,L2,0.931234
3c46e039-c094-467f-9227-393ae0d80959.jpg,367/3c46e039-c094-467f-9227-393ae0d80959.jpg,367,S-unanimous,S-unanimous,P2,P2,P2,P2,P2,18,P2,0.8996333
634785b5-8f74-4a05-a4c0-1e6c85f0a461.jpg,367/634785b5-8f74-4a05-a4c0-1e6c85f0a461.jpg,367,S-plurality,S-plurality,G2,G2,G2,P2,A2,11,L2,0.6599396
8785cb92-c7a9-4ba0-80b8-1a343c40011c.jpg,367/8785cb92-c7a9-4ba0-80b8-1a343c40011c.jpg,367,S-plurality,S-plurality,G3,A3,G3,G2,G3,19,P3,0.94290626
ddbcc6cc-96bb-4e21-a3cf-8ebbe1dccaea.jpg,367/ddbcc6cc-96bb-4e21-a3cf-8ebbe1dccaea.jpg,367,S-unanimous,S-unanimous,L3,L3,L3,L3,L3,12,L3,0.7443438
37ab0618-2694-4b60-88b3-8e35b562e154.jpg,367/37ab0618-2694-4b60-88b3-8e35b562e154.jpg,367,S-plurality,S-plurality,P3,P3,P3,G3,A3,19,P3,0.9465095
c0a41341-5188-487b-b1cf-7f41b472c518.jpg,367/c0a41341-5188-487b-b1cf-7f41b472c518.jpg,367,S-majority,S-majority,P3,G3,P3,P3,P3,19,P3,0.8900814
f732ab52-0e22-47c5-a25d-6eccd4a9985c.jpg,367/f732ab52-0e22-47c5-a25d-6eccd4a9985c.jpg,367,S-tied,S-no-majority,,A4,G4,A4,G4,3,A4,0.9955433
7929a090-b95c-4c66-b77b-2161c27e6b40.jpg,367/7929a090-b95c-4c66-b77b-2161c27e6b40.jpg,367,S-majority,S-majority,A4,L4,A4,A4,A4,13,L4,0.96855295
6185ed42-cdef-4a31-b245-1f8ab58ee177.jpg,367/6185ed42-cdef-4a31-b245-1f8ab58ee177.jpg,367,S-majority,S-majority,P4,P4,P4,L4,P4,20,P4,0.8768238
318af8d7-0640-4f2a-99a0-49bcd1db8743.jpg,367/318af8d7-0640-4f2a-99a0-49bcd1db8743.jpg,367,S-majority,S-majority,G4,G4,OTHERCLASS,G4,G4,9,G4,0.91105646
fe4afa55-2e33-456a-b852-3b72347f5de0.jpg,367/fe4afa55-2e33-456a-b852-3b72347f5de0.jpg,367,S-unanimous,S-unanimous,A5,A5,A5,A5,A5,4,A5,0.79473436
4e38f737-3e29-4256-87dc-bd8a0313df55.jpg,367/4e38f737-3e29-4256-87dc-bd8a0313df55.jpg,367,S-unanimous,S-unanimous,L5,L5,L5,L5,L5,13,L4,0.83713514
2ab0b5a7-4de4-4e7a-a065-a6bd5fce3abf.jpg,367/2ab0b5a7-4de4-4e7a-a065-a6bd5fce3abf.jpg,367,S-unanimous,S-unanimous,P5,P5,P5,P5,P5,21,P5,0.99930406
49be7117-4096-45d0-9f04-39ccb75554f8.jpg,367/49be7117-4096-45d0-9f04-39ccb75554f8.jpg,367,S-unanimous,S-unanimous,A6,A6,A6,A6,A6,5,A6,0.6851845
a0a4ec53-c436-484f-b4e3-7d76075ea99a.jpg,367/a0a4ec53-c436-484f-b4e3-7d76075ea99a.jpg,367,S-unanimous,S-unanimous,L6,L6,L6,L6,L6,15,L6,0.9954984
9536085f-6307-4aa8-be64-d1e1aafce0ca.jpg,367/9536085f-6307-4aa8-be64-d1e1aafce0ca.jpg,367,S-unanimous,S-unanimous,P6,P6,P6,P6,P6,22,P6,0.9999926
d8eb2e59-8af6-4732-bdaa-eeba2fd2407d.jpg,374/d8eb2e59-8af6-4732-bdaa-eeba2fd2407d.jpg,374,S-unanimous,S-unanimous,A1,A1,A1,A1,A1,0,A1,0.9696735
6f6f2990-dd77-4ba8-8636-c5a0bdcf1f47.jpg,374/6f6f2990-dd77-4ba8-8636-c5a0bdcf1f47.jpg,374,S-majority,S-majority,L1,L1,OTHERCLASS,L1,L1,0,A1,0.7339112
d44edfce-ca16-42bd-a602-6813eb3cb5f9.jpg,374/d44edfce-ca16-42bd-a602-6813eb3cb5f9.jpg,374,S-unanimous,S-unanimous,P1,P1,P1,P1,P1,17,P1,0.9999691
605b6d3e-c17f-43d8-ad58-5d6208fb99bb.jpg,374/605b6d3e-c17f-43d8-ad58-5d6208fb99bb.jpg,374,S-unanimous,S-unanimous,G1,G1,G1,G1,G1,6,G1,0.9998357
d8242ede-e92a-43c2-80da-0278c47bea0a.jpg,374/d8242ede-e92a-43c2-80da-0278c47bea0a.jpg,374,S-unanimous,S-unanimous,A2,A2,A2,A2,A2,1,A2,0.9846132
1942330c-49b2-487e-95a1-bdea97b2f9f7.jpg,374/1942330c-49b2-487e-95a1-bdea97b2f9f7.jpg,374,S-unanimous,S-unanimous,L2,L2,L2,L2,L2,1,A2,0.94695014
a84c1e8e-e217-462f-886e-5e8ca2090b8c.jpg,374/a84c1e8e-e217-462f-886e-5e8ca2090b8c.jpg,374,S-unanimous,S-unanimous,P2,P2,P2,P2,P2,18,P2,0.9142561
3fcb6e7a-6e31-4bb6-b6b9-88c029bd2305.jpg,374/3fcb6e7a-6e31-4bb6-b6b9-88c029bd2305.jpg,374,S-unanimous,S-unanimous,G2,G2,G2,G2,G2,7,G2,0.98412687
221a7dee-0495-40d5-a9f9-efe78ceeebc4.jpg,374/221a7dee-0495-40d5-a9f9-efe78ceeebc4.jpg,374,S-unanimous,S-unanimous,A3,A3,A3,A3,A3,2,A3,0.9713453
804bfc85-ac8f-4edc-8d4d-b910f35f077c.jpg,374/804bfc85-ac8f-4edc-8d4d-b910f35f077c.jpg,374,S-unanimous,S-unanimous,L3,L3,L3,L3,L3,2,A3,0.8614654
703abeee-9ae1-44ba-99a7-b143de8f00c7.jpg,374/703abeee-9ae1-44ba-99a7-b143de8f00c7.jpg,374,S-unanimous,S-unanimous,P3,P3,P3,P3,P3,19,P3,0.8750186
2edcf8c4-856e-41e0-a704-96bbb0c8a924.jpg,374/2edcf8c4-856e-41e0-a704-96bbb0c8a924.jpg,374,S-unanimous,S-unanimous,G3,G3,G3,G3,G3,2,A3,0.7843521
47284979-897a-4c70-8cf8-e6168fc16e75.jpg,374/47284979-897a-4c70-8cf8-e6168fc16e75.jpg,374,S-majority,S-majority,A4,A4,A4,A4,A5,4,A5,0.99331325
d9512659-de77-4754-aa76-18551c95af3c.jpg,374/d9512659-de77-4754-aa76-18551c95af3c.jpg,374,S-unanimous,S-unanimous,L4,L4,L4,L4,L4,13,L4,0.6189513
98679f90-70ce-42ff-aba2-cbc7daa6a2b9.jpg,374/98679f90-70ce-42ff-aba2-cbc7daa6a2b9.jpg,374,S-majority,S-majority,A4,A4,A4,A4,A5,3,A4,0.9035721
4c6c63fa-e686-4180-b0a2-5ac375bb15bb.jpg,374/4c6c63fa-e686-4180-b0a2-5ac375bb15bb.jpg,374,S-majority,S-majority,A4,A4,G4,A4,A4,3,A4,0.9752313
a1a9137e-200b-4776-9d4a-f19bda5d6a5f.jpg,374/a1a9137e-200b-4776-9d4a-f19bda5d6a5f.jpg,374,S-unanimous,S-unanimous,A5,A5,A5,A5,A5,4,A5,0.98002803
53da2093-8953-4179-b71b-3dde669ad50e.jpg,374/53da2093-8953-4179-b71b-3dde669ad50e.jpg,374,S-unanimous,S-unanimous,L5,L5,L5,L5,L5,14,L5,0.9825324
7988f314-f43c-4349-ad0a-919a212e642d.jpg,374/7988f314-f43c-4349-ad0a-919a212e642d.jpg,374,S-majority,S-majority,P5,P5,OTHERCLASS,P5,P5,21,P5,0.48590648
ab0f323b-7d2f-44c3-b6a3-a5bd8d520103.jpg,374/ab0f323b-7d2f-44c3-b6a3-a5bd8d520103.jpg,374,S-majority,S-majority,A6,A6,OTHERCLASS,A6,A6,1,A2,0.6802096
a7c7df22-977a-4e59-aee5-8d16ac8b3257.jpg,374/a7c7df22-977a-4e59-aee5-8d16ac8b3257.jpg,374,S-majority,S-majority,L6,L6,A6,L6,L6,11,L2,0.44741744
5a83be16-6b44-4083-9ac7-5aaa57df48ac.jpg,374/5a83be16-6b44-4083-9ac7-5aaa57df48ac.jpg,374,S-majority,S-majority,P6,P6,L6,P6,P6,11,L2,0.5162522
c5db18b8-e6a6-4868-a6c5-f7dc8e2dadbf.jpg,375/c5db18b8-e6a6-4868-a6c5-f7dc8e2dadbf.jpg,375,S-unanimous,S-unanimous,A1,A1,A1,A1,A1,0,A1,0.99812824
c779d3c8-2e52-4c57-b2e9-24be7ba65ac6.jpg,375/c779d3c8-2e52-4c57-b2e9-24be7ba65ac6.jpg,375,S-majority,S-majority,L1,L1,G1,L1,L1,0,A1,0.9437686
7d501e95-4846-468b-bf21-7d4492514129.jpg,375/7d501e95-4846-468b-bf21-7d4492514129.jpg,375,S-unanimous,S-unanimous,P1,P1,P1,P1,P1,17,P1,0.9999796
a5d20183-5652-4ff9-98fb-e61d1267cfba.jpg,375/a5d20183-5652-4ff9-98fb-e61d1267cfba.jpg,375,S-unanimous,S-unanimous,G1,G1,G1,G1,G1,6,G1,0.8732468
9946c290-79f5-468f-b944-36ee500a39cc.jpg,375/9946c290-79f5-468f-b944-36ee500a39cc.jpg,375,S-tied,S-no-majority,,A2,OTHERCLASS,A2,OTHERCLASS,16,OTHERCLASS,0.73049814
ecc2f24d-6304-4013-89b8-9120c9fa0108.jpg,375/ecc2f24d-6304-4013-89b8-9120c9fa0108.jpg,375,S-plurality,S-plurality,L2,L2,OTHERCLASS,L2,A2,16,OTHERCLASS,0.9784572
a5d19727-9dff-4c4b-bb85-09b553cbbfa9.jpg,375/a5d19727-9dff-4c4b-bb85-09b553cbbfa9.jpg,375,S-tied,S-no-majority,,P2,OTHERCLASS,P2,OTHERCLASS,16,OTHERCLASS,0.8780657
c2b8be65-0fb9-4e6f-89a5-8fe1050facd5.jpg,375/c2b8be65-0fb9-4e6f-89a5-8fe1050facd5.jpg,375,S-majority,S-majority,G2,G2,OTHERCLASS,G2,G2,7,G2,0.9523717
7941b4f9-ce3d-4dde-a5a9-8c445a279119.jpg,375/7941b4f9-ce3d-4dde-a5a9-8c445a279119.jpg,375,S-unanimous,S-unanimous,G3,G3,G3,G3,G3,7,G2,0.67387563
05aaff21-05a7-4dec-8bc3-f6af3ef72858.jpg,375/05aaff21-05a7-4dec-8bc3-f6af3ef72858.jpg,375,S-unanimous,S-unanimous,A3,A3,A3,A3,A3,2,A3,0.97983426
7fa2030b-b74e-407b-9606-a7cd1cf37fc1.jpg,375/7fa2030b-b74e-407b-9606-a7cd1cf37fc1.jpg,375,S-unanimous,S-unanimous,L3,L3,L3,L3,L3,12,L3,0.88778794
4ec251c7-530d-4fcf-a5e9-2f7efcf0b168.jpg,375/4ec251c7-530d-4fcf-a5e9-2f7efcf0b168.jpg,375,S-unanimous,S-unanimous,P3,P3,P3,P3,P3,18,P2,0.7396191
8068bae9-5ffd-4bda-9eb5-064d6eb5ef28.jpg,375/8068bae9-5ffd-4bda-9eb5-064d6eb5ef28.jpg,375,S-majority,S-majority,L4,L4,L4,A4,L4,13,L4,0.80988336
4b129915-6ee7-414b-bc88-16b1170b9eb3.jpg,375/4b129915-6ee7-414b-bc88-16b1170b9eb3.jpg,375,S-unanimous,S-unanimous,A4,A4,A4,A4,A4,3,A4,0.9325167
021e4e49-179e-47b1-9ac5-f0c0b6d0162f.jpg,375/021e4e49-179e-47b1-9ac5-f0c0b6d0162f.jpg,375,S-majority,S-majority,G4,G4,G4,G4,A4,9,G4,0.941591
adc9f316-a9af-4c71-8574-8d4cb811e6f9.jpg,375/adc9f316-a9af-4c71-8574-8d4cb811e6f9.jpg,375,S-unanimous,S-unanimous,P4,P4,P4,P4,P4,20,P4,0.9996747
25e269b8-21d7-440f-82c6-a3254e39fe3f.jpg,375/25e269b8-21d7-440f-82c6-a3254e39fe3f.jpg,375,S-majority,S-majority,A5,A5,A5,A5,L6,4,A5,0.6093256
3dcfcdf4-71a1-4a7a-828a-d7d2bd3d4a05.jpg,375/3dcfcdf4-71a1-4a7a-828a-d7d2bd3d4a05.jpg,375,S-plurality,S-plurality,L5,L5,L5,L4,P5,21,P5,0.9995009
2856f1c7-aa08-4f17-a9c0-27b8a6f74935.jpg,375/2856f1c7-aa08-4f17-a9c0-27b8a6f74935.jpg,375,S-majority,S-majority,A5,P5,A5,A5,A5,4,A5,0.934284
a754c8ef-bc65-4764-8064-240fa90c2dde.jpg,375/a754c8ef-bc65-4764-8064-240fa90c2dde.jpg,375,S-unanimous,S-unanimous,A6,A6,A6,A6,A6,5,A6,0.99877304
6bcb7d05-d7b8-4b9d-b5ce-affbb41cf736.jpg,375/6bcb7d05-d7b8-4b9d-b5ce-affbb41cf736.jpg,375,S-majority,S-majority,L6,L6,L6,L6,P6,15,L6,0.8669783
64cd41e7-d83a-46a1-a466-476c9152f821.jpg,375/64cd41e7-d83a-46a1-a466-476c9152f821.jpg,375,S-majority,S-majority,P6,P6,P6,P6,L6,22,P6,0.9935487
70c2ef6b-3d92-4430-b113-172d2f60041a.jpg,378/70c2ef6b-3d92-4430-b113-172d2f60041a.jpg,378,S-unanimous,S-unanimous,A1,A1,A1,A1,A1,0,A1,0.9999559
5325625b-2ad4-49fa-839c-1229c3cc1d45.jpg,378/5325625b-2ad4-49fa-839c-1229c3cc1d45.jpg,378,S-unanimous,S-unanimous,L1,L1,L1,L1,L1,0,A1,0.6423824
dcbc6be6-2233-409e-bc54-18a03b231f76.jpg,378/dcbc6be6-2233-409e-bc54-18a03b231f76.jpg,378,S-unanimous,S-unanimous,P1,P1,P1,P1,P1,17,P1,0.9996662
e8fe3c95-3f7d-4599-9969-c4d033ea3eb9.jpg,378/e8fe3c95-3f7d-4599-9969-c4d033ea3eb9.jpg,378,S-unanimous,S-unanimous,G1,G1,G1,G1,G1,6,G1,0.9999473
859b934e-62b9-46c5-a89e-067d242e2921.jpg,378/859b934e-62b9-46c5-a89e-067d242e2921.jpg,378,S-unanimous,S-unanimous,A2,A2,A2,A2,A2,1,A2,0.9355458
cccb262e-73ea-4c03-a881-72adc835c810.jpg,378/cccb262e-73ea-4c03-a881-72adc835c810.jpg,378,S-unanimous,S-unanimous,L2,L2,L2,L2,L2,11,L2,0.70012957
4baa6517-10f6-4303-935a-bde8c6521289.jpg,378/4baa6517-10f6-4303-935a-bde8c6521289.jpg,378,S-majority,S-majority,P2,P2,G2,P2,P2,7,G2,0.7960926
1b8148ce-1a80-4093-a423-84efd98e2e50.jpg,378/1b8148ce-1a80-4093-a423-84efd98e2e50.jpg,378,S-plurality,S-plurality,A1,G2,OTHERCLASS,A1,A1,6,G1,0.85299104
24e51b5b-aa32-4fbd-8c2a-54e8acc514ad.jpg,378/24e51b5b-aa32-4fbd-8c2a-54e8acc514ad.jpg,378,S-tied,S-no-majority,,A1,A1,L1,L1,0,A1,0.55171955
de6df0bc-d1f0-4503-a096-9159b1f06f3e.jpg,378/de6df0bc-d1f0-4503-a096-9159b1f06f3e.jpg,378,S-unanimous,S-unanimous,P1,P1,P1,P1,P1,17,P1,0.9996221
aeeec84b-891d-47b8-86c5-caf9b2730355.jpg,378/aeeec84b-891d-47b8-86c5-caf9b2730355.jpg,378,S-unanimous,S-unanimous,G1,G1,G1,G1,G1,6,G1,0.9691607
c22a3e48-000a-45c2-b2b8-e49777c131b6.jpg,378/c22a3e48-000a-45c2-b2b8-e49777c131b6.jpg,378,S-unanimous,S-unanimous,G2,G2,G2,G2,G2,1,A2,0.65037
1112c8e4-defd-4afc-bc7e-e8f733c96f6a.jpg,378/1112c8e4-defd-4afc-bc7e-e8f733c96f6a.jpg,378,S-plurality,S-plurality,G3,G3,G3,A3,L3,2,A3,0.86532754
6bb86689-d297-4a6b-97f1-eacba2f00690.jpg,378/6bb86689-d297-4a6b-97f1-eacba2f00690.jpg,378,S-plurality,S-plurality,L3,P3,L3,L3,A3,12,L3,0.9992118
e6c7d96b-0b24-4081-a446-5807d9979d62.jpg,378/e6c7d96b-0b24-4081-a446-5807d9979d62.jpg,378,S-majority,S-majority,P3,P3,G3,P3,P3,19,P3,0.9521569
41670257-0f3f-4ff3-9556-46ccb347fd7d.jpg,378/41670257-0f3f-4ff3-9556-46ccb347fd7d.jpg,378,S-unanimous,S-unanimous,G3,G3,G3,G3,G3,2,A3,0.6479768
31125d75-1728-4c83-a0a0-3fd813621457.jpg,378/31125d75-1728-4c83-a0a0-3fd813621457.jpg,378,S-majority,S-majority,A4,A4,G4,A4,A4,3,A4,0.82533383
1c7dbce5-67bf-4fcf-8a19-79d966ca1b0e.jpg,378/1c7dbce5-67bf-4fcf-8a19-79d966ca1b0e.jpg,378,S-tied,S-no-majority,,A4,L4,A4,L4,3,A4,0.94486886
a6d235b9-7c66-4f3f-b116-f93ba6dbfe7c.jpg,378/a6d235b9-7c66-4f3f-b116-f93ba6dbfe7c.jpg,378,S-unanimous,S-unanimous,P4,P4,P4,P4,P4,20,P4,0.94125813
e07eb3a4-ad73-4378-b58c-22d17e07dd9a.jpg,378/e07eb3a4-ad73-4378-b58c-22d17e07dd9a.jpg,378,S-majority,S-majority,A5,A5,A5,A5,L5,4,A5,0.71008855
6d9c0e6c-b144-4029-8c50-7571e65285b1.jpg,378/6d9c0e6c-b144-4029-8c50-7571e65285b1.jpg,378,S-unanimous,S-unanimous,L5,L5,L5,L5,L5,14,L5,0.9971892
202ce631-2f33-4b16-8f61-fde3833da262.jpg,378/202ce631-2f33-4b16-8f61-fde3833da262.jpg,378,S-majority,S-majority,L5,P5,L5,L5,L5,14,L5,0.9995902
05a5e28b-74b8-429c-8193-b51a3f485083.jpg,378/05a5e28b-74b8-429c-8193-b51a3f485083.jpg,378,S-unanimous,S-unanimous,A6,A6,A6,A6,A6,5,A6,0.9994537
506a51ac-87f7-4c73-a727-9c0a39770be1.jpg,378/506a51ac-87f7-4c73-a727-9c0a39770be1.jpg,378,S-unanimous,S-unanimous,L6,L6,L6,L6,L6,15,L6,0.97040355
30c7dc84-3c0a-4696-8d55-4345b419fc41.jpg,378/30c7dc84-3c0a-4696-8d55-4345b419fc41.jpg,378,S-unanimous,S-unanimous,P6,P6,P6,P6,P6,15,L6,0.7630489
ae4fe8ac-14f8-40e6-9975-f070574e84c2.jpg,378/ae4fe8ac-14f8-40e6-9975-f070574e84c2.jpg,378,S-majority,S-majority,G3,G3,OTHERCLASS,G3,G3,8,G3,0.99357504
175a6d2f-5a08-450c-a987-14e5c16d7a0f.jpg,381/175a6d2f-5a08-450c-a987-14e5c16d7a0f.jpg,381,S-majority,S-majority,L1,L1,L1,L1,A1,6,G1,0.3878521
d0993ef1-1098-4fcc-b6a2-e0fac7040f6a.jpg,381/d0993ef1-1098-4fcc-b6a2-e0fac7040f6a.jpg,381,S-majority,S-majority,P1,P1,P1,P1,L1,17,P1,0.9996681
e1af4789-c2ad-48d4-80e2-b15a171cd758.jpg,381/e1af4789-c2ad-48d4-80e2-b15a171cd758.jpg,381,S-unanimous,S-unanimous,P1,P1,P1,P1,P1,17,P1,0.99934
54e2ee67-5221-4b70-a084-2d1f137807b2.jpg,381/54e2ee67-5221-4b70-a084-2d1f137807b2.jpg,381,S-unanimous,S-unanimous,G1,G1,G1,G1,G1,17,P1,0.6872595
d4487700-acf9-4f44-b637-e70b5afa952b.jpg,381/d4487700-acf9-4f44-b637-e70b5afa952b.jpg,381,S-unanimous,S-unanimous,A2,A2,A2,A2,A2,1,A2,0.68778574
e9809e7c-88bd-4855-a71d-6fa53c97342b.jpg,381/e9809e7c-88bd-4855-a71d-6fa53c97342b.jpg,381,S-unanimous,S-unanimous,L2,L2,L2,L2,L2,11,L2,0.9455073
1633fcf0-7324-438e-9bb7-f4828748ef13.jpg,381/1633fcf0-7324-438e-9bb7-f4828748ef13.jpg,381,S-majority,S-majority,P2,P2,P2,L2,P2,18,P2,0.995883
b3c2a35b-fcf0-49e0-8e60-59c3849915da.jpg,381/b3c2a35b-fcf0-49e0-8e60-59c3849915da.jpg,381,S-tied,S-no-majority,,P2,G2,P2,G2,18,P2,0.9685921
82cc1fe9-53be-44a3-99cf-c8fd56bc4b64.jpg,381/82cc1fe9-53be-44a3-99cf-c8fd56bc4b64.jpg,381,S-unanimous,S-unanimous,G3,G3,G3,G3,G3,12,L3,0.52359164
2a142a57-8bea-4246-bf36-cdbeae8fb882.jpg,381/2a142a57-8bea-4246-bf36-cdbeae8fb882.jpg,381,S-unanimous,S-unanimous,A3,A3,A3,A3,A3,2,A3,0.9770756
e847a56a-8465-4a23-91d8-2cd727708396.jpg,381/e847a56a-8465-4a23-91d8-2cd727708396.jpg,381,S-unanimous,S-unanimous,L3,L3,L3,L3,L3,12,L3,0.8887855
100c5a98-11e8-4f9a-98b1-9d0c97caaa64.jpg,381/100c5a98-11e8-4f9a-98b1-9d0c97caaa64.jpg,381,S-unanimous,S-unanimous,P3,P3,P3,P3,P3,19,P3,0.6838922
def1b3f7-c29f-4b1d-8f49-3ef5a2aaf48e.jpg,381/def1b3f7-c29f-4b1d-8f49-3ef5a2aaf48e.jpg,381,S-unanimous,S-unanimous,G4,G4,G4,G4,G4,9,G4,0.9691253
e458fbe7-7b7a-458c-9e4f-744f066a9ac6.jpg,381/e458fbe7-7b7a-458c-9e4f-744f066a9ac6.jpg,381,S-unanimous,S-unanimous,A4,A4,A4,A4,A4,3,A4,0.99379444
7e7fc0cf-4685-4f04-9177-a9266e0a8e85.jpg,381/7e7fc0cf-4685-4f04-9177-a9266e0a8e85.jpg,381,S-unanimous,S-unanimous,L4,L4,L4,L4,L4,13,L4,0.98094887
b51477d7-3520-4940-ab03-2bffac5bab23.jpg,381/b51477d7-3520-4940-ab03-2bffac5bab23.jpg,381,S-unanimous,S-unanimous,P4,P4,P4,P4,P4,20,P4,0.98539215
47e17dc3-f5f5-4956-b894-2df16a33af77.jpg,381/47e17dc3-f5f5-4956-b894-2df16a33af77.jpg,381,S-unanimous,S-unanimous,A5,A5,A5,A5,A5,3,A4,0.63611853
4be962e2-535f-4613-a47a-85a9fec49745.jpg,381/4be962e2-535f-4613-a47a-85a9fec49745.jpg,381,S-unanimous,S-unanimous,L5,L5,L5,L5,L5,13,L4,0.6066712
d58555fc-c855-4493-affe-2dd52630d2ec.jpg,381/d58555fc-c855-4493-affe-2dd52630d2ec.jpg,381,S-unanimous,S-unanimous,P5,P5,P5,P5,P5,20,P4,0.99488527
8d850153-f55f-493b-8dcb-a336fac6aa32.jpg,381/8d850153-f55f-493b-8dcb-a336fac6aa32.jpg,381,S-unanimous,S-unanimous,A6,A6,A6,A6,A6,15,L6,0.9592553
b33ab751-e569-4c8f-aaf5-69354266ca92.jpg,381/b33ab751-e569-4c8f-aaf5-69354266ca92.jpg,381,S-unanimous,S-unanimous,L6,L6,L6,L6,L6,15,L6,0.71012056
9bdca677-7d71-4e58-8d53-f2a9606141c3.jpg,381/9bdca677-7d71-4e58-8d53-f2a9606141c3.jpg,381,S-unanimous,S-unanimous,P6,P6,P6,P6,P6,22,P6,0.9964759
fabacccf-7c0d-4800-afad-3ebe6842b0c3.jpg,383/fabacccf-7c0d-4800-afad-3ebe6842b0c3.jpg,383,S-unanimous,S-unanimous,OTHERCLASS,OTHERCLASS,OTHERCLASS,OTHERCLASS,OTHERCLASS,16,OTHERCLASS,0.99978703
f53d1381-b64f-4efb-a688-ca76a9cbdb70.jpg,383/f53d1381-b64f-4efb-a688-ca76a9cbdb70.jpg,383,S-unanimous,S-unanimous,G1,G1,G1,G1,G1,6,G1,0.6629037
3458e800-6b4d-4108-8abc-bae1bb286340.jpg,383/3458e800-6b4d-4108-8abc-bae1bb286340.jpg,383,S-unanimous,S-unanimous,A1,A1,A1,A1,A1,0,A1,0.9890618
f4e034a6-d25c-4675-afc5-d01e3029e04e.jpg,383/f4e034a6-d25c-4675-afc5-d01e3029e04e.jpg,383,S-unanimous,S-unanimous,L1,L1,L1,L1,L1,10,L1,0.942683
bb8074f2-f1bb-4111-8de5-0a9eefd4fd5e.jpg,383/bb8074f2-f1bb-4111-8de5-0a9eefd4fd5e.jpg,383,S-unanimous,S-unanimous,P1,P1,P1,P1,P1,17,P1,0.5148891
8770c9db-5e65-4be6-af03-31e5473c1e16.jpg,383/8770c9db-5e65-4be6-af03-31e5473c1e16.jpg,383,S-unanimous,S-unanimous,G2,G2,G2,G2,G2,7,G2,0.95778644
be39a427-a620-4980-8493-72b3cc2d341a.jpg,383/be39a427-a620-4980-8493-72b3cc2d341a.jpg,383,S-unanimous,S-unanimous,A2,A2,A2,A2,A2,1,A2,0.9828164
def51b15-aee1-469d-b69e-6c2aba422715.jpg,383/def51b15-aee1-469d-b69e-6c2aba422715.jpg,383,S-unanimous,S-unanimous,L2,L2,L2,L2,L2,11,L2,0.9997267
9384e990-5290-46a5-ab38-80b19a412c0a.jpg,383/9384e990-5290-46a5-ab38-80b19a412c0a.jpg,383,S-unanimous,S-unanimous,P2,P2,P2,P2,P2,19,P3,0.9084895
30f4de64-683c-4d0b-bbd9-de1a698e8079.jpg,383/30f4de64-683c-4d0b-bbd9-de1a698e8079.jpg,383,S-unanimous,S-unanimous,G3,G3,G3,G3,G3,8,G3,0.87901556
91a0d6f0-3597-47f9-8f8e-6cde6380db30.jpg,383/91a0d6f0-3597-47f9-8f8e-6cde6380db30.jpg,383,S-unanimous,S-unanimous,A3,A3,A3,A3,A3,2,A3,0.99779546
a27548a5-439b-43fe-8c47-278b4535ff3d.jpg,383/a27548a5-439b-43fe-8c47-278b4535ff3d.jpg,383,S-unanimous,S-unanimous,L3,L3,L3,L3,L3,12,L3,0.9992617
f01c305e-9c2f-4ce3-ae02-42b2546444ed.jpg,383/f01c305e-9c2f-4ce3-ae02-42b2546444ed.jpg,383,S-unanimous,S-unanimous,P3,P3,P3,P3,P3,19,P3,0.87376034
f44ffdee-af4b-40d0-85e7-08db516ae5a2.jpg,383/f44ffdee-af4b-40d0-85e7-08db516ae5a2.jpg,383,S-unanimous,S-unanimous,G4,G4,G4,G4,G4,9,G4,0.9950206
3d8e05ae-62eb-4411-b48a-8d3d1e308d82.jpg,383/3d8e05ae-62eb-4411-b48a-8d3d1e308d82.jpg,383,S-unanimous,S-unanimous,P4,P4,P4,P4,P4,20,P4,0.994747
8e7bcf70-a2c6-4799-9b2b-a7120261d416.jpg,383/8e7bcf70-a2c6-4799-9b2b-a7120261d416.jpg,383,S-unanimous,S-unanimous,A4,A4,A4,A4,A4,3,A4,0.9836517
bc18516e-8df8-4dcb-8845-06e9c29735c7.jpg,383/bc18516e-8df8-4dcb-8845-06e9c29735c7.jpg,383,S-unanimous,S-unanimous,L4,L4,L4,L4,L4,13,L4,0.979733
ad8496bc-22b2-4032-b8e5-63804b90dd35.jpg,383/ad8496bc-22b2-4032-b8e5-63804b90dd35.jpg,383,S-unanimous,S-unanimous,A5,A5,A5,A5,A5,4,A5,0.93615437
b7276f5f-48f7-4438-95b2-22bd4b1b8d12.jpg,383/b7276f5f-48f7-4438-95b2-22bd4b1b8d12.jpg,383,S-tied,S-no-majority,,L5,L5,P5,P5,14,L5,0.83571357
75bd6b91-a4a0-4fdb-b2e3-ee3f8b6c7983.jpg,383/75bd6b91-a4a0-4fdb-b2e3-ee3f8b6c7983.jpg,383,S-majority,S-majority,L5,P5,L5,L5,L5,14,L5,0.90109164
1ebd9689-4493-4545-94fe-759f9c7fd5fb.jpg,383/1ebd9689-4493-4545-94fe-759f9c7fd5fb.jpg,383,S-unanimous,S-unanimous,A6,A6,A6,A6,A6,5,A6,0.82458085
7e57592d-cf5f-48fd-b7c2-974343d10aeb.jpg,383/7e57592d-cf5f-48fd-b7c2-974343d10aeb.jpg,383,S-unanimous,S-unanimous,L6,L6,L6,L6,L6,22,P6,0.893475
8db7bdfc-2a47-49d5-895d-a4441d566186.jpg,383/8db7bdfc-2a47-49d5-895d-a4441d566186.jpg,383,S-majority,S-majority,P6,P6,OTHERCLASS,P6,P6,22,P6,0.3037098
67f6e9c8-bf89-469d-8d86-daf289cfa5a9.jpg,385/67f6e9c8-bf89-469d-8d86-daf289cfa5a9.jpg,385,S-majority,S-majority,G1,G1,G1,G1,A1,6,G1,0.9872656
a4fe2da4-6737-4ed3-ab40-fa42940f8972.jpg,385/a4fe2da4-6737-4ed3-ab40-fa42940f8972.jpg,385,S-plurality,S-plurality,L1,P1,OTHERCLASS,L1,L1,16,OTHERCLASS,0.34152254
1a231dee-5ede-4a58-bab0-bf7792f4fc3b.jpg,385/1a231dee-5ede-4a58-bab0-bf7792f4fc3b.jpg,385,S-majority,S-majority,P1,G1,P1,P1,P1,17,P1,0.9309124
8a7f65e4-b804-4f38-92c5-54e8eebecdc9.jpg,385/8a7f65e4-b804-4f38-92c5-54e8eebecdc9.jpg,385,S-plurality,S-plurality,G2,G2,G1,G2,P2,6,G1,0.6662327
56949683-6db7-4bdb-b87b-738ace0020d2.jpg,385/56949683-6db7-4bdb-b87b-738ace0020d2.jpg,385,S-unanimous,S-unanimous,A2,A2,A2,A2,A2,1,A2,0.41875553
0cd37b9f-f299-470c-b017-865e7f7ea67f.jpg,385/0cd37b9f-f299-470c-b017-865e7f7ea67f.jpg,385,S-majority,S-majority,L2,L2,OTHERCLASS,L2,L2,11,L2,0.71879256
ca75dfa5-d471-4dca-9d7a-720e6bb62001.jpg,385/ca75dfa5-d471-4dca-9d7a-720e6bb62001.jpg,385,S-unanimous,S-unanimous,G2,G2,G2,G2,G2,7,G2,0.9301429
bcec8e03-6ccc-4a3b-85c0-1cc51969cd7e.jpg,385/bcec8e03-6ccc-4a3b-85c0-1cc51969cd7e.jpg,385,S-plurality,S-plurality,G2,G2,OTHERCLASS,G2,G1,7,G2,0.49466544
064e1b66-d258-476e-8671-c7dca79610b6.jpg,385/064e1b66-d258-476e-8671-c7dca79610b6.jpg,385,S-plurality,S-plurality,A3,A3,G3,P2,A3,19,P3,0.8657918
6a3364a6-2f20-4441-a7c2-d3c82e8e80f3.jpg,385/6a3364a6-2f20-4441-a7c2-d3c82e8e80f3.jpg,385,S-unanimous,S-unanimous,L3,L3,L3,L3,L3,12,L3,0.94050515
8e2c2544-8bef-48f8-bf51-6d7a521a5fd5.jpg,385/8e2c2544-8bef-48f8-bf51-6d7a521a5fd5.jpg,385,S-unanimous,S-unanimous,P3,P3,P3,P3,P3,19,P3,0.99494725
42c66262-013f-4462-a2a9-8fd72283f29f.jpg,385/42c66262-013f-4462-a2a9-8fd72283f29f.jpg,385,S-majority,S-majority,G3,G3,A3,G3,G3,8,G3,0.4305482
eb4de452-862b-4c72-90a3-90eb2ef66777.jpg,385/eb4de452-862b-4c72-90a3-90eb2ef66777.jpg,385,S-unanimous,S-unanimous,G4,G4,G4,G4,G4,9,G4,0.6460648
cf4d966f-ce95-45dd-bb18-d93429e98b43.jpg,385/cf4d966f-ce95-45dd-bb18-d93429e98b43.jpg,385,S-unanimous,S-unanimous,P4,P4,P4,P4,P4,20,P4,0.98457366
c4a13bd6-e10b-476a-8a3f-906f68b66ad6.jpg,385/c4a13bd6-e10b-476a-8a3f-906f68b66ad6.jpg,385,S-unanimous,S-unanimous,L4,L4,L4,L4,L4,13,L4,0.91727114
edec1b0b-738e-453f-8bdc-62f1f919ac7b.jpg,385/edec1b0b-738e-453f-8bdc-62f1f919ac7b.jpg,385,S-unanimous,S-unanimous,A4,A4,A4,A4,A4,3,A4,0.8169214
52b27435-6eb6-4977-9af1-afdc0c7a8c3c.jpg,385/52b27435-6eb6-4977-9af1-afdc0c7a8c3c.jpg,385,S-unanimous,S-unanimous,A4,A4,A4,A4,A4,9,G4,0.77048063
eea0fac6-c8be-4af2-8b52-bc2e256026e4.jpg,385/eea0fac6-c8be-4af2-8b52-bc2e256026e4.jpg,385,S-majority,S-majority,A5,A5,L5,A5,A5,13,L4,0.8594466
fc999c98-29f5-4c27-99e9-e00b93cec08b.jpg,385/fc999c98-29f5-4c27-99e9-e00b93cec08b.jpg,385,S-majority,S-majority,L5,L5,P5,L5,L5,21,P5,0.45990252
deb0c332-8869-47fb-b265-51ab0f877e06.jpg,385/deb0c332-8869-47fb-b265-51ab0f877e06.jpg,385,S-unanimous,S-unanimous,P5,P5,P5,P5,P5,21,P5,0.9932944
edfdfce8-e393-477a-bf5a-b0e6d0548688.jpg,385/edfdfce8-e393-477a-bf5a-b0e6d0548688.jpg,385,S-majority,S-majority,A6,A6,A5,A6,A6,14,L5,0.8610734
0bbda5cb-70a4-4f60-b651-89a84dfbd8e2.jpg,385/0bbda5cb-70a4-4f60-b651-89a84dfbd8e2.jpg,385,S-majority,S-majority,L6,L6,L5,L6,L6,14,L5,0.702692
0812652d-cf8c-44b5-b2f0-5905f8df5269.jpg,385/0812652d-cf8c-44b5-b2f0-5905f8df5269.jpg,385,S-majority,S-majority,P6,P6,A6,P6,P6,14,L5,0.40336376
